Household_ID;era;era_raw;tier;area_m2;E_as_built;E_as_built_lo;E_as_built_hi;E_reference;E_reference_lo;E_reference_hi;deficiency;deficiency_lo;deficiency_hi;term_envelope;term_envelope_lo;term_envelope_hi;term_emitter;term_emitter_lo;term_emitter_hi;term_dhw;term_dhw_lo;term_dhw_hi;H_as_built;H_as_built_lo;H_as_built_hi;design_kw;design_kw_lo;design_kw_hi;huellzahl;huellzahl_lo;huellzahl_hi;band_abs;band_rel;decisive;def_pct_of_ref
120701;1976_1990;1986 - 90;T1;236.0;4185.865448886273;3870.7920693105384;5090.53895013397;2454.405490561976;2341.2857284607685;2818.230877723232;1731.459958324297;1424.4862132035253;2453.131458604309;1731.459958324297;1428.737667812116;2440.8634120521083;0.0;-108.54193019702258;98.48636198398961;0.0;0.0;0.0;473.6871112047528;427.3694535184842;598.1722490498533;14.210613336142584;12.821083605554525;17.9451674714956;1.8990609703641566;1.7797200900239156;2.4198114823745533;1028.6452454007838;0.5940912698878144;True;70.54498390678923
412211;1991_2000;1991 - 95;T1;300.0;8516.782862251315;8056.581580460771;9554.308673795542;5972.049725363402;5620.641843319861;6592.326227184786;2544.733136887913;1932.1442337871138;3381.151044693228;2544.7331368879136;2040.1069731002065;3296.052183207202;0.0;-239.66783629319903;244.95069520058544;0.0;0.0;0.0;407.07000000000005;385.9423243966412;456.2139888908531;12.212100000000003;11.578269731899235;13.686419666725593;1.58;1.5025680525874479;1.8149049372425856;1449.0068109061142;0.5694140536395027;True;42.61071581638689
706646;2001_2010;2000 - 10;T1;160.0;5941.106989936106;5501.247695399359;6537.373075676847;3429.2696495844903;3196.6014885555032;3847.7710180668755;2511.837340351616;2075.0613628906376;2952.6328374409513;589.0808186124866;299.2508534905212;904.1142983723702;0.0;-87.92729415235105;85.7945298447913;1922.7565217391304;1628.2668053769642;2189.1605441777124;267.664;245.2344694267508;311.3913640590618;8.02992;7.357034082802524;9.341740921771857;2.9625;2.850491055660569;3.4009166172386336;877.5714745503137;0.34937432470347307;True;73.24700583565847
1078861;pre1975;< 1975;T2;160.0;1293.8777583523934;1178.6912012390871;1551.150888965541;896.7143886029412;799.711420805017;1023.6716825415303;397.16336974945216;317.76644844927085;615.1480636578584;357.86520738132566;295.1609037294832;543.8968651196019;39.29816236812659;13.38801834383011;81.99989593184804;0.0;0.0;0.0;402.79154780300235;363.5550358374053;539.850802103815;12.08374643409007;10.90665107512216;16.19552406311445;1.5033682768657517;1.3992988106397473;2.0418800143712175;297.38161520858756;0.7487639542291847;True;44.290955380812264
190821;post2010;> 2010;T1;155.0;2723.7385705128695;2489.21201296796;3109.5812016967166;2799.6443643940584;2600.914370873092;3156.2328991359113;-75.90579388118886;-262.9535362548765;103.86336881922666;-75.90579388118891;-244.3631146186828;78.31841475369146;0.0;-75.74059519994591;78.49572049675831;0.0;0.0;0.0;152.68132607563427;140.00098467433875;178.7827813370135;4.580439782269028;4.200029540230163;5.363483440110405;2.0714200557966205;1.971026895114042;2.5466685602267085;366.81690507410315;4.832528405516203;False;-2.711265575248074
105898;1976_1990;1981 - 85;T2;160.0;3526.157446005917;2995.1355521115397;4357.950961742903;2260.9052143380322;2124.792111061097;2509.860754163123;1265.2522316678846;691.109243036231;1994.555240871568;1265.252231667885;681.874248178806;1993.851219237529;0.0;-73.4565956148357;69.96372159717421;0.0;0.0;0.0;297.30139127918727;243.38310143386025;383.8142650329958;8.919041738375618;7.301493043015808;11.514427950989875;1.9574767078498865;1.8795486800338301;2.2824625738331505;1303.445997835337;1.0301866815260263;True;55.96219707239413
1178890;2001_2010;2000 - 10;T1;210.0;3033.6601327092176;2850.1796994056126;3627.3627970845077;2491.737928389218;2353.312517945789;2900.789245227894;541.9222043199998;301.96788486585706;902.3630902452525;541.9222043200002;322.4087963626016;873.2996125181559;0.0;-96.03124573602295;103.74312641320472;0.0;0.0;0.0;270.459;254.03024608285526;329.1097223214058;8.11377;7.620907382485657;9.873291669642175;2.0;1.9067194800326583;2.5936222332133076;600.3952053793954;1.1078992530537979;True;21.74876411141379
731201;1976_1990;1976 - 80;T2;255.0;7798.305147168591;5914.8685752448755;10754.689609119918;4654.667340318036;4423.17247425555;5331.739003324991;3143.6378068505555;1213.6038839361922;5787.990583539525;2686.1688092218615;777.2151406520425;5342.175990527958;457.46899762869475;287.06485243885294;685.5986449923031;0.0;0.0;0.0;421.7708631579936;304.54975708175414;611.590243249364;12.653125894739807;9.136492712452622;18.34770729748092;1.865765415893293;1.7787663180314695;2.4157061825956894;4574.386699603332;1.455125234095008;True;67.53732494738846
1228011;2001_2010;2000 - 10;T1;120.0;3834.6365363472546;3541.884586975563;4222.0260714787255;2124.679370539161;1965.2084432333886;2371.6779162704233;1709.9571658080936;1463.01675356349;1985.7199062678542;267.88977450374597;132.55439693241763;423.48786208411536;0.0;-45.20282312961306;46.292012195903226;1442.0673913043477;1239.0303908408155;1639.9199556053406;161.47315222246417;149.2784314158233;186.7658286468126;4.844194566673925;4.478352942474698;5.6029748594043784;2.1442740046346698;2.06299669639051;2.499372058071597;522.7031527043641;0.305682015407295;True;80.48071579732866
114117;1991_2000;1991 - 95;T1;260.0;4663.095016824655;4451.172857837014;5137.743552664689;2683.6738430424557;2545.014897410046;2938.804581740832;1979.4211737821997;1730.433015663966;2368.288418860799;1018.0429129126345;810.2489708666674;1333.014321553802;0.0;-93.35705096621152;83.28382393226566;961.3782608695652;829.8839256531562;1101.0054371989675;387.55400000000003;367.6802330384667;440.0657143128349;11.62662;11.030406991154;13.201971429385047;1.823076923076923;1.7550882865783428;2.0841190865650097;637.8554031968331;0.3222433970320951;True;73.75788898170086
758039;1976_1990;1986 - 90;T1;150.0;8387.279728119347;7672.120421124111;9670.375810380541;3889.6449185404763;3658.7115419034103;4337.663075610678;4497.634809578871;3772.1589795933405;5663.214221376057;3536.2565487093057;2849.953525864603;4620.731420077075;0.0;-144.88131003323696;148.94335884902972;961.3782608695652;823.4689853040869;1101.6013137192604;360.1587208358984;327.6592339435886;423.08064042327237;10.804761625076951;9.82977701830766;12.692419212698171;2.3914476736324866;2.2950715748161103;2.7554821214271907;1891.0552417827166;0.42045548868379173;True;115.63098698650705
8627071;2001_2010;2000 - 10;T2;250.0;5002.49872598392;4571.463901470022;5748.938244943303;2842.1903563823257;2668.9107829237437;3151.041393202032;2160.308369601594;1741.6071936447374;2789.8837767755444;494.63997859574016;268.98348662035295;797.2243544409524;223.60099970150605;-36.047707833225196;604.3601040134803;1442.0673913043477;1247.5659022568186;1641.4940157731842;317.7929568882333;298.8789499441849;367.6284075621315;9.533788706646998;8.966368498325547;11.028852226863945;1.958179568882333;1.895195066239956;2.300026619006189;1048.276583130807;0.48524395770596906;True;76.00857432896707
867211;1991_2000;1991 - 95;T2;245.0;4857.798124197809;4423.502765672228;6056.006933454706;2508.7184871412082;2359.5572619955033;2896.847616277103;2349.0796370566004;1900.644903982879;3319.080961226735;1159.4179248308067;917.3362279502849;1783.773428020364;228.28345135622862;-62.58269901735683;659.6894647729895;961.3782608695652;832.06520917974;1096.6947509660433;425.16011340165096;396.4590870910287;525.9549210202657;12.754803402049529;11.89377261273086;15.77864763060797;2.2680861847988942;2.132563722247429;2.900559974614361;1418.4360572438559;0.6038262964218437;True;93.63663755407953
1114677;post2010;> 2010;T1;220.0;6226.861648375767;5824.165146545117;6892.538067893295;5011.31631005984;4750.635772504155;5575.845146583115;1215.5453383159265;636.2354770391426;1749.7084711326386;-226.52205298842114;-712.6389421666718;193.08979046612035;0.0;-196.20411491124096;153.71495106244993;1442.0673913043477;1256.4150188776634;1644.6046319331274;219.07591519117682;203.88335255238434;251.0703060559977;6.572277455735304;6.11650057657153;7.53210918167993;2.1162483937722882;2.042038652122437;2.5029961645817598;1113.472994093496;0.9160275301916371;True;24.256009062445543
611797;1976_1990;1976 - 80;T2;275.0;5381.368447141358;4434.867126662998;6880.494715664011;3032.6904813097003;2874.3531498363377;3448.531104653234;2348.6779658316577;1343.8468261322803;3699.2006544209353;1387.2997049620935;398.27726528778476;2704.3526734851853;0.0;-105.06801168122139;109.20087907860133;961.3782608695652;835.3147431330916;1103.4137659103535;396.6725;299.2439022152135;556.5653413784671;11.900175;8.977317066456404;16.696960241354013;1.5272727272727273;1.4313597049420832;1.9492915772324049;2355.3538282886548;1.0028423915726705;True;77.44535686402641
1137376;1976_1990;1981 - 85;T1;200.0;7373.949259536372;6867.546276931009;8652.491770976005;3361.8845411256248;3151.666545083876;3908.2925545969592;4012.064718410747;3571.0812627652585;4929.510855316111;1608.6190662368333;1325.3145234285796;2465.556119024908;0.0;-92.1564820551635;91.78908859553977;2403.445652173913;2070.7446281537686;2725.6149377481647;436.30693533234995;393.6968814091627;586.3309487420427;13.089208059970499;11.810906442274879;17.58992846226128;2.117043345827187;1.9968524957911846;2.8557680463760153;1358.4295925508522;0.3385861614637541;True;119.33975332381371
779742;pre1975;< 1975;T3;650.0;23664.2961931631;17875.606643497234;34751.849116549325;9863.183439264132;9453.540510540857;10907.594336644524;13801.112753898968;7967.617100469971;24415.42261224417;11982.398415822066;6728.767338367227;20992.79541193806;1818.7143380769028;494.23472868739725;3581.745131466292;0.0;0.0;0.0;1281.7244915251222;972.7765919157359;1780.5734495454583;38.45173474575367;29.18329775747208;53.417203486363746;1.3490762119232476;1.3127593505086648;1.6216661150947764;16447.805511774197;1.1917738667215445;True;139.92554066224113
700831;1976_1990;1976 - 80;T2;450.0;9878.787150620154;8645.07995286063;12549.992130287243;4376.135916194938;4118.798856076255;4882.819837314809;5502.651234425216;4256.172894488268;8109.270550965685;4072.0324345795857;3233.055945786818;6004.184623752913;469.2405389760646;-76.8457114155532;1278.740417840473;961.3782608695652;830.6291787691844;1090.9369543134069;878.853379547902;806.0606421339614;1059.5668860908152;26.36560138643706;24.18181926401884;31.787006582724455;1.831384387633061;1.7642434448939246;2.1934193809582334;3853.0976564774173;0.700225671649331;True;125.74223789671017
1191127;2001_2010;2000 - 10;T1;220.0;2732.5410170101386;2590.7264486675767;3141.2062411224515;2422.175188676286;2271.3903679637638;2764.088456862858;310.36582833385273;160.2154786489472;530.868380600627;310.3658283338527;174.96761191515563;503.93688266640584;0.0;-74.00648282747579;80.00735300621162;0.0;0.0;0.0;257.9090801387632;241.057801239304;310.63149671926834;7.737272404162896;7.23173403717912;9.318944901578051;1.7110350015768543;1.6355495354917406;2.1791588949044223;370.65290195167984;1.1942452039306912;True;12.813516948931637
121798;1976_1990;1981 - 85;T2;207.0;4196.924434093158;3771.3780778545924;5070.100480454413;2036.405362897864;1928.6144918808845;2268.053518241671;2160.519071195294;1743.3981053602658;2927.614508236593;1031.800987904125;802.1739798821616;1573.618531299873;167.33982242160363;-44.17490020123922;447.79836997877067;961.3782608695652;838.0406908096988;1089.7810145724463;267.7438609286585;248.99111193668836;327.49552078980196;8.032315827859755;7.46973335810065;9.824865623694057;1.0069357544001116;0.9540110464516742;1.2842813633075971;1184.216402876327;0.5481166163560716;True;106.09474471825258
114671;pre1975;< 1975;T3;260.0;5504.718976138488;4338.56864877688;7417.560264873569;2770.6991071834827;2590.9281286092164;3062.6116041389487;2734.019868955005;1516.1369725570466;4569.400962506299;2411.105961724352;1309.9962311811082;4068.3646259444467;322.9139072306533;118.01731256726906;649.7698987486141;0.0;0.0;0.0;612.2596810035552;462.06977282927943;851.8538487714219;18.367790430106655;13.862093184878383;25.555615463142658;1.6972226608515917;1.6378962114237503;2.0113847308612107;3053.2639899492524;1.1167673010058512;True;98.67617388934869
1121037;2001_2010;2000 - 10;T1;150.0;2738.250301501862;2547.1035877724603;3071.6363275781646;2482.229387999632;2276.7004435580425;2769.2589695637835;256.0209135022301;129.30452432796758;410.427392582203;256.0209135022299;138.68573259754453;399.21178119374014;0.0;-53.860345189027676;53.64707472081902;0.0;0.0;0.0;193.0095948869755;179.78252368155256;221.7259077696848;5.790287846609265;5.393475710446578;6.651777233090544;1.9970765814495917;1.8990601749995983;2.3328553484203516;281.1228682542354;1.0980465010011249;True;10.314152057822147
120912;pre1975;< 1975;T3;300.0;15375.632584718673;11153.825453185684;21875.09360542814;5541.749445012788;5264.002297992955;6166.142863164225;9833.883139705886;5571.041678856416;15979.907275842254;8633.326213235297;4760.248983713157;14213.66671236624;1200.5569264705885;317.1412026522551;2280.0713292005316;0.0;0.0;0.0;667.7700000000001;499.0669209010838;915.4217930633695;20.0331;14.972007627032514;27.462653791901086;1.58;1.5096096298323027;1.8188816345478525;10408.865596985837;1.0584695230878194;True;177.4508796776393
9880798;1991_2000;1991 - 95;T1;150.0;5087.822481291556;4716.342796151971;5602.8780593056945;2565.853947446014;2355.8973249240316;2847.6681582946;2521.968533845542;2218.6556228111235;2872.221930284401;599.2120121064115;477.8790061456765;780.6986684225217;0.0;-57.57843802843888;59.73063811780657;1922.7565217391304;1674.8419685076683;2195.8494279961296;240.4414284074428;223.78152665001195;273.80135189668925;7.213242852223284;6.713445799500359;8.214040556900677;2.027350647362943;1.922576495348047;2.3239838582701524;653.5663074732774;0.25914927117536557;True;98.28963711499813
680861;1991_2000;1991 - 95;T1;400.0;4783.223663249207;4536.543172728019;5619.708736394919;3522.383264986092;3365.878301110314;3985.632167468093;1260.8403982631148;1002.953453914391;1865.96534084526;1260.8403982631144;1053.681626034738;1809.900609966138;0.0;-171.57057550094314;160.33932306546197;0.0;0.0;0.0;500.784613401651;476.5051308053468;598.1330067580833;15.02353840204953;14.295153924160404;17.943990202742498;1.3892027881893227;1.3235280320930158;1.7958626263919764;863.011886930869;0.6844735369517989;True;35.79509392962362
468185;1976_1990;1976 - 80;T3;300.0;5898.285633567508;5039.44481913087;7939.770726709425;2900.017344355677;2770.810727036168;3371.5698352359987;2998.268289211831;1995.0888394181104;4821.8102007371635;1758.1164018615907;1020.3222145836207;3291.5490222765716;278.77362648067617;-57.61020670442146;761.6524078451649;961.3782608695652;820.9042603958744;1096.0724394469519;457.81091466523765;379.30490760683426;637.2710959640331;13.734327439957129;11.379147228205028;19.118132878920996;1.48305197459637;1.4099071750958303;2.0150400748218065;2826.7213613190534;0.9427846638974816;True;103.38794335307615
674801;1991_2000;1995 - 00;T1;150.0;4392.521759822866;4115.942773155864;4897.969514847425;3094.2463709045173;2913.769702983376;3426.3304547712482;1298.275388918349;973.1572504728641;1732.9197579298782;1298.2753889183493;1006.8067727351875;1676.469397039967;0.0;-132.8418339353398;132.32904581653906;0.0;0.0;0.0;240.4414284074428;225.5745155695239;270.49799846096806;7.213242852223284;6.767235467085718;8.114939953829042;2.027350647362943;1.9295518914554732;2.2995138166489872;759.7625074570141;0.585209050361808;True;41.957725187178106
781007;1976_1990;1986 - 90;T1;200.0;3943.5501554977395;3675.2673998434543;4510.0257820062525;2348.4630439466355;2202.522103088979;2602.9838493086177;1595.087111551104;1282.1901086864436;2058.75401172989;1595.0871115511052;1317.2484252565362;2098.234598253213;0.0;-89.9397967894819;82.16312949416715;0.0;0.0;0.0;390.38;359.856428215193;457.97479705898576;11.7114;10.795692846455788;13.739243911769572;1.83;1.7569510006933606;2.1360896526106345;776.5639030434463;0.4868473310453217;True;67.9204689067847
761079;1976_1990;1976 - 80;T2;250.0;5601.741616400158;4911.290438991929;7051.375492533;2675.8217975150355;2522.5665506419905;2954.570032187225;2925.9198188851224;2211.5684587409937;4356.433427440985;2441.8448042889727;1962.5493558837954;3456.833301639661;484.07501459615025;152.59202099141027;960.0408875229975;0.0;0.0;0.0;501.175;460.7382226125153;582.1446061037066;15.03525;13.822146678375459;17.464338183111195;1.896;1.803822488389421;2.192803429094715;2144.864968699991;0.7330566459327171;True;109.34658734009666
107998;1976_1990;1976 - 80;T2;230.0;1230.0451587297266;1083.9780149235203;1420.7514493846525;1013.8014081801678;913.1120201936542;1149.3344898908804;216.24375054955885;119.00649360931455;347.9179454869574;216.2437505495587;121.5225303134193;342.55997810627866;0.0;-15.514565325373427;16.21210114891375;0.0;0.0;0.0;395.1109360568257;328.9594392551708;505.28024361043134;11.85332808170477;9.868783177655123;15.158407308312942;1.757105192899539;1.69794981930909;2.0398484093542186;228.9114518776429;1.0585806586127484;True;21.32999114074313
461089;1976_1990;1976 - 80;T1;235.0;4331.689051917816;4105.1601941935205;5307.183696909917;2525.105811840622;2407.98241684482;2868.6362034646236;1806.5832400771938;1501.773718176625;2562.191942786924;1806.5832400771942;1531.6909219691627;2515.162044373643;0.0;-101.19175913398325;104.94636873805298;0.0;0.0;0.0;473.19921120475277;438.90116683076633;594.7948239731211;14.195976336142582;13.16703500492299;17.843844719193633;1.9071420808763446;1.816130489345667;2.4356984185288146;1060.418224610299;0.5869744615614768;True;71.54485295649148
114109;1976_1990;1976 - 80;T2;200.0;4031.4298728076806;3476.80289271694;5161.572621764086;1840.761681864276;1738.286979570624;2024.6940127849023;2190.6681909434046;1629.7614510361889;3250.944322694826;1822.9179878686405;1435.5833137545983;2622.929547825311;367.75020307476467;116.97338547834231;733.3733486392391;0.0;0.0;0.0;390.38;361.8880573734239;464.5059243621337;11.7114;10.856641721202717;13.93517773086401;1.83;1.7487776234807264;2.1357839940477623;1621.1828716586372;0.7400403577140907;True;119.00878927057806
107114;1976_1990;1976 - 80;T2;185.0;3398.486584874678;2922.2599190276633;4374.556612013551;2179.0432561721286;2051.4944245985157;2522.046437270769;1219.4433287025495;720.9543829808468;2093.630068213308;1219.4433287025495;707.6113939228306;2025.8015048623718;0.0;-87.35723392174887;79.45403251446982;0.0;0.0;0.0;353.76089024283556;292.5427861174975;478.939949688366;10.612826707285066;8.776283583524924;14.368198490650983;2.0347443261995024;1.919247906989872;2.6385614468343843;1372.675685232461;1.1256576282990913;True;55.96232774399878
671048;2001_2010;2000 - 10;T1;240.0;3957.727175158305;3734.7617573541434;4376.324979961817;2565.2191208046825;2432.904790703635;2798.335024775808;1392.5080543536224;1115.4098301524302;1703.6729726502779;431.1297934840571;235.63623720695455;652.3079165537888;0.0;-80.80619773931406;80.2160938885681;961.3782608695652;827.088791862272;1096.398076197668;281.0137639535891;262.37843412468897;314.40941863464263;8.430412918607674;7.871353023740667;9.432282559039281;1.7074767078498865;1.6294411002124112;1.9584790696982892;588.2631424978476;0.4224486462815535;True;54.28417568931917
109711;1991_2000;1995 - 00;T2;160.0;3202.230144471981;2715.963906854986;3924.1827160603034;1916.991260454614;1801.7752306356476;2157.3907666929094;1285.2388840173671;739.2823842748104;1866.86989201152;323.8606231478015;-168.04042463029532;888.3454621201124;0.0;-68.06868243528625;67.5091103316031;961.3782608695652;831.1948854219203;1097.6818678468028;228.70815796770958;162.66371900994682;329.4633996177818;6.861244739031287;4.879911570298405;9.883901988533452;2.3538149682454623;2.261712299099938;2.8448450613736176;1127.5875077367095;0.8773369073709668;True;67.04458755396585
7610179;1991_2000;1995 - 00;T2;280.0;8365.456771234198;6882.144244789151;10357.564548323899;5044.874445907722;4847.598020608099;5600.353032507564;3320.582325326476;1838.8084276081963;4996.2230528927275;937.7185819554938;-505.80164858035033;2470.222204061105;460.10722163185187;291.34908815549164;691.1099732503204;1922.7565217391304;1659.0460676252212;2190.5091148873976;322.8418586519614;240.92716187965434;438.5223194480684;9.685255759558842;7.227814856389631;13.155669583442052;1.662766595106798;1.6046061072961346;1.9743061777643414;3157.414625284531;0.950861721211534;True;65.82091112336902
6569121;2001_2010;2000 - 10;T1;150.0;4895.831071914501;4648.166546622289;5553.764169915145;2967.956895912118;2793.07953053922;3400.583117273728;1927.8741760023831;1651.3634645996922;2360.7255500985666;485.80678469803604;307.50749404936755;824.1887441142156;0.0;-94.74735140922593;89.71290714971968;1442.0673913043477;1242.9482318873634;1656.5740097393646;199.25738368162433;188.0710692629296;242.62899387520142;5.977721510448729;5.642132077887888;7.278869816256043;2.101206394693739;2.009850050432255;2.6789147644307865;709.3620854988744;0.36795040585573857;True;64.95627273622871
5011111;pre1975;< 1975;T1;286.0;14011.386920355038;12842.059918512787;17646.16026323284;5557.066429565347;5282.269804977385;6294.812674039896;8454.32049078969;7363.409075649177;11818.350449159061;7975.835060887852;6983.023410884271;11192.290794269673;478.4854299018401;292.1433782987101;714.6768075103669;0.0;0.0;0.0;770.7314319719874;702.7673634675033;995.045867385837;23.121942959159618;21.083020904025098;29.85137602157511;1.634788997596445;1.5204162703416173;2.110843117285597;4454.941373509884;0.5269425707675961;True;152.13639422789763
5661171;2001_2010;2000 - 10;T1;250.0;2651.252008917615;2440.227024474148;2908.3279598947242;2568.8789897266347;2361.5051248923733;2817.2168741771975;82.37301919098036;10.853079981037038;162.78665339998722;82.37301919098039;43.437914602157385;127.46675684414781;0.0;-57.608356606783445;61.88447481553648;0.0;0.0;0.0;155.2970789838548;150.19710044594655;162.54475796539194;4.658912369515644;4.505913013378397;4.876342738961759;0.333220789838548;0.3160459982686932;0.3743018418341004;151.93357341895017;1.8444579901423175;True;3.2065745222100173
110119;2001_2010;2000 - 10;T1;130.0;3056.5263218344753;2879.5617021864377;3355.191487042095;1814.8178841902013;1704.6220484424364;1988.8862671005388;1241.708437644274;1042.0879913056526;1469.3983766513072;280.3301767747091;149.94168265618208;446.3262083775866;0.0;-47.241779337509556;47.99250850200306;961.3782608695652;835.8473940988893;1090.8227185073738;172.08490694529945;159.9760123524491;196.73175910815942;5.162547208358984;4.799280370573473;5.9019527732447825;2.0895751335634514;1.9967883195184413;2.4280937946337104;427.3103853456546;0.3441310152940033;True;68.42055329415837
102766;2001_2010;2000 - 10;T1;216.0;3955.9509269052287;3727.0825878662235;4473.75590448778;2590.4750786327836;2446.4426400962875;2923.6112841567874;1365.475848272445;1109.1172374338853;1714.11445329869;404.09758740288004;234.94895109307896;697.4543426083413;0.0;-103.48941504491545;108.62746856156274;961.3782608695652;828.1485737988346;1088.9303707773192;232.7260147700684;218.0573859156977;277.8476241086979;6.981780443102052;6.5417215774709305;8.335428723260938;1.4738381339128284;1.3677755244408207;1.8883117851381601;604.9972158648047;0.44306694741633634;True;52.71140647271249
105900;2001_2010;2000 - 10;T1;240.0;8215.120915188447;7680.416582761264;9107.935495868041;5049.433059324262;4762.875513990021;5594.066147990206;3165.6878558641847;2691.2142638455116;3838.4833593114536;762.242203690273;415.21244164662306;1216.5154414186222;0.0;-143.27247656971346;147.3492351649904;2403.445652173913;2053.2924946618064;2751.811466321154;283.7424579368927;264.642155458997;327.14396070642795;8.512273738106781;7.939264663769911;9.81431882119284;1.7359006035092992;1.6578645043693012;2.0367660048799348;1147.269095465942;0.3624075233256865;True;62.69392659871861
826780;pre1975;< 1975;T3;150.0;5387.551452990067;3931.1888218687254;7829.595690520526;2768.927563967095;2549.539460029348;3087.02653496535;2618.6238890229724;1124.8336194884441;5029.68582294609;2296.1528675964155;854.3086853981423;4432.530677822598;322.47102142655643;101.62604803975778;646.2574808695347;0.0;0.0;0.0;372.74648721743876;243.18715670680146;544.9408465912052;11.182394616523164;7.295614701204043;16.348225397736158;1.9970765814495917;1.9182839013675101;2.3253459577822477;3904.8522034576463;1.4911848241461567;True;94.5717729528186
698310;pre1975;< 1975;T2;200.0;6278.454595087834;4618.9882872970165;8261.124016674477;3542.3502489067187;3280.209029339473;3903.001219942648;2736.104346181115;1059.7743987758201;4648.422637518264;2517.5822944287756;864.1694833364222;4400.9782195497455;218.52205175233965;133.24349735307754;320.6156785843457;0.0;0.0;0.0;438.54932083424063;282.5655220576844;636.345670750201;13.156479625027218;8.476965661730532;19.090370122506034;1.7048466041712032;1.6293216125279106;1.9467831728923968;3588.648238742444;1.3115904164076406;True;77.23980278419853
24611;pre1975;< 1975;T2;160.0;4607.870352337346;3532.835602555025;6188.589912422309;1672.0540329600724;1593.4056380325992;1874.9258676063982;2935.8163193772734;1832.9311415443137;4455.993337694957;2610.2430285285595;1512.4148421387777;4106.695998833279;325.57329084871384;263.22211397743104;424.9463116548681;0.0;0.0;0.0;422.5799005815801;317.8996148602244;576.8901256937543;12.677397017447403;9.536988445806731;17.30670377081263;1.9574767078498865;1.8838088033586187;2.2779979591213384;2623.062196150643;0.893469451354174;True;175.58142628799717
6683113;pre1975;< 1975;T2;160.0;5355.123485612981;4290.330848269965;6903.315242191676;2670.0916366119836;2478.6215415248;3009.2874798001408;2685.0318490009977;1648.3487453835996;4090.0173036178344;2387.2698094132197;1375.6302340058137;3773.030293976478;297.7620395877785;234.3277631764391;386.1136985356727;0.0;0.0;0.0;422.5799005815801;311.93211278807667;584.5951259606204;12.677397017447403;9.3579633836423;17.53785377881861;1.9574767078498865;1.8800421007246877;2.2895602090309946;2441.6685582342348;0.9093629780006858;True;100.5595393125897
896968;1976_1990;1976 - 80;T2;200.0;3602.2276713933657;3100.6289865307886;4369.031957205622;2302.3950003183263;2181.259816790471;2535.088003064663;1299.8326710750393;732.4505691655019;2045.774822507597;1299.8326710750387;740.7409572467169;2009.0265845544448;0.0;-69.1359103679631;75.72869393789469;0.0;0.0;0.0;371.6598978433269;306.9075205727743;470.5763810881305;11.149796935299808;9.207225617183228;14.117291432643915;1.957713556023764;1.8775262020113903;2.290953437282674;1313.3242533420953;1.0103794761951148;True;56.455676410664815
9981041;2001_2010;2000 - 10;T1;410.0;4221.311299302901;3961.34100214223;4838.889321362981;3602.1976319743308;3421.1240820891976;4021.6620201923156;619.11366732857;294.0357327755141;1074.1487195855711;619.1136673285705;343.93782206133733;1046.9526691988133;0.0;-155.69560444179;160.11005624405325;0.0;0.0;0.0;437.67030138956227;410.32049807477443;509.85235259065416;13.130109041686868;12.309614942243233;15.295570577719626;1.4489713499363552;1.3808127898333384;1.7884342466230112;780.112986810057;1.2600480783701435;True;17.187109941806263
111710;1991_2000;1991 - 95;T1;290.0;6518.325127674878;6156.13984361328;7668.106566582451;4566.205320002988;4304.762290171391;5194.955320459664;1952.1198076718902;1548.7282933835675;2787.069532074854;1952.119807671891;1607.504789308567;2743.6597234913843;0.0;-187.6473579760106;197.00451543253632;0.0;0.0;0.0;481.8955550136028;453.8343772463752;580.7461803844383;14.456866650408084;13.615031317391256;17.42238541153315;2.1341978370758796;2.063864445026736;2.6250701197502657;1238.3412386912867;0.63435719151282;True;42.751468032335715
1027273;2001_2010;2000 - 10;T1;200.0;6128.298653534384;5794.124831101003;6854.041105124719;3672.398341747772;3476.6252463634733;4148.407866271172;2455.9003117866123;2092.176404606075;2892.9147322462118;533.1437900474815;297.4760203169473;904.8555534444556;0.0;-109.06151786738785;105.19232892234739;1922.7565217391304;1675.629884990802;2195.1154760343857;242.1781366279909;224.49763434535882;296.0187954769708;7.265344098839727;6.734929030360765;8.880563864309124;1.8074767078498866;1.7102101030896957;2.309770776090197;800.738327640137;0.32604675515416903;True;66.87456215922909
6981151;pre1975;< 1975;T2;240.0;5758.87483635637;4440.036799502304;7861.195390535125;2731.8936897385915;2569.6187445290743;3085.5604261994713;3026.9811466177784;1704.3597704490148;5002.446767401289;3026.981146617778;1759.598317905041;4967.414405080838;0.0;-91.91020360566533;93.22442802655287;0.0;0.0;0.0;580.4792390328687;435.0720749819215;819.0631693978086;17.41437717098606;13.052162249457645;24.571895081934258;1.7552395417911693;1.645805120902391;2.1675991376296726;3298.0869969522746;1.08956311162936;True;110.80157174444894
876511;1991_2000;1995 - 00;T1;500.0;12755.697417788;12010.29042501476;14083.589902655835;7031.902049604036;6638.5369670609425;7729.498377522669;5723.7953681839645;5070.141404338944;6686.0983429821035;1878.2823247057022;1556.2345997636583;2546.319093531528;0.0;-179.60523166598514;183.03777863484788;3845.513043478261;3282.88238444691;4399.95534606333;638.0392930140017;603.3544387256;733.7961572554838;19.14117879042005;18.100633161768;22.013884717664517;1.43305197459637;1.3670779938139292;1.705815138130635;1615.9569386431594;0.28232262593200763;True;81.3975412030415
7412010;2001_2010;2000 - 10;T1;250.0;5852.518662326412;5535.285049191041;6773.816033862065;5076.182706098336;4775.091072493714;5773.795062703039;776.3359562280757;398.01816534390747;1371.7250129748436;776.3359562280776;437.092807605094;1371.696147508096;0.0;-158.92443660437377;140.01989374929488;0.0;0.0;0.0;299.01189233046324;279.77676186996837;362.1525066511424;8.970356769913897;8.39330285609905;10.86457519953427;1.7703689233046325;1.69662368059126;2.2826191037662498;973.7068476309362;1.2542338659178063;True;15.293696093629858
6810910;1976_1990;1976 - 80;T2;160.0;5511.733838924788;4082.7629041797118;7371.096947172449;3204.2309801934653;3014.6851477199584;3525.946745092847;2307.5028587313227;783.4690029151587;4013.167348811387;1989.47585988448;432.5638550598544;3656.020472518456;318.02699884684273;193.96586415779925;452.6880330894579;0.0;0.0;0.0;291.1698255214004;206.9629757151929;402.0506970180915;8.735094765642012;6.208889271455788;12.061520910542747;2.131058255214004;2.0165633503088523;2.434266278895761;3229.698345896228;1.3996508535950127;True;72.01424844197717
9889190;pre1975;< 1975;T3;200.0;7588.82841233991;5221.2042597313975;11541.863458706868;3421.3124180912255;3175.5241420789753;3854.1270605263066;4167.515994248684;1820.6972321355167;8006.54200764048;3681.948759291094;1448.6088386719475;7300.239589760882;485.56723495758916;154.36768058949283;956.9543048484796;0.0;0.0;0.0;555.6734781979683;359.00677735645075;864.3436441663057;16.670204345939048;10.770203320693524;25.93030932498917;2.290467390989841;2.1289825717314104;2.838371869670453;6185.844775504963;1.4843001884195866;True;121.810448300824
6808461;post2010;> 2010;T1;207.0;3065.0022516465856;2853.5623067035594;3383.8374045105643;3155.0023894519672;2947.198812641852;3474.7481447120967;-90.00013780538166;-277.1673305645751;100.55792139457655;-90.00013780538153;-262.1128668698234;77.09623382322818;0.0;-96.89645512922199;84.01069359036714;0.0;0.0;0.0;190.42760715805096;176.65961020903785;212.91594361954944;5.712828214741529;5.299788306271136;6.387478308586483;1.8001672133263076;1.730834755334237;2.05154977694799;377.72525195915165;4.196940817756894;False;-2.8526171043887842
6773102;pre1975;< 1975;T3;200.0;5787.871963791777;4170.049216581519;8042.188438393416;2936.7023648954364;2733.7902691058694;3245.6622235343825;2851.16959889634;1235.342699465675;4923.6464393742235;2486.754877237697;985.488575620417;4381.304541828952;364.4147216586417;98.83603678037913;722.3685329879879;0.0;0.0;0.0;463.58;303.74692970095685;671.1800026562477;13.907399999999999;9.112407891028706;20.135400079687432;1.83;1.769942351040859;2.1364218890385933;3688.303739908549;1.2936107839169775;True;97.08745540503075
4710670;pre1975;< 1975;T1;300.0;9036.523891406452;8323.898911170483;11925.347463583434;3403.474483904127;3255.4648523022224;3927.22030379919;5633.049407502325;4900.016058147577;8095.650935171157;5289.313569467009;4622.48591868548;7720.257003812179;343.73583803531517;219.4648274709419;513.0284499168138;0.0;0.0;0.0;717.9717033733406;659.8419513538811;958.4424049412893;21.539151101200215;19.79525854061643;28.753272148238675;1.4113622305514582;1.334336349999704;1.8969101919564593;3195.63487702358;0.5673010559373939;True;165.50878915480078
716869;1976_1990;1981 - 85;T2;155.0;4148.116943902421;3491.5433129586054;5106.415036806283;2517.748340405802;2373.154205697079;2768.950756174881;1630.3686034966186;922.5521837664271;2543.542989973392;1630.3686034966186;922.6783866344178;2542.6199051752087;0.0;-74.96103411851516;77.11470371761989;0.0;0.0;0.0;338.8789940179284;271.64538927923604;433.36926827793155;10.16636982053785;8.149361678377081;13.001078048337947;2.426308700626068;2.2976932659569465;2.7785032075145657;1620.990806206965;0.9942480508582285;True;64.75502643897448
115508;pre1975;< 1975;T3;170.0;5012.8218033775065;3948.2063742956484;7794.463886718597;2190.5685490794904;2078.391207159817;2547.0680144434587;2822.253254298016;1690.6030338299277;5364.5805279891365;2635.0214078529775;1560.0301699166587;5038.782432304728;187.23184644503928;-52.29303376475403;530.2514348692292;0.0;0.0;0.0;451.34073674392107;345.9645106636893;709.8709218133514;13.540222102317632;10.378935319910678;21.29612765440054;1.9700413729621447;1.8502746116023105;2.66650489002974;3673.9774941592086;1.3017887351406539;True;128.83656416431108
781099;1976_1990;1981 - 85;T2;150.0;3639.593041341382;3151.123035993091;4515.009718936513;2002.0798276587639;1880.0557902409516;2220.855861634627;1637.5132136826182;1161.2436223236562;2455.050704818188;1474.6024925821887;1134.60295849215;2085.0150954232377;162.91072110042947;-31.735991349291236;421.6846466098551;0.0;0.0;0.0;312.834189773951;282.0337429842295;370.3971008137098;9.385025693218529;8.461012289526886;11.111913024411292;1.9970765814495917;1.9137567289861812;2.31795851522338;1293.8070824945319;0.7901048197253184;True;81.79060550235549
105768;pre1975;< 1975;T3;294.0;6123.442418065873;4040.6389448028935;9251.290077513659;2433.388404134897;2319.0062231563015;2694.862413721815;3690.0540139309765;1588.530318077446;6709.3686179069355;3174.147130288557;1194.7000299340812;5945.676398175568;515.90688364242;186.72330487752154;999.2902491511167;0.0;0.0;0.0;584.7204918214138;387.1165700157203;844.8094061471758;17.541614754642413;11.613497100471609;25.344282184415277;1.5009452102769179;1.4476809559549924;1.7598457657690973;5120.838299829489;1.3877407432240574;True;151.6426234160034
8010411;post2010;> 2010;T1;375.0;4952.440999007649;4628.837272792632;5511.779454265997;5120.915360595568;4808.827582528426;5662.881299173645;-168.4743615879188;-549.9074080288275;176.2897477545206;-168.47436158792001;-537.2017891339699;134.06124083337292;0.0;-143.8902180049428;150.29925934517829;0.0;0.0;0.0;332.1986611994099;311.3563006564472;374.96970979532813;9.965959835982298;9.340689019693416;11.249091293859845;1.6581795688823329;1.5925507206211598;1.9169843816927807;726.1971557833481;4.310431266447507;False;-3.2899266971740193
7086681;2001_2010;2000 - 10;T1;180.0;2436.6591034397866;2277.1813963325067;2799.039722766312;2025.3917639524732;1921.8892135195163;2273.5300629311596;411.2673394873134;204.67857177383803;673.775657675811;411.2673394873127;212.41554738861717;648.2352612779621;0.0;-70.854541309186;76.63335332870598;0.0;0.0;0.0;223.7882369515644;207.79751550908975;257.03503133222637;6.713647108546931;6.2339254652726925;7.711050939966791;1.8884199576606167;1.8161839906223154;2.2009050484117907;469.09708590197295;1.1406135154976085;True;20.305569856013495
868122;1976_1990;1986 - 90;T1;280.0;6221.44332488794;5740.184408683048;7386.136839297236;3035.702457488464;2884.9387238756804;3387.165693849529;3185.7408673994764;2630.3119966287713;4234.444941057378;2841.7484044416387;2336.0655876307064;3837.102435805767;343.99246295783837;216.13342124870533;500.2976123839055;0.0;0.0;0.0;509.0717173039228;471.83057275208085;606.8116500158463;15.272151519117685;14.154917182562427;18.204349500475388;1.662766595106798;1.593044342088823;1.9731109729854652;1604.1329444286066;0.5035352877706158;True;104.94246099583634
881223;1976_1990;1976 - 80;T2;240.0;6483.8222657073875;5739.913594722617;8467.91501031994;2960.9645057107896;2810.776764820051;3427.5306633645428;3522.857759996598;2687.0562410540847;5209.550819860457;2006.1188074819431;1179.9526880687656;3595.7010953605914;555.3606916450888;451.725973499655;752.7490664455833;961.3782608695652;824.498219829781;1100.5685369709647;367.3194760421717;309.86367494810514;514.1787778658103;11.01958428126515;9.295910248443153;15.425363335974307;1.4894254526319743;1.4075553418777451;2.0114055343596706;2522.494578806372;0.7160364541112804;True;118.97669672169623
118708;1991_2000;1991 - 95;T1;186.0;2395.1596940096274;2276.4048752052854;2826.6605433674226;1902.0760204565527;1815.158752600608;2161.9969177059916;493.08367355307473;382.4200337930729;761.3252896409987;493.0836735530745;405.86669644562807;743.4409408513525;0.0;-67.45020963960867;69.34903998185325;0.0;0.0;0.0;217.58458218530643;204.05215423136548;269.57254186240846;6.527537465559194;6.121564626940965;8.087176255872253;1.2398356029844224;1.166659205624786;1.690142697334468;378.9052558479258;0.7684400765444144;True;25.92344723607422
1037610;post2010;> 2010;T1;222.0;3543.9281423078546;3288.3239137978003;4005.854900403371;3639.0280801036015;3401.2491472815873;4141.580210036266;-95.09993779574688;-323.4203177087309;111.19228019435405;-95.09993779574668;-293.943837116613;94.3411292130426;0.0;-102.9031714201329;104.27146202594709;0.0;0.0;0.0;202.1884777136733;188.99040592990508;239.89755192890374;6.065654331410199;5.669712177897153;7.196926557867112;1.761912119250625;1.6634096903515885;2.278180283726639;434.612597903085;4.5700618525801175;False;-2.6133334424020007
6885841;post2010;> 2010;T1;170.0;3048.1055474565;2781.3397867027893;3412.5255578667898;3148.9983669434596;2901.402928638805;3493.853260458157;-100.89281948695952;-330.5260119905207;94.99101803866617;-100.89281948696;-290.28004016965156;78.97018484656404;0.0;-77.71224816440927;77.56915819056861;0.0;0.0;0.0;177.28513539827796;162.2625915681401;201.75352351407295;5.318554061948339;4.8678777470442025;6.052605705422188;2.3123072401538716;2.2240304393650363;2.639104786765188;425.5170300291869;4.217515500041956;False;-3.2039654433003095
2794690;1976_1990;1976 - 80;T2;140.0;5001.203577111568;4328.609985314899;5946.824111439018;3724.0672298315494;3428.8225893072968;4180.765814298144;1277.1363472800185;734.76607345897;1984.1209885872202;1277.1363472800197;725.089369965504;1997.6265045174673;0.0;-74.26907904707168;64.07827945634384;0.0;0.0;0.0;268.3089960119522;219.69588122624873;344.9503923148051;8.049269880358567;6.590876436787461;10.348511769444151;2.040846898081145;1.9572105378831335;2.3779643219505533;1249.35491512825;0.9782470898969119;True;34.29412705145463
111119;1976_1990;1981 - 85;T1;180.0;4226.732354484773;3881.3846183428186;5243.640714160049;2391.7221109478064;2256.9313081192495;2744.8854236332245;1835.0102435369668;1502.4044432258274;2699.6027834756346;1835.0102435369677;1536.7329892929909;2680.9709644311515;0.0;-100.893354332334;91.95505061414599;0.0;0.0;0.0;423.822;385.80821622254376;543.1576488144985;12.71466;11.574246486676316;16.29472946443496;2.3333333333333335;2.206542679701648;2.977541516461891;1197.1983402498072;0.6524205216109407;True;76.72338835425063
105807;1976_1990;1981 - 85;T3;200.0;4102.823292243206;3312.7875471180996;5483.081068884517;2390.181564570796;2263.364131193656;2642.2059925990457;1712.64172767241;909.8629256983213;2980.949988496974;1499.6533630994609;832.375018732135;2503.8573130907976;212.98836457294968;-33.92404761869581;564.8678074972177;0.0;0.0;0.0;353.78;290.9213854180133;452.2445601509069;10.6134;8.727641562540398;13.567336804527208;1.83;1.7433054076784666;2.148854931323377;2071.087062798653;1.209293823299163;True;71.65320631112593
7374981;post2010;> 2010;T1;200.0;4479.158452145317;4172.50102701053;5004.3535773924805;4629.72785384548;4361.906940440978;5173.280435779972;-150.56940170016333;-477.646653991392;147.35987156980454;-150.56940170016352;-482.6337182727529;116.89947409956663;0.0;-122.676979153873;120.0348033406561;0.0;0.0;0.0;185.42;172.31518458020906;210.18662232958707;5.5626;5.169455537406272;6.305598669887611;1.83;1.76403700382635;2.1458726978645473;625.0065255611966;4.150953105371332;False;-3.252230076009748
861116;1976_1990;1976 - 80;T2;195.0;3941.6631846798155;3342.287435168976;4789.489634082298;2511.816273352265;2363.250893487217;2759.5811105184807;1429.8469113275505;809.3393456720545;2197.411111379052;1429.84691132755;807.644278774834;2186.946961349519;0.0;-79.05159631574253;85.17601760667364;0.0;0.0;0.0;346.2425057314111;284.33072248415084;435.9886660354078;10.387275171942333;8.529921674524525;13.079659981062232;1.8395751335634511;1.7401329495475606;2.0994526023070206;1388.0717657069972;0.9707834836795451;True;56.92482075606906
108511;2001_2010;2000 - 10;T1;274.0;4489.5611697467175;4197.764974592497;5105.256997255119;3969.634172449465;3688.979186101804;4414.423478256059;519.9269972972525;235.36959863791373;858.078491625825;519.926997297252;276.2073444281683;811.3639822019529;0.0;-115.84195229414725;121.82757555096894;0.0;0.0;0.0;335.19816541232433;313.01033500580075;385.49108636286377;10.055944962369729;9.390310050174023;11.564732590885916;1.838627421645295;1.7696355020479546;2.1676219322822208;622.7088929879112;1.1976852447073378;True;13.097604834866463
119701;pre1975;< 1975;T2;200.0;13755.22223802521;10650.423575000512;18305.477981359618;4519.052317096821;4289.699185400024;5011.137218553077;9236.169920928389;6076.484832234014;13583.388598188532;7329.909015567228;4219.376318521631;11627.884261968415;944.8826444915969;733.8049616231343;1205.7358762102883;961.3782608695652;834.7272347148215;1093.3324540655647;500.18;372.8629741436823;686.8104417244216;15.0054;11.185889224310472;20.60431325173265;1.83;1.7463730120997343;2.131988169537441;7506.903765954518;0.8127723753700656;True;204.3828943069637
86109;1976_1990;1981 - 85;T2;160.0;4048.0386865458872;3423.9750429747523;5072.098221211111;2512.9991546025612;2377.2675663867035;2776.940560075269;1535.039531943326;903.0606051391683;2457.401719583168;1535.039531943325;911.4437287013303;2429.7653756936957;0.0;-81.63497913424203;81.75297340046959;0.0;0.0;0.0;316.7425245839684;259.58998611522554;410.99530622385834;9.502275737519053;7.787699583456766;12.32985918671575;2.131058255214004;2.0207524016038785;2.450359363486705;1554.3411144439997;1.012573997020284;True;61.08396531419038
1037311;1976_1990;1976 - 80;T2;180.0;3637.297653916452;2900.971893440154;4584.469856501253;2617.5737268712573;2443.2162272195956;2859.1141223913814;1019.7239270451946;259.5041543140461;1906.7208958047675;1019.723927045194;281.0258044986039;1905.6214383484694;0.0;-81.2886545151728;85.76903350958266;0.0;0.0;0.0;300.9278255214004;216.81964808732414;409.5698934862798;9.027834765642012;6.504589442619724;12.287096804588394;1.8942740046346702;1.8061982143047528;2.164102055705119;1647.2167414907212;1.615355585765044;True;38.956836882071464
116121;pre1975;< 1975;T1;395.0;15629.142422083738;14380.429805733522;20490.304824683662;4672.69703182282;4444.632857420555;5420.735754894827;10956.445390260918;9711.169550802975;15222.65509867034;9011.773306218256;7857.830818279195;13083.60361033375;983.2938231730965;783.2214601245347;1343.0572905231782;961.3782608695652;822.1961040374372;1098.4082945919693;1003.8562515054513;914.2288584132132;1341.7270558435716;30.11568754516354;27.426865752396395;40.251811675307145;1.5211172086365705;1.4323504180976172;2.052398314646641;5511.485547867365;0.5030359164448055;True;234.4779752601852
120741;1976_1990;1981 - 85;T1;164.0;4224.178634028694;3898.5572677706355;5149.136789145711;2464.193168391886;2309.5510327255315;2824.951692114598;1759.9854656368084;1424.3976561221996;2491.3258972450185;1759.985465636808;1428.4732611334664;2448.631009132716;0.0;-85.15095442342658;86.67603766482767;0.0;0.0;0.0;334.69482954013677;305.59553419190627;416.8586680977428;10.040844886204102;9.167866025757188;12.505760042932284;1.9411526641778716;1.8418181026518976;2.497353068629899;1066.928241122819;0.6062142341253804;True;71.42238231207182
114721;1976_1990;1981 - 85;T2;140.0;3919.7109883250205;3276.932559570601;4887.77464384572;2233.9392255424086;2111.3029983496463;2481.3943771472473;1685.7717627826119;1036.5542366349869;2546.251079393826;1492.9437000197765;853.9283774737021;2340.240464899505;192.82806276283534;124.4990131739609;277.9416629534687;0.0;0.0;0.0;287.5433912791873;234.37939733053918;372.91881810513695;8.62630173837562;7.031381919916176;11.187564543154108;2.2371162375427276;2.1187383925710965;2.5997890847293568;1509.696842758839;0.8955523375636951;True;75.46184531377752
815461;1976_1990;1981 - 85;T2;240.0;4136.040775610081;3540.422229713329;5066.230309927848;2643.8863505354097;2514.519222531413;2943.7465172801626;1492.1544250746715;857.4303012973278;2346.5739940324147;1492.154425074671;847.6944558631037;2319.9977100179362;0.0;-109.45255080674036;102.46121356133206;0.0;0.0;0.0;408.72730138956223;332.62956199919137;520.2082429261354;12.261819041686868;9.97888685997574;15.606247287784063;1.7359006035092992;1.666092766785755;2.0519874062587387;1489.143692735087;0.9979822917192811;True;56.437918550186446
1678757;1976_1990;1976 - 80;T2;200.0;4208.118627460713;3553.9452717490663;5199.950451539132;2661.515414315402;2522.756168959453;2938.1036096652597;1546.6032131453107;822.0380780480277;2462.710178578364;1546.6032131453103;862.7217125368004;2445.4625546584457;0.0;-89.3266152751611;91.68070782199491;0.0;0.0;0.0;353.78;292.76085528302934;452.93997257051535;10.6134;8.78282565849088;13.588199177115461;1.83;1.749216478188834;2.1322837318534646;1640.6721005303361;1.0608228966456874;True;58.10987247440496
971071;1976_1990;1981 - 85;T2;250.0;4901.650695141071;4160.116742299163;6698.5340051553085;3086.1296628260034;2975.7929245792625;3609.2819454424143;1815.5210323150677;1031.2399672466643;3306.4942895387217;1815.5210323150677;1035.3830564562577;3282.6300977928113;0.0;-102.58026342836884;106.072374603225;0.0;0.0;0.0;418.3610684158062;341.49462247976857;597.4049514149594;12.550832052474185;10.244838674393057;17.922148542448785;1.6936346766617498;1.6074944776851157;2.3039854829039794;2275.2543222920576;1.2532238854819322;True;58.82841068487624
121728;post2010;> 2010;T1;455.0;5650.170074549204;5281.267963077272;6355.648925883364;5796.7660977719015;5482.72503383934;6508.338195508742;-146.5960232226971;-517.6978063380622;200.27846621681633;-146.5960232226973;-485.22037714325;142.52492227441573;0.0;-170.73308416379183;194.26622299933504;0.0;0.0;0.0;367.6833631714263;348.622264201984;423.4177392443572;11.03050089514279;10.45866792605952;12.702532177330717;1.3341470986394353;1.2721961740289338;1.698208904054928;717.9762725548785;4.897651769613051;False;-2.5289276943405414
114798;pre1975;< 1975;T3;301.0;8007.03888797877;6145.448802797034;12497.062636178947;3337.355181040717;3140.1605480647527;3835.5289297360355;4669.683706938053;2768.805025191807;8835.647403087478;4112.665563851788;2283.971963688108;7986.33060083372;557.0181430862664;167.8181395369532;1149.9907357623385;0.0;0.0;0.0;696.790297840288;521.4737275568268;1098.0430435441936;20.90370893520864;15.644211826704804;32.94129130632581;1.6609253936583748;1.5595183042140885;2.2418557840580413;6066.842377895671;1.2991977098752467;True;139.92168809200177
1081057;post2010;> 2010;T1;200.0;3151.229845463398;2898.4350127662374;3519.868860383125;3252.6551471821517;3025.6374575829536;3610.284620049026;-101.42530171875387;-346.2701993087728;123.34926477570784;-101.42530171875381;-319.49019765150047;97.77910826771227;0.0;-101.28721644031374;100.60022422863393;0.0;0.0;0.0;195.93065837215346;181.5714025298764;220.63685585820213;5.877919751164604;5.447142075896291;6.619105675746064;2.0489720494198638;1.959811983818649;2.3399667217434548;469.6194640844807;4.630200316156876;False;-3.1182310183303903
9776611;post2010;> 2010;T1;180.0;2850.8240926369845;2651.1533054667016;3186.6889524724165;2952.1650577877535;2774.096840779874;3281.937124575944;-101.34096515076908;-330.8991765837775;118.71192832575741;-101.340965150769;-320.9723154123245;104.10024471995486;0.0;-83.82363581382872;80.09456083581276;0.0;0.0;0.0;169.40174217093863;158.57532928810107;193.73663572438187;5.0820522651281586;4.757259878643032;5.812099071731456;1.8884199576606167;1.8163213929066464;2.2159517950336656;449.6111049095349;4.436617553825643;False;-3.432767584706472
7411010;post2010;> 2010;T1;260.0;3902.694121663437;3630.421262054875;4371.608348763605;4044.1154110842754;3813.964958953829;4537.972105034897;-141.42128942083855;-470.96325129242723;146.2833409847554;-141.42128942083835;-463.34210513572987;123.88070628894687;0.0;-122.2998406148661;117.92681636534697;0.0;0.0;0.0;245.3185487991426;227.14678177751304;286.8162735508216;7.359556463974278;6.814403453325392;8.604488206524648;1.8984703333195931;1.7665236508603472;2.3313256152131694;617.2465922771826;4.364594572747763;False;-3.496964726407791
512280;post2010;> 2010;T1;300.0;3770.6311880549356;3476.238604758263;4298.701137313137;3902.643881150544;3683.218206752213;4426.749953320388;-132.01269309560848;-443.64325506392095;177.21681780299627;-132.01269309560817;-416.1198052117949;130.99794820038676;0.0;-139.5063758415882;146.7632475601992;0.0;0.0;0.0;279.733467666175;259.9031947772762;335.49008131137026;8.39200402998525;7.797095843318286;10.064702439341108;1.8522703842524304;1.7400532871698449;2.377745588763793;620.8600728669172;4.70303315770755;False;-3.3826476900241698
7710511;pre1975;< 1975;T2;200.0;7654.422594460127;6137.534612136403;10681.85055157633;3121.0181364601444;2991.312791515489;3520.577750287438;4533.404457999983;2928.5473296223813;7311.440715786742;4030.470576058859;2409.1635776485487;6752.142531564224;502.9338819411232;400.62726207173233;687.0162999307439;0.0;0.0;0.0;527.8389395210027;407.38954368050577;767.2282389676906;15.83516818563008;12.221686310415175;23.016847169030715;1.9557224523681938;1.8710288700431554;2.5081376650891523;4382.89338616436;0.9667995491622152;True;145.2540248017195
823761;1991_2000;1991 - 95;T2;240.0;4105.952340264119;3549.2885749334255;5012.8535388976625;3151.407878770248;2989.416885671152;3517.1773407878914;954.544461493871;341.0691295879971;1684.4600189024702;954.5444614938709;381.81875308348003;1652.8734019499009;0.0;-110.39062563526792;103.14556232083552;0.0;0.0;0.0;338.2439571492041;286.83003404513164;420.04949870799425;10.147318714476123;8.60490102135395;12.601484961239827;1.939894360957931;1.8702356807294616;2.2882310737611067;1343.390889314473;1.4073633481797734;True;30.289461034994822
1101758;1976_1990;1976 - 80;T2;192.0;3058.674846755406;2433.821635425879;4128.567598639022;2166.3517575077744;2061.506007525745;2428.062107338584;892.3230892476317;251.42757584390213;1819.5735472599026;892.3230892476316;272.0786692182512;1805.6044435069305;0.0;-76.85028309853955;76.3925049665886;0.0;0.0;0.0;288.67679999999996;217.07522680225085;415.9868008740955;8.660303999999998;6.512256804067525;12.479604026222864;1.625;1.5474689583391814;2.0924654737930584;1568.1459714160005;1.7573746441305171;True;41.19012926479598
1061168;post2010;> 2010;T1;160.0;1911.1566120208076;1757.2064590876562;2098.1522139282224;1981.2643880466012;1857.3856782890343;2175.016799142891;-70.10777602579356;-229.71796020580052;69.88942587806567;-70.10777602579363;-212.88981262470614;56.37271573158965;0.0;-66.3897657547527;73.7071025560681;0.0;0.0;0.0;154.64569671964597;142.68212601304765;172.5085762415053;4.63937090158938;4.28046378039143;5.1752572872451585;1.994315018740781;1.900875548274491;2.258069785750048;299.6073860838662;4.273525749463751;False;-3.538537130570206
808112;1976_1990;1981 - 85;T1;140.0;4355.349958529916;4047.2743083882324;4901.55784506403;2037.454399035791;1909.9253955743654;2261.8319125200824;2317.895559494125;2007.747677766057;2751.16652266604;1356.51729862456;1106.1491301301814;1759.3212026351607;0.0;-61.243021387388005;59.065987543868026;961.3782608695652;828.0905075856523;1081.382125723022;296.8808525850883;272.30967021092437;353.91470130190817;8.90642557755265;8.16929010632773;10.617441039057244;2.040846898081145;1.9284910597622476;2.37273774347869;743.4188448999828;0.32073008719263957;True;113.7642913918
1019970;post2010;> 2010;T1;170.0;2741.8724855418423;2499.5180833958466;3112.0190911118752;2816.510786436001;2590.5465811976733;3172.832584267229;-74.63830089415887;-249.87348065876608;99.86701515072636;-74.63830089415865;-249.64209502283563;74.16829323039346;0.0;-79.55731057899513;77.45751571084548;0.0;0.0;0.0;162.35856971940808;149.1123233290735;192.5337461999666;4.8707570915822425;4.473369699872205;5.776012385998999;1.9464600421423555;1.8333684303886641;2.4764176584739794;349.7404958094925;4.685804628717946;False;-2.6500271631697108
1148611;1991_2000;1991 - 95;T1;240.0;5190.170465612457;4885.034399733818;5749.76783878625;2827.549548335731;2646.0526964331634;3120.83648552036;2362.620917276726;2080.364494642105;2792.2034407687634;920.5535259723781;735.6352243656754;1203.8262590105749;0.0;-99.47310836295897;105.3171656126113;1442.0673913043477;1248.2002403370811;1639.1745629521888;369.1588752244958;346.3274151334701;417.78582990696043;11.074766256734872;10.389822454004102;12.533574897208812;1.9095672365492102;1.820139423560865;2.209760107003823;711.8389461266584;0.30129206971855615;True;83.55718889762134
7048688;1976_1990;1986 - 90;T2;135.0;3710.69155416344;2991.7920522973177;4588.617713087918;2782.831644687574;2562.3203884226446;3100.544658274979;927.8599094758656;255.04097713387898;1735.894875712784;927.8599094758652;270.94463957922426;1710.4896083743417;0.0;-67.4848534989831;77.96532467070382;0.0;0.0;0.0;243.89512963311222;173.3363226153643;333.6492439761187;7.316853888993366;5.200089678460929;10.009477319283562;2.109968943799849;2.003653161980012;2.4178416958511546;1480.853898578905;1.595988665374515;True;33.342294035183556
109104;pre1975;< 1975;T2;200.0;7546.74924148002;5349.364553037325;10290.43775551147;2717.148401547785;2571.671523701457;3005.997629272672;4829.6008399322345;2630.8796197781307;7469.5028167403625;3373.8159134583316;1195.9875852177868;6041.971930031326;494.4066656043377;394.6879556695841;633.9810842953466;961.3782608695652;819.8334211669257;1100.4611916748413;463.58;297.29746893377114;686.0662862561898;13.907399999999999;8.918924068013133;20.581988587685693;1.83;1.7566874503434635;2.1497075326503174;4838.623196962231;1.0018681372082343;True;177.74519923833094
468646;1976_1990;1986 - 90;T1;150.0;3227.3472369389488;2989.652862064907;3892.330593889432;1962.7755708431018;1841.7876986510425;2245.9312715642477;1264.571666095847;1025.8156839368885;1788.8305930937302;1264.571666095847;1042.257915042329;1782.475353528199;0.0;-55.148712674230076;54.29618279296163;0.0;0.0;0.0;312.4978805561604;284.99173275566045;395.70565344845244;9.374936416684811;8.549751982669815;11.871169603453572;1.99427400463467;1.890089060414472;2.548968595179501;763.0149091568417;0.603378147410595;True;64.42772596525927
1114639;1976_1990;1976 - 80;T1;195.0;4430.300913797719;4056.437892239824;5006.705602307127;3143.459545753456;2876.854021006235;3505.8836274466626;1286.8413680442627;1020.5166660327916;1683.083165629478;1286.8413680442623;1056.5804431856334;1673.2887062792458;0.0;-70.541544059964;64.8750416727255;0.0;0.0;0.0;382.1142208358984;350.67988846449265;441.4072149665472;11.46342662507695;10.52039665393478;13.242216448996418;1.8395751335634511;1.743060732091538;2.0933030271713524;662.5664995966863;0.5148781474158332;True;40.93710605510018
671781;pre1975;< 1975;T2;180.0;8119.795067144718;6316.049044497897;10642.794420161965;3456.29420756688;3259.896645924529;3822.075273561316;4663.500859577838;2884.2001188634067;7029.824302892453;2740.7443378387065;996.9264959778249;5039.395903903016;0.0;-83.02256774604989;87.07536210860235;1922.7565217391304;1670.559895412725;2190.5656398901374;427.737592378911;273.4357756177273;646.6559739421643;12.832127771367329;8.203073268531817;19.399679218264932;1.8884199576606167;1.8133727204941728;2.221669066817008;4145.624184029046;0.8889510925069986;True;134.92777464858216
768113;1976_1990;1976 - 80;T2;150.0;4526.172542418582;3816.3377898811714;5669.41547418356;2386.2019370058865;2245.9907679970465;2664.9482258648145;2139.970605412696;1404.108948366933;3176.2583407992774;1728.300555943833;994.9996155173395;2777.8400862867184;411.67004946886306;318.7936594543589;534.1193632058732;0.0;0.0;0.0;282.8780410522071;229.56504597996638;366.9305294605405;8.486341231566213;6.886951379398991;11.007915883816215;1.9970765814495917;1.9162297678379194;2.3291754803302602;1772.1493924323445;0.8281185675868586;True;89.68103546583522
122850;2001_2010;2000 - 10;T1;220.0;3003.9794268450187;2843.7938793670187;3582.253142012423;2100.4739760831467;2002.0949684696648;2485.441805456915;903.505450761872;683.6722465459088;1270.0648512453809;422.81632032708893;221.25981507083586;740.725414554937;0.0;-104.08839712069695;102.59230587018848;480.6891304347826;414.04693378417903;544.6112484711822;268.01039398897103;249.4034901037223;335.68972847313233;8.040311819669132;7.482104703111669;10.070691854193969;1.82582265896558;1.722435717528764;2.4525028138657214;586.392604699472;0.6490194433304218;True;43.0143606181059
461104;1991_2000;1991 - 95;T1;210.0;4486.148415113876;4220.353415015211;5021.0289547909315;3332.388608927865;3139.316302425177;3680.506177729887;1153.7598061860108;892.7133255537263;1519.0819591395925;1153.7598061860112;917.6342307367504;1504.0015336310473;0.0;-98.97728783153448;100.55870374165445;0.0;0.0;0.0;309.30181672837233;290.57175032720806;351.5712284322462;9.279054501851169;8.71715250981624;10.547136852967386;1.7908468980811454;1.7260996245470788;2.049409633040203;626.3686335858662;0.5428934430091268;True;34.62260683207688
112810;1991_2000;1991 - 95;T1;180.0;4210.432579706886;3948.3122841114123;4877.815411805616;3242.491151515311;3030.5822975843134;3670.0686039186926;967.9414281915751;769.8574488321249;1402.1357718259092;967.9414281915751;793.3881040456798;1376.8534313314628;0.0;-81.83807545547954;83.16290801478223;0.0;0.0;0.0;286.64443786348755;270.3383792870209;350.3093556994518;8.599333135904626;8.11015137861063;10.509280670983555;2.0083074531665406;1.902084595133235;2.586142045705084;632.2783229937843;0.6532196107930651;True;29.851783180325036
610891;2001_2010;2000 - 10;T1;240.0;6147.126562333975;5729.240226124255;6899.283747054153;3680.5116241081087;3464.182850904193;4152.44495341498;2466.6149382258664;2067.0813384711514;2949.792348445104;543.8584164867356;283.65133567790446;930.3074130036591;0.0;-103.6005805843499;96.18868809590735;1922.7565217391304;1660.8658576939029;2193.235388105001;296.3673556023764;275.2447777733794;357.19090188618003;8.89102066807129;8.257343333201382;10.715727056585399;1.8674099541914206;1.7656482286646158;2.4022228029297548;882.7110099739525;0.3578633196022278;True;67.0182624086562
858577;1976_1990;1981 - 85;T2;180.0;3943.1474971388807;3334.7454193365716;4925.098438632285;2071.595995717043;1980.0040813812277;2331.5934791711493;1871.5515014218377;1258.4728615031597;2704.4625075835447;1390.8623709870544;801.6842039770058;2249.0327934470542;0.0;-82.77020890011697;79.29137098077287;480.6891304347826;415.3524051300844;542.2906481755224;325.7629146652377;268.9973103828204;426.14700351204834;9.772887439957131;8.069919311484613;12.78441010536145;1.8884199576606167;1.8240624616727115;2.200884299039927;1445.989646080385;0.7726154716992032;True;90.3434600805953
8399121;2001_2010;2000 - 10;T1;168.0;5979.512098277151;5564.152588615564;6587.128902843988;3539.6426683526506;3296.545375720668;3946.083676865387;2439.8694299245008;2073.1278972890923;2898.9551120723513;517.1129081853703;284.01765617939776;846.4956778285805;0.0;-93.74133308088516;88.79879128258692;1922.7565217391304;1673.4331070989674;2191.2041927584746;211.55410800883692;197.16094602977842;243.84837271476738;6.3466232402651075;5.914828380893352;7.315451181443022;1.928376607274359;1.8337976217389156;2.2588378963890086;825.827214783259;0.33847188896858854;True;68.92982310725777
108987;2001_2010;2000 - 10;T1;180.0;5677.569387252432;5309.444663637441;6231.298708981326;3633.6040714794644;3440.3107077934005;3981.0717213169432;2043.9653157729672;1673.8504803286592;2485.7938830044286;601.8979244686195;327.9109119602615;947.655889523755;0.0;-115.53290810817609;109.64107938105236;1442.0673913043477;1228.0288823699127;1651.1952244079093;213.10050930239274;197.5141359982855;243.0336332150575;6.393015279071782;5.925424079948565;7.291008996451725;1.7399792958665659;1.669244790387632;2.0256989433968755;811.9434026757694;0.3972393251539674;True;56.251734519351274
788488;2001_2010;2000 - 10;T1;250.0;5273.468686796018;4915.022967198121;6053.857302919496;4430.47943817399;4192.9835881906965;5009.700640928428;842.9892486220278;403.23153041247525;1394.9077907417584;842.9892486220268;439.8645682245694;1387.6357880160906;0.0;-145.89809476266475;158.5931651131063;0.0;0.0;0.0;319.41591466523766;297.37920254222087;375.5012801488969;9.582477439957131;8.921376076266627;11.265038404466907;1.9744091466523768;1.8504492418428333;2.4150849877443967;991.6762603292832;1.176380673834575;True;19.027043469802525
865116;1976_1990;1981 - 85;T1;200.0;5032.94527733935;4752.130237781607;5699.6246957324165;2412.74824637451;2286.4309478030705;2686.7588257112084;2620.1970309648395;2319.7837135318678;3179.1060593286024;1658.8187700952749;1401.7838069403424;2178.87571570435;0.0;-80.00147443518652;71.76956627215621;961.3782608695652;831.4239759481964;1098.2292265917931;390.38;361.7069915968713;461.02911718700943;11.7114;10.85120974790614;13.830873515610284;1.83;1.7657128153837118;2.1479272906481404;859.3223457967347;0.3279609646303221;True;108.59802861330643
991118;1976_1990;1981 - 85;T1;234.5;5268.126654779832;4943.45400198974;6248.479052118098;2562.7418058422586;2438.5902392405073;2907.5980563071503;2705.3848489375737;2356.6043345186495;3448.3579458613535;1744.0065880680088;1428.2647346307035;2459.8070192335417;0.0;-104.70549537284762;100.73966442517353;961.3782608695652;818.9839073706843;1096.9294803587372;434.3154064374479;399.6635529209056;545.5838198891666;13.029462193123438;11.989906587627168;16.367514596675;1.7052391068094237;1.6149957203859926;2.159383945033948;1091.753611342704;0.40354835718527976;True;105.56603255037761
816910;1991_2000;1995 - 00;T1;180.0;6802.595426824304;6522.235785323176;7562.413252425629;3882.728731331633;3675.5735120126856;4356.281203849686;2919.866695492671;2579.421719529617;3538.150819294667;1477.799304188322;1218.2749411924965;1977.7523402308607;0.0;-127.92606842794864;121.9781865496003;1442.0673913043477;1237.940707200044;1622.4560691471424;274.7755758084011;261.0000537033749;315.3658658794775;8.243267274252032;7.830001611101245;9.460975976384326;1.8884199576606167;1.8299471370639375;2.214039554271174;958.7290997650503;0.3283468732476786;True;75.20140853340698
1001228;2001_2010;2000 - 10;T1;170.0;2419.773439843314;2222.7362896282584;2706.111716638023;2156.168152844055;1994.446312525124;2381.450721247407;263.6052869992591;125.02829079107515;415.4012487485431;263.6052869992585;144.170641434897;413.92998723006406;0.0;-45.070307075472726;48.678279436235044;0.0;0.0;0.0;214.9888542811089;200.15677807625957;244.16002713891504;6.449665628433267;6.004703342287787;7.3248008141674505;1.9418507982516016;1.848537354560616;2.226368449968038;290.3729579574679;1.1015445147664435;True;12.225636792360339
107461;1976_1990;1981 - 85;T2;120.0;2216.927575893889;1783.2786314127716;2855.393457566336;1599.996041460014;1492.0907348798364;1766.3442021823496;616.9315344338747;163.82612221837994;1161.5890122183148;616.9315344338744;173.37716064708212;1167.6932488063696;0.0;-36.25436544554969;37.544965680077176;0.0;0.0;0.0;219.36855034760026;157.7549978689949;307.643952906662;6.581056510428008;4.732649936069848;9.229318587199858;2.1442740046346698;2.068911848974152;2.4906673889296114;997.7628899999348;1.6172992209184587;True;38.558316298765206
106100;1976_1990;1976 - 80;T2;140.0;3311.2986688348697;2794.231686019615;4100.321266759953;2080.1531517753224;1949.0446411029113;2302.74637465976;1231.1455170595473;704.385707899263;1925.946283746834;1231.145517059547;708.9248696689701;1890.29593311004;0.0;-59.71278147388303;55.28041602667515;0.0;0.0;0.0;306.98452458396844;246.49516953016123;392.1211285778153;9.209535737519053;7.394855085904837;11.763633857334456;2.435495148816005;2.2944616537221427;2.7799792065115154;1221.560575847571;0.9922146155111958;True;59.1853304651543
5845834;2001_2010;2000 - 10;T1;180.0;3015.125009609086;2789.906276222795;3469.58275310502;2707.241821913598;2523.1603362703627;3077.8306308110177;307.88318769548823;164.70496719726881;551.2404844734307;307.8831876954883;170.56276549233124;543.7411002784819;0.0;-68.53470095210862;68.79146446372798;0.0;0.0;0.0;226.35274360871938;213.15609167403042;277.8275214492452;6.790582308261581;6.394682750220912;8.334825643477355;1.924038105676658;1.8314970708988918;2.4570714559111915;386.53551727616184;1.2554615929807271;True;11.37257799444982
1111201;pre1975;< 1975;T1;250.0;10503.316779255936;9680.667908852247;12995.224247399816;3723.8525413574316;3514.3354383917967;4259.070803762788;6779.4642378985045;6089.206472500603;8917.347687253348;4567.054933824333;3875.916974955867;6631.114460341324;289.65278233504034;184.16712638013357;438.5840713640293;1922.7565217391304;1651.731587066542;2191.320870571693;619.614033339602;562.7534434388257;826.2277244031416;18.58842100018806;16.88260330316477;24.786831732094246;1.4744860247099318;1.378538287032074;1.9716701594803885;2828.1412147527453;0.4171629372927279;True;182.055120674226
8612210;1976_1990;1981 - 85;T2;300.0;5922.017084799103;5232.410012423371;7157.1111216669515;4324.218728265994;4058.2207932863466;4820.472964887466;1597.7983565331087;891.9394149019225;2587.3046156314713;1597.7983565331099;953.7401402865919;2582.5431165588143;0.0;-111.14549170000866;124.62110394312197;0.0;0.0;0.0;489.0514245544082;415.1131095022007;637.7898715631563;14.671542736632246;12.453393285066023;19.133696146894692;1.631816307401944;1.5615415268481334;1.9338114692389718;1695.3652007295486;1.0610633023857527;True;36.949989279886026
7211010;pre1975;< 1975;T3;180.0;5872.37427911085;4449.862895168748;8094.238374465231;2843.5583700730567;2644.5401765493207;3170.2627510092243;3028.815909037793;1638.349982211392;5283.403179700451;2687.687186084745;1461.7406533582634;4686.300922887516;341.12872295304686;78.87723128359612;674.6745603902172;0.0;0.0;0.0;461.72915161680214;342.873116464747;649.9459581297924;13.851874548504064;10.286193493942411;19.49837874389377;1.8884199576606167;1.8043291666564152;2.1907289458605144;3645.053197489059;1.2034581522807157;True;106.51498984211028
1211151;pre1975;< 1975;T3;245.0;7722.771701086665;5978.102668192188;11817.458751640037;3612.4887690752703;3412.3785786715316;4190.309492921142;4110.282932011395;2326.2802181847874;7953.669146047744;3834.9996686805043;2201.1300962690834;7447.137880058949;275.2832633308902;-68.76242520244513;795.0859494131392;0.0;0.0;0.0;639.3710055245525;482.5601507532858;993.740180898452;19.181130165736576;14.476804522598576;29.81220542695356;1.9288887032450928;1.820694851387293;2.5923830203975204;5627.388927862957;1.3691001376173284;True;113.77981205637217
7771161;pre1975;< 1975;T2;240.0;8346.405148054839;6445.830674703264;11147.226693618142;3373.487165718945;3161.310885197686;3691.9406695336074;4972.917982335894;3009.609938855538;7598.668528208828;4406.86684308007;2405.2226835328543;7004.168133195486;566.0511392558234;439.18508940220414;724.9708905222633;0.0;0.0;0.0;603.7067274252031;444.84225941447454;835.0911469761235;18.11120182275609;13.345267782434236;25.052734409283705;1.8432224523681937;1.7531416850629813;2.111275100100178;4589.05858935329;0.9228100293738816;True;147.41179491862937
5769106;post2010;> 2010;T1;200.0;2883.1781168224993;2659.6102074692753;3200.2922735486063;2963.555018201494;2764.8674378917112;3288.130584794045;-80.37690137899472;-280.32486891641054;94.79793293060496;-80.37690137899443;-258.0197135414097;77.12445953049401;0.0;-86.9088302320904;80.51604013801774;0.0;0.0;0.0;185.42;172.79942434320384;210.4378827590006;5.5626;5.183982730296115;6.313136482770018;1.83;1.7556851438356003;2.137750830268129;375.12280184701547;4.667047315972399;False;-2.712178477718069
901187;pre1975;< 1975;T1;180.0;7091.7063583505005;6529.510531973047;9278.783694570324;2378.622770385029;2251.4802884930214;2795.0296909577146;4713.083587965471;4159.65427680941;6678.479146831375;4303.308330151823;3776.109695305382;6215.793059527186;409.7752578136487;332.32391418196556;565.4388104216121;0.0;0.0;0.0;570.3958466527597;519.0007351957686;766.04030710824;17.11187539958279;15.570022055873057;22.9812092132472;1.9859006035092992;1.8719917834384034;2.6984156445670884;2518.8248700219656;0.5344324629534702;True;198.14338139891606
7411491;1991_2000;1991 - 95;T1;180.0;4256.620883214976;4017.1969640523866;4723.737443989274;3260.4772569466363;3024.243701490699;3589.433076835492;996.1436262683396;781.4404424866731;1306.9214051968727;996.1436262683394;808.3341940124399;1281.2891752505634;0.0;-82.25916075604663;81.34218810830741;0.0;0.0;0.0;294.66481672837233;275.26866265907773;333.98003596119224;8.839944501851171;8.25805987977233;10.019401078835767;2.0893213810946696;1.9636375172073393;2.3929488954461964;525.4809627101996;0.5275152586968883;True;30.552080194578807
1071058;post2010;> 2010;T1;250.0;3507.754603243565;3269.059872879606;4036.158394648772;3622.6267876680295;3411.6487176062087;4109.4054768485785;-114.87218442446465;-399.4367692345852;139.18340775134496;-114.87218442446462;-374.9209246812953;107.71409269293972;0.0;-92.1095440046;103.05832369479438;0.0;0.0;0.0;229.53781336142583;212.96083140208185;272.7387118373267;6.886134400842775;6.388824942062454;8.182161355119801;1.792713556023764;1.6933293596376293;2.2963088884094547;538.6201769859301;4.688865104155003;False;-3.170963810445696
1091217;2001_2010;2000 - 10;T1;150.0;3647.085485168007;3370.0491283494202;4220.56977597678;3351.0776195135954;3051.7139523454002;3818.3781186344218;296.0078656544115;143.41629816968185;528.1362244300879;296.007865654411;174.9706396398572;521.933382056435;0.0;-66.7601273232878;68.09263913242539;0.0;0.0;0.0;199.25738368162433;185.2429894917371;247.01276639098765;5.977721510448729;5.557289684752114;7.410382991729629;2.101206394693739;1.9891963382703282;2.706868296931039;384.719926260406;1.2996949436119567;True;8.833214245194853
7069411;1991_2000;1995 - 00;T1;190.0;4246.374531348223;3998.5135014227953;4982.6943278391955;3258.2923929677672;3046.9510009682067;3710.8403427492285;988.082138380456;803.7538822641374;1459.6847891637192;988.0821383804556;801.6330660188411;1433.0025804555612;0.0;-78.5546116558555;85.81971364967974;0.0;0.0;0.0;307.83046976050133;290.953171663745;378.7356587689682;9.234914092815039;8.72859514991235;11.362069763069046;2.0586552130191516;1.9459848104375943;2.644221582241202;655.9309068995818;0.6638424898305559;True;30.32515254042244
679810;1976_1990;1981 - 85;T1;320.0;4321.410180521033;3987.8068103289197;4938.069953997584;2770.770231508057;2637.5377387301132;3048.0385691051665;1550.639949012976;1226.9957348672588;2039.4209892070921;1550.6399490129754;1267.9526413349165;2026.6568339643181;0.0;-108.89559357611103;109.46323045895052;0.0;0.0;0.0;448.928;415.19594401757183;517.7596482493839;13.46784;12.455878320527155;15.532789447481516;1.14375;1.0992404963022524;1.3378938567835017;812.4252543398334;0.5239290106365206;True;55.96422003454988
721074;post2010;> 2010;T1;134.0;1560.6799185995721;1450.0758085275854;1749.077110866752;1633.27168782816;1528.8564479639863;1810.5810042943237;-72.59176922858796;-248.56450662476487;75.28196330870253;-72.59176922858798;-229.04439991697913;74.87367539484856;0.0;-58.872484903464624;61.20414562436007;0.0;0.0;0.0;131.93146876938678;121.49251429915103;151.3419895089454;3.9579440630816034;3.644775428974531;4.540259685268362;2.0694299990480967;1.9588097192552663;2.4130665053528353;323.8464699334674;4.46120095122204;False;-4.444561781703125
712718;1976_1990;1981 - 85;T1;200.0;3484.8686886813334;3230.650761788084;4001.9674830610415;2173.3993598463667;2057.5186079219848;2389.618608885175;1311.4693288349667;1065.69442850696;1753.8971476524293;1311.4693288349663;1078.7025963163246;1743.3188585608132;0.0;-81.74110393959127;77.20398857139466;0.0;0.0;0.0;348.13701860478545;318.92844468842003;411.77297828408786;10.444110558143564;9.5678533406526;12.353189348522635;1.5659813662799094;1.4914194997392094;1.8304401556085688;688.2027191454692;0.5247570065224694;True;60.34184757133968
7211189;pre1975;< 1975;T2;202.0;6247.115012206967;4652.196824112324;8346.612665308223;3710.2858320135792;3448.52153785354;4119.059226980608;2536.8291801933874;919.389219522178;4490.176434163406;2536.8291801933874;948.1840330166128;4510.1560121317725;0.0;-76.67417950195596;82.51920692843902;0.0;0.0;0.0;467.13311341621124;303.5543415622932;695.0537464305477;14.013993402486339;9.106630246868797;20.85161239291643;1.8246401654267885;1.7559539485677311;2.121853138307491;3570.7872146412283;1.407578895150134;True;68.37287732133147
811080;1976_1990;1986 - 90;T1;190.0;4002.028234009421;3697.1619233427105;4621.541564713909;2371.674882222669;2231.058780424591;2610.6360208038855;1630.3533517867518;1327.803903800596;2163.8038069878417;1630.3533517867522;1325.5158061301834;2146.6002706574445;0.0;-82.97618591270383;74.28251798457875;0.0;0.0;0.0;375.12560627829885;341.81412001173544;443.9083714320606;11.253768188348966;10.254423600352062;13.317251142961817;1.8580566202519662;1.7721924188931872;2.1564935798104097;835.9999031872458;0.5127722173055609;True;68.74270010646777
5831058;pre1975;< 1975;T2;160.0;6499.1650088783135;5225.081183631105;9426.095827501638;3023.3853199331343;2863.7686970015925;3450.6169700496694;3475.7796889451793;2239.79337054098;6139.236869381432;3089.6942285271134;1847.3472124264524;5649.590706577309;386.0854604180662;309.74459752458034;532.2178909519623;0.0;0.0;0.0;421.264;318.854508849318;657.3058217638518;12.63792;9.565635265479543;19.719174652915555;1.95;1.863427617761304;2.663012832211212;3899.4434988404523;1.1218902944978786;True;114.9631727728985
760117;1976_1990;1976 - 80;T2;155.0;3362.980119805183;2865.5241562791666;4134.754127368062;2168.752578216327;2053.029138004651;2395.4192597422993;1194.2275415888562;663.2165963482787;1867.1611496974012;1194.2275415888562;696.9475222081605;1882.7027690586656;0.0;-62.31835564407876;66.18139075893029;0.0;0.0;0.0;290.1070354741421;240.2290258442316;374.26284398135147;8.703211064224263;7.206870775326948;11.227885319440542;1.97679756197366;1.8982967666343258;2.281581850575895;1203.9445533491225;1.0081366501959403;True;55.06518141276581
468980;pre1975;< 1975;T2;160.0;6661.628951895022;5122.023601922232;9743.746552123877;2506.7832177596783;2383.12484251983;2883.587444569338;4154.845734135343;2575.356140706992;7009.06662681571;3713.030364478033;2120.9208251477853;6522.4778931145065;441.81536965731107;351.00551298132905;599.5157194762368;0.0;0.0;0.0;459.0235449239783;342.3853152179749;689.0136186831257;13.770706347719349;10.271559456539245;20.670408560493776;2.1645428688862403;2.0353784780810336;2.7623669976961587;4433.710486108718;1.0671179557118764;True;165.74411798753562
103721;2001_2010;2000 - 10;T1;160.0;2193.4031240585527;2059.020908909822;2439.795013306957;1900.0513771306464;1787.6057819184446;2095.1207905017286;293.35174692790633;154.0795658238667;486.57608938852036;293.35174692790616;169.06678271338149;476.16910808314015;0.0;-69.32720095458755;64.35320588569064;0.0;0.0;0.0;203.34250930239273;188.98459813188353;235.78691941020952;6.1002752790717825;5.669537943956505;7.073607582306286;1.9574767078498865;1.8700219521330408;2.2657702397511557;332.49652356465367;1.1334397256763822;True;15.439148144031247
821088;1991_2000;1995 - 00;T2;220.0;2845.395519195611;2520.1902830396084;3371.4295633153993;2266.3191288134853;2126.7268646688235;2509.23761282284;579.0763903821257;241.66989280854852;1045.2828817552572;579.0763903821259;249.37845594007126;1037.849190576852;0.0;-81.72576508957191;79.50587836637028;0.0;0.0;0.0;293.32078782225756;252.73918519703398;363.6809910526002;8.799623634667727;7.58217555591102;10.910429731578006;1.7797395963852398;1.7109954385461663;2.0865953252520555;803.6129889467087;1.3877495306213639;True;25.55140549359864
796869;2001_2010;2000 - 10;T1;150.0;2560.753894420761;2379.77345199082;2978.100388381343;2172.0659329283185;2055.0999423970516;2465.022262387377;388.68796149244235;198.41033572237936;650.2971281951798;388.68796149244264;205.7323461349725;622.5277508713549;0.0;-61.19331557343198;65.58162058027901;0.0;0.0;0.0;210.09954531540598;193.3033446359452;252.8298864566614;6.302986359462179;5.799100339078357;7.584896593699842;2.2819090885901003;2.1737957954877167;2.8112545812602923;451.8867924728004;1.1625952878439918;True;17.894850961933006
727690;1976_1990;1976 - 80;T3;157.0;3310.690771132959;2672.9870329515234;4264.968531741643;1856.2169917373153;1721.5071398980015;2047.0923452146276;1454.4737793956438;809.6790682585516;2271.8737574207416;1175.2999662439238;632.0356783190337;1904.0432695505901;279.17381315172014;101.38894120125377;554.6990588184893;0.0;0.0;0.0;297.36319228888215;241.0080834052682;377.0757876413797;8.920895768666465;7.230242502158045;11.31227362924139;2.0087615312910114;1.921003207104751;2.3026489829422268;1462.1946891621901;1.0053083870441133;True;78.35688315913634
669010;1976_1990;1986 - 90;T2;170.0;3934.939410658041;3355.5805593546406;5190.571158733622;1996.641690181174;1888.187010563237;2343.1922596882473;1938.2977204768672;1308.873001218678;2935.095500571191;1457.608590042085;864.9203695286936;2471.5912628001074;0.0;-76.1091208370093;82.04673304384526;480.6891304347826;414.51366556245785;552.3375707127416;356.7441433315471;290.7812724776486;499.33789297837575;10.702324299946413;8.72343817432946;14.980136789351274;2.300849943962581;2.1601422125674157;2.954329742609114;1626.2224993525133;0.8389952081006544;True;97.07789484757214
9889114;pre1975;< 1975;T2;200.0;6342.13804302107;4556.798547407581;8556.883614464838;3072.5373560218986;2870.5470415233217;3390.4544249208593;3269.6006869991716;1425.2057361530603;5463.326944446908;2871.2272175589137;1032.1828327510761;5038.467179360325;398.37346944025745;316.1321669640608;507.7586862629984;0.0;0.0;0.0;507.37440988397276;325.5074243529821;744.067324956506;15.221232296519183;9.765222730589464;22.32201974869518;2.0489720494198638;1.941544090881946;2.343782346044267;4038.1212082938473;1.2350502690895937;True;106.41370008377756
7984107;pre1975;< 1975;T1;120.0;5220.81534444166;4778.550533554056;6842.426476794847;2062.9028550317175;1948.840791840912;2404.3281313209345;3157.9124894099427;2766.1259913929403;4517.701739969404;2987.153635745261;2600.647289189982;4310.36779363246;170.75885366468165;107.85818852437897;263.7689600770183;0.0;0.0;0.0;349.4522915631124;317.3144916815351;468.5998478729992;10.483568746893372;9.519434750446052;14.057995436189977;1.7957055034760026;1.670260567710976;2.446284506819161;1751.5757485764639;0.5546625355991883;True;153.08100823591082
721077;1976_1990;1981 - 85;T3;234.0;4301.760503826312;3630.280341196139;5945.040197200701;2748.5244883135747;2596.516283872991;3161.0297238526273;1553.2360155127371;806.1983018387367;2985.0111038089854;1341.7209342717158;759.3556780707802;2515.1584438345812;211.51508124102207;-50.328247946332894;585.1162718360988;0.0;0.0;0.0;359.6794543912849;302.4719794769545;507.38208703128146;10.790383631738546;9.074159384308635;15.221462610938444;1.4988452649040593;1.3951904153634487;2.0296914825592753;2178.8128019702485;1.4027570698912766;True;56.511630953878225
658466;1976_1990;1986 - 90;T1;162.0;3093.3025841607873;2859.4332363812537;3592.187941088723;1903.1944851390194;1779.3253200116035;2111.7654362247195;1190.1080990217679;980.5373849777285;1597.8421611707754;1190.108099021768;986.7652148358158;1579.8981713429553;0.0;-58.79799890132804;67.31946641298595;0.0;0.0;0.0;331.7598;306.4073317104933;398.06239906985644;9.952793999999999;9.192219951314799;11.941871972095692;1.95;1.859171690786785;2.283669789737877;617.3047761930469;0.5186963912777776;True;62.53213259678167
112120;1976_1990;1976 - 80;T1;136.0;3514.6005234539944;3294.7465844818616;4041.1567627431364;2087.053412526902;1957.8575650301275;2330.3285475563052;1427.5471109270925;1181.6283517055065;1890.3971289522797;1427.547110927092;1193.9342664580374;1862.9372858915337;0.0;-62.70299519382794;57.745723715368264;0.0;0.0;0.0;294.9292525850883;272.6231224321182;348.9018160287488;8.847877577552648;8.178693672963545;10.467054480862464;2.1008718068482377;2.0091139983217348;2.44046450640858;708.7687772467732;0.4964941414693328;True;68.40012346395527
1159664;pre1975;< 1975;T2;152.0;6648.575156461683;4711.545334891442;9263.71205798721;3187.0627982713877;2965.0370671471737;3549.7948976515004;3461.5123581902953;1490.9834639494852;5929.03575089339;3034.5075281876657;1045.0467715029959;5464.078854652788;427.00483000262966;330.061460352121;551.2922067747211;0.0;0.0;0.0;376.4652343609571;240.38603138587348;562.9053157191993;11.293957030828713;7.211580941576204;16.887159471575977;1.9888449629010334;1.9116734026335807;2.330631015142299;4438.052286943905;1.282113662383153;True;108.61136341799617
122887;2001_2010;2000 - 10;T1;232.0;3742.4625907732534;3514.5612078867584;4336.968913151987;3216.4286274905235;3048.4282760765295;3653.869849625077;526.0339632827299;265.98898275511897;901.2039986630756;526.0339632827289;280.25810069220717;894.4550228156306;0.0;-92.9060403195539;95.36194521512023;0.0;0.0;0.0;290.22969233046325;268.54814060460217;349.6280841850872;8.706890769913898;8.056444218138065;10.488842525552617;1.9077251328713714;1.7825397761202642;2.405882637589911;635.2150159079566;1.2075551394892436;True;16.354597729505496
706817;2001_2010;2000 - 10;T1;168.0;2899.750855294141;2727.8592810785685;3322.0641998610704;2545.8261603958517;2384.4808497936046;2856.116636282451;353.9246948982891;183.12139882985704;608.4336088826108;353.9246948982887;191.93790413657618;602.4696008169009;0.0;-63.79334685172437;66.68865234017527;0.0;0.0;0.0;206.7672;191.25437317109717;250.74403754591827;6.203016;5.7376311951329155;7.522321126377548;1.8571428571428572;1.745118290683055;2.3832098499675385;425.3122100527537;1.2017025547623343;True;13.9021548448248
748773;1976_1990;1981 - 85;T1;200.0;2888.084220000973;2689.1036098314266;3327.9922093142854;1861.7025471096013;1745.7923327657843;2055.717956045133;1026.3816728913716;834.0604438483215;1382.5708644354077;1026.3816728913716;850.2189861851245;1372.1921421076408;0.0;-63.43466983811725;63.26714131411096;0.0;0.0;0.0;348.13701860478545;320.79488565764694;412.25563729152486;10.444110558143564;9.623846569729409;12.367669118745747;1.5659813662799094;1.4996103071604743;1.8301669077131715;548.5104205870862;0.5344117447478415;True;55.131346008248606
877881;1976_1990;1981 - 85;T1;160.0;4704.1661428455045;4311.4008946877575;6164.323101415983;2586.9635414716267;2428.8178211320323;3083.3541171951447;2117.2026013738778;1711.8812957790435;3270.0712160979924;2117.2026013738778;1750.0771801407273;3259.608056775473;0.0;-102.34072152452286;108.23159564207579;0.0;0.0;0.0;399.4087879779421;358.72322544395104;546.1387861457982;11.982263639338264;10.761696763318529;16.384163584373947;2.5105061560776725;2.3535728710580255;3.4169260181615266;1558.189920318949;0.7359663734154781;True;81.84122301814429
100119;1976_1990;1986 - 90;T1;160.0;3724.261005262386;3394.3859583021235;4373.296139723935;2345.743804241958;2186.8015043975984;2667.627389862963;1378.5172010204278;1109.1169519000014;1939.0693008599612;1378.5172010204276;1132.3679676414831;1898.6859939929097;0.0;-73.26923783106169;73.68779678375329;0.0;0.0;0.0;379.35231593541914;345.7438791128233;467.79477272112723;11.380569478062574;10.3723163733847;14.033843181633818;2.3538149682454623;2.253213367083058;2.8494876588062863;829.9523489599599;0.6020616560646465;True;58.76674164192898
8087988;2001_2010;2000 - 10;T1;198.0;4825.303292637549;4563.2388183281;5598.520601111845;3242.529989400774;3080.179029568837;3696.6453386507296;1582.773303236775;1279.1219118560941;2109.325986255322;621.3950423672095;332.09608137341735;1045.3344695711135;0.0;-104.90759577461652;106.87765985172946;961.3782608695652;829.0045049672954;1098.600026694717;245.98783501104614;230.24318705849055;299.2430362034631;7.379635050331384;6.907295611754716;8.977291086103893;1.886157007715229;1.7969011622589242;2.4241927885760433;830.2040743992277;0.5245249415702542;True;48.81291178217521
5610182;1991_2000;1995 - 00;T1;140.0;3897.239227976694;3654.9250949181865;4262.28200900101;2139.115053634276;2006.9651713207634;2368.8961279793125;1758.124174342418;1537.9809197452525;2064.458529310616;796.7459134728529;645.8066230354915;1058.4682311420488;0.0;-64.16300073843678;57.27598847370434;961.3782608695652;827.9690903509776;1102.4976236576038;235.56242840744278;221.73144917815665;267.43913880164183;7.066872852223283;6.6519434753447;8.023174164049255;2.172161407888867;2.0596535922571446;2.4731443860507265;526.4776095653635;0.29945416669006286;True;82.1893226993766
113115;2001_2010;2000 - 10;T1;305.0;5348.708044077332;5014.724207586526;5918.11895265905;3710.4033184448567;3533.8252087515502;4090.8584714566787;1638.3047256324749;1244.1823796824087;2132.0349663713973;676.9264647629085;364.2035015705525;1060.335100903775;0.0;-170.8327564300213;160.64057527247022;961.3782608695652;822.6594543520517;1088.080359848295;343.37608579232494;323.0727566538458;389.70488111577146;10.301282573769747;9.692182699615373;11.691146433473145;1.594808080264959;1.5262930444262675;1.8376255642944073;887.8525866889886;0.5419337274671103;True;44.15435695327963
6901131;2001_2010;2000 - 10;T1;195.0;6270.742336525864;5870.10795483783;7013.857601854114;3736.4920749965377;3537.4874028309714;4239.673068909566;2534.250261529326;2142.7602205679477;3049.7903266525377;611.4937397901953;347.7416058044958;1027.2920897032766;0.0;-102.78583157080692;100.21494422385874;1922.7565217391304;1677.1538989090848;2199.1743735781547;272.4660169890818;254.5593263333159;328.4033684531038;8.173980509672456;7.636779789999477;9.852101053593112;2.2734040639625874;2.172633326384695;2.7830424778324887;907.03010608459;0.35790865639971603;True;67.82431785384355
7474976;pre1975;< 1975;T2;180.0;4112.2614695763195;2908.8485855647864;6027.385450618625;1912.9702521274644;1809.6933547837089;2165.6120814742917;2199.291217448855;1018.3611242594602;3914.509871848297;1905.9290891995972;726.6164064960074;3577.126624716755;293.3621282492576;235.51748532541188;384.0321315571334;0.0;0.0;0.0;386.9631006952005;251.68643978110987;600.618410950041;11.608893020856016;7.550593193433296;18.01855232850123;1.661895003862225;1.5581881182287303;2.111613057737274;2896.1487475888366;1.3168555053606432;True;114.96735064243502
730976;1991_2000;1995 - 00;T1;130.0;3257.1297121721054;3051.846947401242;3774.5162076992765;2491.714859473703;2339.8388462414914;2836.850074514182;765.4148526984022;604.0463143240543;1116.2267953509743;765.4148526984015;612.9364510171395;1097.7642001729857;0.0;-60.817567498320514;66.49940474165258;0.0;0.0;0.0;209.68235700620232;195.31576234394214;255.5133477086821;6.290470710186069;5.859472870318265;7.665400431260463;2.045529468618214;1.9237499583405164;2.6207781317993515;512.18048102692;0.6691540923477943;True;30.718396600968706
104118;1976_1990;1986 - 90;T1;150.0;4757.015277629313;4405.235303438029;5649.000654434201;2122.5104511990735;1994.77595136525;2449.3438032904915;2634.504826430239;2339.167114929919;3321.8378848064663;1192.4374351258919;998.1311824991917;1788.8072627100955;0.0;-58.608454264909305;67.61451585673022;1442.0673913043477;1248.9620078879532;1641.8459873716545;394.52978797794214;359.66016409613815;536.1713484465137;11.835893639338265;10.789804922884146;16.08514045339541;2.6778732331495174;2.5188829239495076;3.6083357321400618;982.6707698765472;0.37300017825667403;True;124.12211327119373
119498;1976_1990;1976 - 80;T2;131.0;4069.7485752698176;3515.7495741643193;5183.9093755681615;2651.485460838994;2494.5236663660826;3016.9301059115364;1418.2631144308234;844.9441991006687;2340.7710739974436;1418.2631144308225;846.4311923222143;2344.2495930722457;0.0;-74.62531539265794;75.82086757572081;0.0;0.0;0.0;287.99305495548253;233.851125746591;392.329897426353;8.639791648664476;7.01553377239773;11.76989692279059;2.443600381193921;2.35595647425681;2.9709751566486644;1495.8268748967748;1.0546892601779885;True;53.48937926976415
767371;1976_1990;1981 - 85;T2;180.0;3998.096889480028;3355.0873862575436;4874.8468686071665;2532.6352451234125;2388.7388617070455;2799.3163329350145;1465.4616443566156;780.7509859157186;2287.3699269009176;1465.4616443566154;823.6837302205113;2255.5833186844775;0.0;-83.37857665540473;78.42454425563224;0.0;0.0;0.0;325.7629146652377;266.8501573653078;411.4106735016138;9.772887439957131;8.005504720959232;12.342320205048415;1.8884199576606167;1.8091399796023442;2.198783551495698;1506.618940985199;1.0280848678551753;True;57.863114997643706
841211;pre1975;< 1975;T2;112.0;3887.535906577075;2769.048822114604;5443.118251867911;1860.4645295094524;1717.38636067926;2054.9322182505325;2027.0713770676225;870.2603259233792;3467.656750064796;1882.4335976638786;708.6750942635347;3309.874824329379;144.63777940374425;89.0982472316992;212.46335846502842;0.0;0.0;0.0;300.28439910863426;195.5715256408696;449.9390311861811;9.008531973259029;5.867145769226089;13.498170935585433;2.193210706327092;2.114216975525246;2.552484909939347;2597.396424141417;1.2813542007084284;True;108.95512088059529
611629;pre1975;< 1975;T2;108.0;5125.60378515524;3849.8071163900618;6750.186960877628;1986.1018498157532;1849.8682638080545;2176.983183591129;3139.501935339487;1852.0898583764038;4686.75580569658;2827.856907668156;1562.6221607186162;4349.055837597405;311.6450276713297;244.00089945493175;405.67186879794576;0.0;0.0;0.0;359.53014417642345;258.5279795286737;487.8203271054991;10.785904325292703;7.755839385860212;14.634609813164973;2.5828025604076044;2.4410123790917715;2.9271566881003612;2834.665947320176;0.9029030737047953;True;158.07356181812793
8190108;2001_2010;2000 - 10;T1;160.0;4322.279755216809;4016.885956655604;4849.313937161402;2522.0234115982917;2386.4705213674793;2844.556505315716;1800.256343618517;1531.8274780175118;2142.8674295119627;358.18895231416917;198.2606516538804;595.2809398502634;0.0;-68.74774019950328;71.04642997757763;1442.0673913043477;1225.9663319460394;1653.0744724707963;204.13638368162435;187.42770274901187;249.00826119912412;6.12409151044873;5.6228310824703565;7.4702478359737245;1.9698809950253804;1.83737116707325;2.530256948226217;611.0399514944509;0.3394183020992777;True;71.38142871075227
105714;1976_1990;1981 - 85;T2;145.0;3795.329387296675;3245.166336199556;4837.799598370879;2514.072877481966;2345.961173859703;2827.2245476935486;1281.2565098147093;734.762572468772;2134.6375374035465;1281.2565098147093;743.1004813544421;2132.908243533419;0.0;-67.83415808130864;65.12679445002865;0.0;0.0;0.0;314.02995501566977;257.1558682214281;428.96721218472925;9.420898650470093;7.714676046642842;12.869016365541878;2.396891182420392;2.3260201817563613;2.905370713713126;1399.8749649347747;1.0925797872724328;True;50.96337983240902
698983;pre1975;< 1975;T2;140.0;6976.751841718032;5567.048616555944;8832.843364899585;2651.742575600882;2454.366192642635;2969.5967092234673;4325.009266117149;2922.8733022987694;6077.549108552288;2109.0779700430166;702.8987690067687;3776.3575389867806;293.1747743350032;234.4479561078014;382.70768278762563;1922.7565217391304;1665.9075108707718;2191.638430768474;354.0245657313603;221.29696625501828;519.5350255989109;10.62073697194081;6.638908987650549;15.586050767967325;2.040846898081145;1.9530500997031823;2.361636969739023;3154.6758062535187;0.7294032479809419;True;163.1006458135216
7646451;post2010;> 2010;T1;219.0;3490.78693074114;3259.446461015736;3925.3507171714336;3589.550158775225;3355.801550922094;4008.810911183887;-98.76322803408493;-328.01681757667984;85.98183981006484;-98.76322803408469;-307.89597011420807;84.01812782658881;0.0;-78.69130377555852;77.91680679367057;0.0;0.0;0.0;212.75679403713931;197.57614140466282;242.27003517613804;6.3827038211141796;5.927284242139884;7.2681010552841405;2.0149675425635336;1.9326192225967094;2.3684653614552595;413.9986573867447;4.191829951567262;False;-2.7514096102722663
477661;2001_2010;2000 - 10;T1;230.0;5790.747902589137;5418.184223339019;6498.108025061763;3389.138009975527;3170.967350973727;3831.676504458091;2401.60989261361;1978.2105998740003;2887.1630766955354;478.8533708744796;255.85524804429465;814.6970883396524;0.0;-109.62060438133457;113.94559736303454;1922.7565217391304;1648.9967715885143;2189.041332959658;289.25389233046326;270.18412747245134;348.89912483617445;8.677616769913897;8.10552382417354;10.466973745085234;1.9243140470702527;1.849372017524307;2.448860967569645;908.9524768215351;0.3784763210782521;True;70.86196801501607
7747482;1976_1990;1981 - 85;T1;200.0;4649.554438367338;4311.70167297037;5308.652505869887;2220.2239374267174;2099.661423457826;2456.6000262637417;2429.3305009406204;2078.903929740669;2998.593028549647;1467.952240071056;1207.9580535377695;1968.9827987694055;0.0;-76.1754811318344;79.38563228988976;961.3782608695652;823.635646844464;1097.1316288273706;390.38;359.099137851504;466.28783329414443;11.7114;10.77297413554512;13.988634998824333;1.83;1.7463391170569833;2.1358177944228203;919.6890988089781;0.3785771834885705;True;109.4182645267874
776736;pre1975;< 1975;T2;180.0;5122.530921693411;3981.5968880663972;6842.736211892156;2100.8308623586827;1970.641266908723;2325.1155439102818;3021.7000593347284;1856.4321520386027;4662.805499684783;2681.372778527665;1524.762006476242;4294.8435685129625;340.32728080706204;274.36516494190073;443.55336990832797;0.0;0.0;0.0;461.72915161680214;343.9443473616785;639.3061820257772;13.851874548504064;10.318330420850355;19.179185460773315;1.8884199576606167;1.8218351959874808;2.2116531329265863;2806.3733476461803;0.9287398790547214;True;143.83357144430707
310610;1976_1990;1981 - 85;T1;160.0;3559.7246169898413;3296.104290484496;4122.76121902405;2132.4875353713414;2000.8595947730985;2387.1109342477944;1427.2370816184998;1147.5859799380319;1896.026829612262;1427.2370816184996;1163.7574639946422;1882.5933964163694;0.0;-65.33393548126782;65.62802336281354;0.0;0.0;0.0;328.6210186047855;300.77243150382606;390.7225566499066;9.858630558143565;9.023172945114782;11.721676699497197;1.9574767078498865;1.8796588262143425;2.284738797356755;748.4408496742301;0.5243984053619819;True;66.92827310570739
8773113;1976_1990;1976 - 80;T2;160.0;4625.640837164366;3843.084730790337;5988.360508753968;2228.5830871079024;2109.2624056179397;2479.4084843430387;2397.057750056463;1548.070491007987;3660.0640050916327;1932.352195670793;1115.625549036129;3087.7409474731844;464.7055543856714;365.09411083050634;606.809318548883;0.0;0.0;0.0;297.30139127918727;245.83589224130984;386.32943497402533;8.919041738375618;7.375076767239295;11.58988304922076;1.9574767078498865;1.8797310958669442;2.276088897717465;2111.993514083646;0.8810774433923828;True;107.55972096903936
897731;pre1975;< 1975;T2;639.0;15761.107554545788;10751.835650381581;22322.6124752885;6452.639433988046;6186.643180516998;7112.533385422594;9308.468120557742;4182.04553633875;15548.465434413985;7880.188696843341;2743.432985975082;14148.391717362847;1428.2794237144033;1124.3888367568525;1829.756764052902;0.0;0.0;0.0;1104.1305324261762;746.1408263261297;1581.7391418638747;33.123915972785284;22.384224789783897;47.45217425591624;1.2400038066137342;1.1917626681710114;1.453347129432859;11366.419898075235;1.2210838293545325;True;144.25830260291877
468665;pre1975;< 1975;T2;170.0;1479.0434782608697;1275.0647176382643;1724.1509864072832;1479.0434782608697;1275.0647176382643;1724.1509864072832;0.0;0.0;0.0;0.0;0.0;0.0;0.0;0.0;0.0;0.0;0.0;0.0;518.339249147615;383.965110930213;759.6237321298306;15.550177474428448;11.51895332790639;22.788711963894915;2.32832218795516;2.241221902487366;2.8540858622245358;0.0;;False;0.0
1191021;pre1975;< 1975;T2;380.0;11246.046001396331;7880.878193572403;18164.85517453603;4852.848513487676;4661.5470770013235;5742.491377290403;6393.197487908655;2777.240199086257;12662.524667968575;5910.156726000005;2255.3876252265245;12215.513501344012;483.0407619086484;330.47349625020115;736.2810771159525;0.0;0.0;0.0;915.9942308261582;610.887774152593;1542.4841719835588;27.479826924784746;18.32663322457779;46.274525159506766;1.9226111337530478;1.8353878859900208;2.5737042795263942;9885.284468882319;1.546219163036679;True;131.74113039258978
9097838;1976_1990;1981 - 85;T2;213.5;5530.7709089655455;5035.637387250116;6976.192881160716;3485.984067115056;3232.119007428814;3943.9017853355726;2044.7868418504895;1506.8053525689231;3257.037247547504;1833.5378458132025;1471.7350002837195;2761.8456251069747;211.24899603728616;-49.16211722447373;558.6511587311807;0.0;0.0;0.0;417.082242378911;382.15876834147684;532.3665639969548;12.51246727136733;11.464763050244306;15.970996919908645;1.8320585033894088;1.739514559836322;2.3483708433921526;1750.231894978581;0.8559483361085489;True;58.65737772986214
112691;1991_2000;1991 - 95;T1;320.0;1063.2187296816744;966.632413208543;1206.4370440841883;961.1119910630078;862.0361756942808;1092.220179554646;102.10673861866655;78.65872014834726;143.26211109819775;102.10673861866653;83.49026229017005;142.38887404639135;0.0;-9.926358538610529;9.930330190619657;0.0;0.0;0.0;408.0794130088825;388.0827498306262;476.2395405708564;12.242382390266476;11.642482494918786;14.287186217125692;1.4315421193686508;1.3598585817424753;1.7733884995056943;64.60339094985049;0.6327044798788636;True;10.62381278853202
699801;1976_1990;1976 - 80;T2;225.0;2287.3018524762692;1849.7273569927302;2966.113376358723;1638.4780436208887;1539.5376159133;1826.962869093149;648.8238088553805;186.60378775475425;1238.5085398285214;648.8238088553803;183.39171790275626;1238.4288716756018;0.0;-39.48417548735538;40.352800311531915;0.0;0.0;0.0;415.74305763786447;296.9491805082362;585.6830127370849;12.472291729135934;8.908475415247088;17.570490382112546;2.1757550765359253;2.099213618562887;2.581594728069957;1051.9047520737672;1.6212486929687122;True;39.599176283225525
808410;1991_2000;1991 - 95;T2;204.0;6261.423525008516;5509.01839520725;7952.882501664168;4713.811785362296;4475.579601987009;5386.717762921229;1547.6117396462196;626.6730681085454;2874.70324150179;1547.6117396462191;655.0212838204649;2859.981301370627;0.0;-188.37866898030367;181.55945809800275;0.0;0.0;0.0;281.3604319623083;241.01157448899127;363.2463971869422;8.44081295886925;7.230347234669738;10.897391915608267;1.8764585341827489;1.7796668359676062;2.30444532613115;2248.0301733932447;1.4525802020002376;True;32.83142836657134
876790;2001_2010;2000 - 10;T1;180.0;4918.777914847584;4580.360734710924;5420.331049050067;2987.1716529460837;2800.2333336762053;3302.0043371571364;1931.6062619015001;1620.3783341594722;2288.041710167848;489.5388705971521;261.81972138111286;761.2495512240874;0.0;-82.53412554645963;85.11442991514892;1442.0673913043477;1241.4268460750152;1644.3429145910686;238.25313943881622;219.24261015657558;273.8351351921297;7.147594183164487;6.577278304697266;8.21505405576389;2.0893213810946696;1.981401905207897;2.408321990115159;667.663376008376;0.34565190079220326;True;64.66338350514484
1015877;pre1975;< 1975;T2;170.0;6768.984594143634;4608.344789613782;10172.393980047658;2647.9336828123087;2501.6268250114167;3010.85805055378;4121.050911331326;1912.3336092469674;7415.015596490706;3643.947925410856;1397.1545004433358;6869.809595641138;477.10298592046865;379.77703062168297;644.7215403219918;0.0;0.0;0.0;478.7577719523772;308.5095934797698;751.8174456940079;14.362733158571316;9.255287804393094;22.554523370820238;2.32832218795516;2.239474181851987;2.8387259101931264;5502.681987243739;1.335261831421071;True;155.63270855614684
1141047;1991_2000;1995 - 00;T1;148.0;3817.492308564558;3589.2878261945853;4257.905731597273;2682.1067622604037;2535.9078115488724;2958.0665275075658;1135.385546304154;872.225633238709;1492.1965235685425;1135.3855463041536;906.3910825133056;1463.1583596748019;0.0;-83.02974006913448;82.85782879572568;0.0;0.0;0.0;259.7423264588324;242.09018422444274;293.7107531471689;7.792269793764972;7.262705526733282;8.811322594415067;2.3038467623935177;2.188060950167411;2.6288353857475073;619.9708903298335;0.5460443743959305;True;42.33185502829437
