Household_ID;n_days;n_warm;n_cold;a_12;b_12;r2_12;rmse_12;a_sia;b_sia;r2_sia;rmse_sia;r2_steponly;r2_hdd12_plus_step;d_r2;d_rmse
1060;632;303;329;17.316070754522585;3.4701278864642804;0.4479055804729628;17.15635611982295;13.79834386201511;2.021051456390905;0.47300405324949624;16.761852367892065;0.3677330329463533;0.4779879158671323;0.02509847277653343;-0.39450375193088405
10266;1091;481;610;10.826917229618225;5.086246988483473;0.5365916117346042;20.404423139280183;7.290234516347059;2.6851147814295144;0.4759240371439071;21.698988829666632;0.2931462086384271;0.5367890113426504;-0.06066757459069716;1.2945656903864489
11769;464;166;298;12.032062827220159;1.3651978616878955;0.7382707540775247;3.8664810681056925;10.139496578252182;0.8287616127782019;0.7524307531430833;3.7604351958695656;0.5235081148315175;0.7702057244007753;0.014159999065558537;-0.10604587223612683
24611;707;337;370;5.851221602482347;4.103971460550727;0.9313403601164769;4.851258891177805;2.841894659069471;2.1867511465846543;0.8282115663513152;7.673626396369753;0.49476927292068706;0.9325987484419613;-0.10312879376516171;2.8223675051919477
65651;471;155;316;2.6819760986772962;3.901608530652429;0.8529569268112385;7.487453549798322;-1.3860606435677383;2.1993998703733615;0.7539771448987328;9.684999058191885;0.41616507253197943;0.8531124211063947;-0.09897978191250567;2.1975455083935627
86109;1434;572;862;10.220953561481025;2.067195060522373;0.8337730509210066;4.272709842188302;8.256177943523921;1.179206277507699;0.8028375765473542;4.653339702124447;0.551093783451684;0.8449508854757453;-0.030935474373652405;0.3806298599361453
88721;406;166;240;21.738632661877638;1.927672971252817;0.7175620601960884;5.608212879408031;18.836689080054704;1.2088956805072233;0.8214412741160326;4.459164687186105;0.6796346453806006;0.8214442047657329;0.10387921391994426;-1.149048192221926
100101;1378;649;729;8.05917744045344;2.0288647750132545;0.47627756568636537;9.049398816703588;6.437875779708689;1.102421974266401;0.45702707782631424;9.214212536878351;0.3170583984973039;0.4839629579708816;-0.019250487860051124;0.16481372017476303
100105;364;170;194;12.918259112017152;3.4387528504508915;0.7086344427838814;9.315480681562802;9.581893752008655;1.9234357424496444;0.7175775549356163;9.171402804645549;0.5213928273608672;0.7393936621653441;0.008943112151734822;-0.14407787691725282
100119;274;137;137;18.631816207146684;3.064953834066589;0.7902472761262347;7.0902669607204265;15.633305276720117;1.8039410437714176;0.8542653599111348;5.910036718660954;0.697084188192952;0.857318602103796;0.06401808378490015;-1.1802302420594728
100120;792;340;452;9.50289830736381;3.269815535000333;0.8584196694803313;6.095884749047935;6.523306222539468;1.8404206171579252;0.8106091228169494;7.050417162882705;0.5298703803583309;0.8667885320564894;-0.047810546663381914;0.9545324138347704
100122;422;159;263;17.267503784181688;4.488036837301513;0.6707223887797888;15.309230793022683;9.972395027644442;2.8689124209678263;0.7496028654193648;13.350174623109675;0.5924000185565386;0.7500386067528959;0.07888047663957598;-1.9590561699130085
100167;522;203;319;16.52562516801803;2.0555712865012556;0.6452827938138921;7.004159389046849;14.406725959165872;1.1655046529701634;0.602593114694649;7.413658662533425;0.3750962409476887;0.6505069123744135;-0.04268967911924304;0.4094992734865759
100211;1031;473;558;29.86930798232183;3.486350834941419;0.7012102981530699;10.021739767243595;26.983265670885793;1.9241436437890422;0.6704204811297678;10.525443796457983;0.45892313252706995;0.7108441118552731;-0.03078981702330208;0.5037040292143882
100721;483;172;311;17.544302928454645;3.0195956593602733;0.6192513571494925;10.978371745327992;12.795032883520719;1.8848610366939518;0.6854975472182411;9.977707516588442;0.5426444749103887;0.6865246327698019;0.06624619006874854;-1.0006642287395504
100778;661;339;322;46.4838282881974;1.6169362400072433;0.6134913102208825;5.64453606521707;45.52053033497284;0.8626374403181802;0.5545016602842914;6.059986629251101;0.35763276090404605;0.6141319838353703;-0.05898964993659117;0.4154505640340309
100847;473;183;290;17.555541677096027;2.5745216354423825;0.15454597694985284;28.33808285502989;14.353695498831282;1.5427157141201657;0.15914818070031445;28.260848852078087;0.1163976787272949;0.1620015030746147;0.004602203750461609;-0.07723400295180127
100871;481;175;306;17.27399432929307;0.06921865075989767;0.006265031565666268;4.0579504353358145;16.937559746194;0.06753604894833867;0.01697705330370103;4.036019722389698;0.02894856423193337;0.032192665878639226;0.01071202173803476;-0.021930712946116593
100888;619;288;331;5.565027464343126;1.8792625194129244;0.45159653531705546;9.258315174756222;3.8001144491373697;1.0678130578171052;0.44955356869099317;9.275544137914;0.3205200221180188;0.4655204233100747;-0.0020429666260622925;0.017228963157778665
101101;512;195;317;27.762043687066406;3.9894822474529583;0.7053470035831857;11.925142150459598;21.812046912700126;2.4705955845874668;0.7803743411101085;10.295552851829289;0.6184533367490255;0.7817513394320503;0.07502733752692281;-1.629589298630309
101102;426;171;255;14.401437730806002;2.6598929401818117;0.8462923257189097;5.164798637943513;11.487099234236709;1.5371108749543883;0.838259779937296;5.298032685772978;0.5824433220633405;0.8701017223030564;-0.00803254578161372;0.13323404782946469
101105;679;331;348;17.642792149004826;2.821962748869351;0.6282354274611827;9.521364487819158;14.732301492032958;1.634858399195213;0.6592378034837267;9.115718274753164;0.4974963154794789;0.6690924515372378;0.031002376022544076;-0.40564621306599413
101574;381;170;211;3.3287917945133465;0.2788820058547941;0.07944356910231076;4.334140575739332;3.037046750363023;0.16125995534398663;0.07941243437705248;4.334213868983806;0.05560164185926775;0.08212600766483724;-3.113472525828609e-05;7.329324447358232e-05
101707;448;166;282;9.041863903031484;0.6287809389352492;0.1479952398680464;7.207258581852284;7.950059479541404;0.40606948837484197;0.17071142863270827;7.110529352000982;0.13983186587393182;0.17073833888719625;0.02271618876466186;-0.09672922985130228
101708;457;166;291;39.23401701025455;0.8059506313507789;0.051348499954991356;16.563799687768377;38.31968668422172;0.4688544058997809;0.04794580319506092;16.59347925789374;0.029034259299265397;0.05171664126262776;-0.0034026967599304347;0.029679570125363597
101721;481;171;310;9.892700299766378;1.4947544940505728;0.6323554080695246;5.323411532052908;8.715671493913916;0.8067374235742876;0.5161984662209649;6.106741977890711;0.24709359736171932;0.637319944862058;-0.11615694184855974;0.7833304458378034
101761;476;166;310;23.181652156585113;2.6702266172318634;0.7162965946126502;7.866691711640763;18.562320544686845;1.7018193037486673;0.8088713873618807;6.4568799254765645;0.6432993049261722;0.8091330597064449;0.09257479274923053;-1.409811786164198
101776;1184;461;723;1.2532028801653006;1.2172301431825279;0.5163704703526264;5.512118458188053;0.0712347781955458;0.6931744544316939;0.4842459192522829;5.692243547681149;0.31080976107010994;0.519957978739026;-0.03212455110034351;0.1801250894930959
101797;383;166;217;23.650197615501206;2.1309490212473747;0.6658901366663945;6.4994369704625985;21.189782110685;1.2292880747689;0.6954632709934178;6.205130612557694;0.5159925249741945;0.7079862814008845;0.029573134327023243;-0.29430635790490456
101800;590;218;372;11.153410191982305;3.4059322940869543;0.6842513422792531;10.727838858899847;6.719274969260482;2.0434374520331895;0.7090539923951091;10.297876662657139;0.5217399646521304;0.7204330147645843;0.02480265011585603;-0.4299621962427089
101836;734;339;395;21.67693709503013;2.2111567549316296;0.7343178593879038;5.803209339617774;19.472635063804955;1.2531847892673396;0.7379067750705843;5.763880306792527;0.5252155914322166;0.7625014492358835;0.0035889156826804935;-0.03932903282524691
101891;517;197;320;27.89300130053209;4.823879845840164;0.5601646190111595;19.71816880755007;22.93475488546852;2.7350357788729696;0.5198342619646183;20.602365303216754;0.32018868260813393;0.5637255377054031;-0.0403303570465412;0.8841964956666821
101978;378;170;208;13.780211770085963;1.237778913645507;0.5613539728334548;4.601917573891691;12.553522545951765;0.690192096678796;0.565702969014114;4.579047679796704;0.40858986675686737;0.5842600005494908;0.004348996180659204;-0.02286989409498652
102105;1428;637;791;0.6642285139360933;1.6940811075707651;0.7696611757395143;4.181989786183448;-0.5091684223058683;0.9085811145733025;0.6751617156177998;4.966300554623699;0.4003742988717851;0.7696628738553088;-0.0944994601217145;0.7843107684402515
102106;1091;471;620;25.23546552131024;4.6540025865139665;0.6924650360483078;13.632976233192842;21.971463356682392;2.460593116963586;0.6008173859424152;15.532066359415019;0.3502026504946537;0.6925015549400575;-0.0916476501058926;1.8990901262221769
102109;390;170;220;15.660375423767798;3.5727955878870503;0.7249310585257256;9.674393626788659;11.566609015752643;2.0831281350561475;0.7640186539749413;8.960697422378088;0.5805509455464243;0.7739496212053771;0.039087595449215695;-0.7136962044105708
102113;552;217;335;17.281836200801926;5.839136063978349;0.7329568719457433;16.132785175187635;9.013651356430223;3.5455682914033386;0.7836190267313417;14.522058517314575;0.5820169079128953;0.7912772616709084;0.05066215478559832;-1.6107266578730606
102119;712;339;373;4.137725385338008;3.2195288314589643;0.8709098663711432;5.351333445437872;2.02837424320783;1.6761376569981643;0.7454832380832046;7.5140431115806114;0.421957037839888;0.8709991239312868;-0.1254266282879386;2.1627096661427396
102120;387;174;213;14.328387291823386;3.335148271003304;0.839635628997529;6.402167767310826;10.86392343680784;1.9151399527537545;0.8653006831886079;5.867536561873191;0.6459701496526289;0.8827135741882188;0.025665054191078895;-0.534631205437635
102299;546;211;335;21.539440815367367;1.725639133977696;0.4118479187342393;9.452991025580907;19.11033653342215;1.0431620077133543;0.43381809912643243;9.27475438870956;0.31439518423262647;0.4399922145738556;0.021970180392193117;-0.17823663687134683
102310;634;179;455;17.02851515680484;1.4691267359807274;0.3630160161174405;11.007197599334416;14.509141143125872;0.9646464083417352;0.35220701244153985;11.100195499812015;0.20429637554849278;0.367876776013332;-0.010809003675900652;0.0929979004775987
102766;719;277;442;22.183391182887917;4.317873450214468;0.5075014264341235;22.400893773814225;17.560809546969338;2.5908273340489205;0.4734768270787175;23.16176244358534;0.2858986177512246;0.5094549918666486;-0.03402459935540603;0.7608686697711136
102778;415;166;249;24.169472084830712;4.2407489052843355;0.8233615650017096;9.097797955403356;19.315104898439834;2.4778007728955775;0.8171481005231682;9.256427879372277;0.5612110726533641;0.8475452170164403;-0.006213464478541431;0.1586299239689204
102857;441;171;270;42.84383364612629;1.4536662290478164;0.297143420203428;10.517558868628017;42.55824370885846;0.7014881410036554;0.19794280052716995;11.23528943478316;0.06264389948603544;0.3342415443055291;-0.09920061967625804;0.7177305661551436
103100;379;159;220;13.47448963884155;1.0430696701038356;0.5974866593762336;3.8558659510397053;12.171467922473147;0.6163352532332759;0.62110871188062;3.741011968547993;0.4483110115994058;0.6330095756267906;0.023622052504386426;-0.11485398249171253
103102;678;336;342;15.904849986593216;5.826818868024997;0.5571268111643293;22.705528881074013;10.895573736414999;3.260602531814657;0.5505198533341671;22.874266926883102;0.3901438312032256;0.5728882847417478;-0.006606957830162186;0.16873804580908924
103105;1141;467;674;13.400888497825584;2.8269303775233543;0.856455399510012;5.343011718011783;10.199408584678672;1.6608274083214483;0.8721787472839266;5.041900037798928;0.6344915972083126;0.8922550707525312;0.015723347773914598;-0.3011116802128555
103106;513;168;345;3.411681040412251;1.8865549334227394;0.2769777546673864;14.270086810028214;0.9814011123964601;1.130778287020819;0.27849446351046714;14.255111524321416;0.19769836240901362;0.28588091246432257;0.0015167088430807496;-0.014975285706798402
103108;525;185;340;3.8013027507697963;2.643319456210567;0.6878022670880541;8.64805764873289;0.14866068090228346;1.5959456846566256;0.6702040773901439;8.888456360078996;0.41851408679716084;0.7030507985925165;-0.01759818969791027;0.24039871134610635
103115;590;259;331;8.804710857326697;1.191994278737039;0.7028805916736072;3.4963928164829805;7.310469534006204;0.7167171934341553;0.7687041100002696;3.0848827804693526;0.6086404117792694;0.771570576886225;0.06582351832666244;-0.4115100360136279
103119;475;166;309;9.544786506234296;6.955221919584863;0.8584718619872084;13.289762351254076;1.6628623907346878;4.010949497032612;0.791141171497044;16.144412192786547;0.4673526343969435;0.862633064777213;-0.06733069049016438;2.8546498415324706
103120;679;336;343;21.551637938933816;4.8823853070533545;0.5798318083694548;18.153159450353222;17.552335961206822;2.70175017220128;0.5602605951773603;18.57112993998339;0.3849183471823796;0.5908403904897126;-0.01957121319209454;0.4179704896301679
103211;669;335;334;14.475535366831348;3.0751981857843997;0.5494605050960772;12.236006273865659;11.336954580440832;1.803804599038062;0.5965709065843345;11.578621685391152;0.48020369983337996;0.5991951417798158;0.04711040148825729;-0.6573845884745069
103721;1041;474;567;19.641224148566774;2.0361923615544097;0.585500024329249;7.520416426699779;17.327577614490394;1.1981414525815564;0.6355993365693925;7.051300355306608;0.5073664334104346;0.6386801733933609;0.05009931224014352;-0.469116071393171
103724;707;339;368;9.255872949256974;2.6852441085971;0.5599404898608151;10.310682643745146;6.846467575721913;1.4902416447000002;0.5433327000615625;10.503442725516518;0.36838879592319884;0.5726942697655584;-0.016607789799252592;0.19276008177137172
103765;1138;489;649;15.987267843914235;1.8374925177085124;0.6700506435803525;5.838249686527836;14.135674572190526;1.056615361221621;0.6735743208804501;5.806991362423976;0.4902834328851695;0.6929183888358521;0.0035236773000976163;-0.031258324103859536
103808;1130;477;653;18.232021467397594;2.407847193604562;0.5635737638804551;9.491204127841463;15.689781642461366;1.3842908355112507;0.5675064169088526;9.448344560545229;0.40910250969103845;0.5841967557121812;0.003932653028397515;-0.04285956729623486
103834;430;194;236;7.133031345093208;2.3629087969206237;0.6938895682053359;7.316376642333023;5.030524604582933;1.344144932342689;0.6664033671876902;7.637791854678683;0.45080634886060444;0.7034330851120185;-0.02748620101764565;0.3214152123456602
103991;599;265;334;8.961155028970605;2.458363854603424;0.7801685456640461;5.669849204680222;6.088284428605103;1.4461422107623514;0.8535826566882503;4.627248819006371;0.6898055533830411;0.8565616715795163;0.07341411102420414;-1.0426003856738513
104012;866;337;529;9.648152947999568;1.921109977950106;0.6098860487709667;7.003062488994935;7.231541274300573;1.143613174008136;0.638664190354861;6.739811691253483;0.4799272645570425;0.6470171347531266;0.028778141583894246;-0.26325079774145177
104105;678;336;342;18.771895383683706;2.934174581836163;0.3295904461035918;18.289683080794347;17.21140589472537;1.5085085573832806;0.2749061836446375;19.02099290417297;0.15242325471966456;0.330690026311788;-0.0546842624589543;0.7313098233786235
104110;393;170;223;18.175329848007294;0.1663404451507606;0.036018277782733144;3.7784352186202765;17.863079807025024;0.11186638578495736;0.05055875012607158;3.749830430125038;0.05225220635712202;0.053695275496877914;0.01454047234333844;-0.02860478849523851
104118;456;257;199;17.973292617629575;3.0059257637491337;0.7661738581929347;6.963801464595916;15.528142925482936;1.7084114061700633;0.813219139892602;6.223949133719954;0.6442045021323213;0.8213362168198937;0.04704528169966726;-0.7398523308759613
104461;663;332;331;16.23435725354879;1.6936535007800606;0.43040592387931653;8.58152001446148;14.631455137904702;0.9786751623294859;0.4536755638358556;8.404401679229755;0.3544305020242907;0.4586366665214251;0.02326963995653908;-0.17711833523172515
104546;830;340;490;7.373510062474186;1.2530401836947602;0.6193812319066189;4.5210242870844946;6.02393560184094;0.7287314131079589;0.6211746907399729;4.510360276731908;0.44493856416105504;0.6397342134976918;0.0017934588333540225;-0.010664010352586573
104848;570;239;331;10.718346287097727;1.6718205238820085;0.6646702706588745;5.388391267714243;8.607384570117631;0.9982812017685911;0.7060069025277239;5.045354210693926;0.5327598041826791;0.7134522074972798;0.041336631868849394;-0.34303705702031717
105113;787;275;512;12.477263039809541;3.2099191313598885;0.8000924821818197;7.4023843943626435;8.572133698018433;1.8822936206260075;0.7838692519601842;7.696891216313173;0.5266086790913064;0.8180844634026398;-0.01622323022163552;0.29450682195052913
105117;659;328;331;9.143112024700166;2.1027660952010003;0.7646316559820128;5.145660294829237;7.1873656644341395;1.2086880283812182;0.795984245370617;4.790699593929099;0.6115533869504117;0.8079084843508253;0.03135258938860419;-0.3549607009001381
105210;414;205;209;19.829977322436083;0.3536601317542736;0.008059940757341288;16.820913487815396;19.104091996535622;0.2541168886598694;0.013195916868608881;16.77731008286287;0.01513796118956623;0.015169175219327036;0.005135976111267593;-0.04360340495252757
105346;465;174;291;16.151253164773337;4.36570967115638;0.8849185477434228;7.435559583455131;10.677115767298567;2.6129076141132237;0.8992335621323935;6.957751993154448;0.6414016617663096;0.9203422408164275;0.014315014388970648;-0.4778075903006833
105461;452;168;284;21.07970978299824;4.176842023312341;0.42036227136462945;23.485484899811794;16.14173417525744;2.46122713332359;0.4051361303506442;23.791948131059566;0.2605030490259854;0.42715138633317395;-0.015226141013985228;0.30646323124777197
105697;1087;449;638;67.17222063717523;5.9120947616243775;0.5635770700609437;23.49257502181636;59.34553789298824;3.584085211934085;0.6243390693414776;21.79590253257267;0.5069974959139257;0.6252242551388544;0.06076199928053394;-1.6966724892436922
105714;630;295;335;21.089890897264283;3.1763126989646775;0.8907581308486697;4.9755308459871435;18.37704230495205;1.768615034027984;0.8495464519933434;5.839102227542;0.5683076872457524;0.9030210319731882;-0.041211678855326284;0.8635713815548565
105768;1158;474;684;9.490061769992836;3.0049464272690924;0.7026316592795586;8.774866172425966;6.136035398781653;1.7356618935148933;0.7054517878943445;8.733158299276363;0.49862390645945454;0.7279930979060878;0.002820128614785866;-0.041707873149603
105771;559;214;345;5.860190573492542;3.5099998825967957;0.8811578874124447;6.204739874753358;1.7764531622897728;2.0527632558963544;0.8289471792667056;7.443951201201565;0.5000452357185157;0.8900824312944635;-0.05221070814573914;1.2392113264482072
105807;1243;488;755;16.16002603472041;4.7951114492611415;0.8791078165783954;8.1716836665745;10.610727510089525;2.810497289303087;0.887210751367298;7.893076052631481;0.6339053661695035;0.9116056209387278;0.00810293478890256;-0.27860761394301914
105896;442;166;276;11.512984252136784;2.975044873628744;0.8246185241274941;6.366313195891985;7.563552395652682;1.7802426661284259;0.8420893635777688;6.040902579356883;0.5905361779796384;0.8624371742620588;0.01747083945027461;-0.32541061653510184
105898;789;334;455;25.200989669141013;3.9325606832652684;0.7298996774496328;10.853019982310443;19.40341268969719;2.455598263115562;0.8513607383052826;8.0510925855927;0.7243883071212731;0.8518474659571222;0.12146106085564978;-2.8019273967177423
105900;537;202;335;22.161552612448745;2.8762439160322226;0.8690777270960288;6.424874106107248;19.24819248617882;1.7939241671653838;0.8341675942454146;7.230903314986579;0.5566781325735234;0.8735915072135875;-0.03491013285061417;0.8060292088793304
106100;742;339;403;11.282505282335226;1.784459819813074;0.8147807520567097;3.6984346927478042;9.655121670722204;0.9880539521430803;0.7831851589105814;4.001468471578186;0.5251663260926781;0.8299550065332966;-0.031595593146128365;0.3030337788303821
106102;657;326;331;8.692214844587134;3.328505178006433;0.749934423191136;8.483377563423916;6.460812360963676;1.793307703938129;0.6851993116938344;9.518306308850034;0.4421516211442511;0.7520336102357276;-0.0647351114973016;1.034928745426118
106103;894;357;537;14.110384544900361;1.6919870157141894;0.5036190184620337;7.593681261439846;12.23419011201164;0.98017261243349;0.5063389928493045;7.572847474580657;0.36271091667543565;0.5213484147104056;0.002719974387270785;-0.02083378685918902
106105;338;60;278;7.425007661417956;1.7926192805957546;0.4396925668985844;10.211029817503137;4.243598844665991;1.1622256945226326;0.3987065592181357;10.577903132094256;0.190381700941608;0.43971811774136416;-0.04098600768044869;0.3668733145911194
106109;1224;474;750;12.906231370820711;2.885421866547859;0.7811318540141932;7.010423142217886;9.50090054685974;1.6924992281184086;0.7865899915688547;6.9224582363182865;0.5566783496302639;0.8094397540178383;0.005458137554661513;-0.08796490589959927
106122;1183;470;713;15.58395328830615;2.7395728069231846;0.8526610244715102;5.328619815972048;12.709161291736924;1.583440810535089;0.8247375315978203;5.811662352431019;0.5525221086554101;0.8669498917820987;-0.027923492873689892;0.4830425364589708
106310;522;199;323;19.461147704998552;2.2574331501875795;0.6276980417404674;8.074266833980916;16.104940881803167;1.3892624617859335;0.6767854293715075;7.523170469235556;0.5071173445713452;0.6816170206256891;0.04908738763104015;-0.5510963647453604
106691;997;454;543;11.513970217781457;0.7802971547231967;0.466348563763638;3.724842524481814;10.690069064038724;0.45623785692580093;0.49602569535725083;3.6197891389786974;0.39256633349687475;0.49987000404374937;0.02967713159361285;-0.10505338550311683
106769;765;339;426;26.77230926302366;4.389343133141354;0.8111271941671482;9.323308446858007;22.39153615151835;2.486047574020358;0.8071818758105536;9.420181340371467;0.5702673285598159;0.8371755045092198;-0.003945318356594618;0.09687289351345996
106841;383;166;217;9.5102873644051;0.3004529835316323;0.11519479183079229;3.585446552164874;9.127875350542002;0.1777707903777262;0.1265642380774421;3.562336187159323;0.09978988223617635;0.1271519596788372;0.011369446246649817;-0.02311036500555108
107104;660;329;331;16.388258227171814;2.3361292033989107;0.7736274505576612;5.571777721800841;14.534917410485106;1.2992302715579114;0.7542686851379001;5.805132727162993;0.5331076983461256;0.7895165089888151;-0.019358765419761115;0.23335500536215203
107108;498;221;277;24.333783938610416;2.8170663223328027;0.68487476731767;8.6735227391607;20.945486142454115;1.6877155297681556;0.7434938377651186;7.82533310045597;0.5889532728268572;0.7467411045194532;0.05861907044744852;-0.8481896387047305
107112;527;185;342;9.379370450042744;2.4156036645816656;0.7504262259904093;6.7545817839088365;5.556198342707056;1.5065975693611584;0.7797133860050987;6.345897382698676;0.5366071846833665;0.7934652451639691;0.02928716001468934;-0.40868440121016025
107114;1415;625;790;21.712140983336823;2.6350629314162517;0.6319496134870013;9.038979312046271;18.41509353731317;1.590781936459128;0.7040075026301227;8.105990768644018;0.5780930364301283;0.7046636458104953;0.07205788914312139;-0.9329885434022529
107210;609;294;315;19.29842989071084;1.1926016459235675;0.5199369351889693;5.021729786045478;18.259023096867704;0.6680415738055091;0.5146952240692104;5.04907097932613;0.3677553487252473;0.5347013206555302;-0.005241711119758907;0.027341193280651765
107377;679;336;343;26.33239276149704;6.859812525292295;0.8644809626210563;11.862993397203333;20.046541467368503;3.8884189383500214;0.8764735324731142;11.325937107758055;0.6411457175396647;0.9006653023290181;0.011992569852057877;-0.5370562894452782
107461;577;328;249;14.220662904263019;2.713013040953413;0.7785773460523342;6.069601401046066;12.644628568312175;1.4449081174795566;0.7249551942821539;6.76473625937986;0.4887331714978932;0.7839308222958418;-0.05362215177018026;0.6951348583337937
107706;662;172;490;8.596529227236978;6.484762300683134;0.66411274178705;28.44594142129032;0.41158083537800394;4.212217134298624;0.5966209061141632;31.173117731335285;0.3012174043172674;0.6657285723220603;-0.06749183567288686;2.727176310044964
107719;337;163;174;9.827461509706383;3.0382067160392228;0.7672638005180429;7.093525062772907;6.642706541714057;1.7452239752845526;0.8176353924736708;6.279143620292393;0.6308871855407534;0.8269335830618427;0.050371591955627903;-0.8143814424805145
107731;674;336;338;30.14424050199446;4.242209633295063;0.8644705266769541;7.360821202484301;27.375300554190435;2.261550268552056;0.7751741308465493;9.480528188583854;0.4826493733434791;0.8654362558387156;-0.08929639583040483;2.119706986099553
107737;471;166;305;4.830497922896434;1.7920618613859787;0.5920915251047563;7.028546147470473;1.9495130012526545;1.1245049879755016;0.6453504711931772;6.553658842182263;0.49161164276949265;0.6478717949103928;0.053258946088420966;-0.47488730528820966
107821;353;154;199;15.463009858326906;4.489821576983889;0.8367089109610992;8.395153869546194;11.1389004708522;2.496145171061201;0.8362632236241042;8.406602945482467;0.606049625974276;0.8655401253792325;-0.0004456873369950154;0.01144907593627309
108100;646;314;332;14.134655784530601;1.6177936901206824;0.6950737992847202;4.748162796464606;12.405299917086541;0.9544522550494419;0.7559714798333182;4.247648027689112;0.6073803667718194;0.759073952589468;0.06089768054859801;-0.5005147687754938
108210;551;229;322;18.374056412417325;2.478600728658946;0.8127271666212792;5.424056197161179;15.489556237846116;1.4534443244205084;0.8295818919714621;5.1742172511457705;0.5961569043692694;0.8495479603949816;0.016854725350182953;-0.24983894601540868
108511;804;335;469;25.167164353368285;3.6059990210433734;0.770572168735273;8.969959153725517;20.959619435399503;2.1192900584296477;0.7917164132094169;8.546630718893296;0.5763178757421573;0.8083429674558782;0.02114424447414387;-0.4233284348322215
108707;625;294;331;11.491494677260054;2.2150452110543957;0.641215213213014;7.392881740020053;9.729504427087774;1.2196545731116926;0.6015500572841002;7.790828307054149;0.39656594766548525;0.646674464488503;-0.03966515592891384;0.39794656703409537
108757;815;324;491;11.45828709085546;2.6757123130654983;0.7890859828859548;6.402087005083902;7.981333467629906;1.6179735706481737;0.8450643330280955;5.487121202923137;0.6555311915109627;0.8504641266619716;0.0559783501421407;-0.914965802160765
108758;821;335;486;6.724716443238872;2.069425906464541;0.653426377194489;6.949594620971156;4.175056960007852;1.2355012095164424;0.6853397385945936;6.62190077518241;0.5147246492176005;0.6939964178489564;0.03191336140010459;-0.3276938457887457
108787;546;215;331;57.98040217289068;4.304559586066542;0.290577151318984;30.711775350279666;51.96888473238803;2.608832721991188;0.3112451602836849;30.26109703799755;0.23350755618779395;0.31401021406048746;0.02066800896470089;-0.45067831228211475
108798;771;319;452;3.1096985246184934;1.6454837939591227;0.6296253495108952;5.97800335006573;1.3574935866804427;0.9548809478914105;0.6056795058689965;6.168224918036679;0.3936399286679221;0.6397566465751372;-0.023945843641898668;0.1902215679709487
108810;1546;647;899;9.574863188971277;-0.012998226609278773;8.195760457452295e-05;6.54367769795299;9.58497989637936;-0.007132160685843277;7.444620718943806e-05;6.543702276002969;4.696183583829949e-05;8.20696355881001e-05;-7.511397385084884e-06;2.4578049978352112e-05
108852;471;166;305;3.3375803150531755;2.606108828237812;0.7190410113223509;7.6977312337572785;0.0629038420022816;1.539914090000133;0.6949468025084047;8.021010205411317;0.4441331647139598;0.7319814438355061;-0.024094208813946194;0.3232789716540383
108887;1200;479;721;4.484007581478245;2.7203594217356066;0.783210064592717;6.719707804557256;1.8086713654857647;1.5621300065656234;0.7503367875469018;7.211209420371155;0.5024407879667073;0.7928561294857154;-0.03287327704581522;0.49150161581389895
108927;519;193;326;15.652703676228526;2.125669699538322;0.5639125329500934;8.641047137320799;12.270715220084858;1.328489446147344;0.6277470125865754;7.983598123161489;0.49191013850470344;0.6287981079945226;0.06383447963648203;-0.6574490141593099
108987;512;151;361;16.96259054107317;2.621460076198335;0.7764571929821446;7.79497221782129;12.992233521887886;1.681073717076142;0.7452317311730887;8.321601019520628;0.4420325946928064;0.7837043753140233;-0.031225461809055832;0.5266288016993377
109073;380;170;210;6.112740767760944;1.551614009334978;0.7989133717355636;3.2998781592560706;4.70757194504812;0.8499548557648763;0.7709813833825939;3.5216135987683628;0.5264194129735493;0.8151361316727835;-0.027931988352969728;0.22173543951229213
109103;1143;482;661;20.310686205428688;3.133870511951082;0.6002513793025668;11.38626260865916;15.944581176648512;1.9281932755677744;0.6983403275025027;9.891139719920217;0.6050399668288722;0.6989207067051333;0.09808894819993597;-1.495122888738944
109104;1173;472;701;26.585092031293026;3.129788704905976;0.7211832549306312;9.014102527624638;22.750800886714217;1.8667984340979893;0.7509327364450051;8.51964289889086;0.5590974617448033;0.761947540319293;0.029749481514373954;-0.4944596287337788
109105;1105;389;716;21.407460048329433;8.945859112243928;0.8877156615627642;17.375163596858222;11.21731170706537;5.483843202785513;0.8287233348038068;21.459441228591057;0.4958715968821191;0.8900977309107309;-0.05899232675895738;4.084277631732835
109107;507;191;316;21.82802037183849;2.6028468147980384;0.7374485190929267;7.191765609316215;18.522647558241225;1.5473601388622367;0.7493722758181154;7.0265613705048455;0.5294457254659837;0.7683244813823074;0.011923756725188639;-0.16520423881136903
109108;626;295;331;14.732197124789819;1.1625076537288734;0.2277519370042167;9.54807775401995;13.522861249337703;0.6775199457486236;0.2395114754343186;9.475101386108385;0.18386266796151873;0.24245470051540885;0.011759538430101912;-0.07297636791156492
109109;398;170;228;13.493295041477696;2.885042588495923;0.7964377572077345;6.500908317237218;10.18437658846635;1.6870939258597788;0.8329702262808579;5.888739922018046;0.6281500608114612;0.845137469304055;0.036532469073123464;-0.6121683952191717
109111;669;335;334;15.678731112527872;3.4660002846053715;0.9032506143241567;4.984446708770383;12.93294127937094;1.922961712045192;0.8773748486367113;5.611547291334321;0.6144220404823243;0.9209685777792835;-0.025875765687445318;0.627100582563938
109112;1198;473;725;4.027386199747914;2.0223809286809975;0.6954666790510029;6.240541578927253;1.9262115271150773;1.1651176283402644;0.6700412798519086;6.4958303952587695;0.4470110505219518;0.7061242701458044;-0.025425399199094256;0.25528881633151634
109113;750;223;527;29.634744651440585;1.854627546093788;0.30214709966981157;13.130338804239797;25.753555599648152;1.2297312181700946;0.3559568829404469;12.613960309558532;0.2958674094626672;0.35655047114520555;0.05380978327063535;-0.5163784946812644
109114;501;185;316;16.63234444968228;3.172581356303907;0.8002622788953869;7.347332680799946;12.336534799948367;1.909639387044293;0.8281359870026695;6.815412298975916;0.5967536980638195;0.8430612944873911;0.027873708107282624;-0.5319203818240297
109115;380;174;206;10.86072222265302;2.921351948794373;0.8073136477454972;6.145386740974058;7.682665362389912;1.689625690886397;0.8609654617297157;5.220175342633404;0.6709877970364133;0.8693225184433689;0.05365181398421848;-0.9252113983406547
109677;386;166;220;20.6843634044941;2.774316392482038;0.8162899145257174;5.7979841022185;18.884208070317857;1.4354344096884237;0.6697384916706126;7.7739098601364995;0.3464811307202169;0.8198561839070992;-0.1465514228551048;1.9759257579179996
109711;712;339;373;11.502171451629405;1.9057432516806212;0.4863796535319199;8.454882477933634;9.079984144712338;1.1512744422826333;0.5605757261641511;7.820391363826339;0.46805342172339903;0.5606019574368124;0.07419607263223116;-0.6344911141072949
109717;593;262;331;9.612873970521516;3.60995487005141;0.3667473517421329;21.381320304257734;5.241527572188652;2.1543390326653156;0.3959573500139201;20.8823713386433;0.309069655616112;0.39837212803853295;0.029209998271787163;-0.498948965614435
109857;449;171;278;9.516471092227954;1.4952910132596966;0.7738558274071963;3.8503529418456655;7.288061103162978;0.9332052936778271;0.8466579219624141;3.170578515955905;0.6598022085401238;0.848972919757492;0.0728020945552178;-0.6797744258897604
109879;435;166;269;23.370764803503413;3.9012902243510004;0.5114762807953908;17.34194643814132;19.460642760443662;2.1818407856299165;0.465784420998655;18.134821600628243;0.27661127295932475;0.5133702141609515;-0.045691859796735734;0.7928751624869221
110113;705;338;367;17.543806449629606;1.916886875050119;0.5693229468494988;7.228679723198926;15.55015963999821;1.1014721952354243;0.5916704070057717;7.038636619557228;0.43810748438528013;0.6031977299349169;0.02234746015627287;-0.19004310364169807
110119;719;339;380;13.551155177452246;1.8597716580646506;0.780233301074019;4.1141866017569075;11.810578514764547;1.0296363593653501;0.7854916505639016;4.064668611075163;0.569346642016379;0.8118166759775312;0.0052583494898825744;-0.04951799068174445
110385;543;212;331;19.107651356770727;1.636177034679767;0.6086280860828726;5.966637825139101;17.300997932619445;0.9393336450723564;0.5895664439729325;6.110212004624781;0.3903517116894929;0.6206445543105145;-0.019061642109940102;0.14357417948568063
110411;883;341;542;27.86887970526448;2.3882668293402647;0.42885730326244476;12.512051736570035;24.581861295856804;1.4467941837545792;0.46457050206208406;12.114552168319786;0.36193255454119233;0.46690026144892394;0.0357131987996393;-0.39749956825024846
110461;433;168;265;8.712962284933493;1.995492033245501;0.363055393043317;12.699607207729787;5.606455389799917;1.2656827833286357;0.4085108993814438;12.238067081987522;0.33041341604877583;0.4085758286113985;0.04545550633812678;-0.46154012574226577
110611;864;342;522;23.994391418770775;2.4629906737784637;0.47559202037670045;11.785793086579423;20.819667610262332;1.4821117434598512;0.5127313689675898;11.360786369420907;0.4043306935346074;0.5152600747069948;0.0371393485908893;-0.42500671715851546
110651;805;346;459;4.770227071870457;1.5990414457402526;0.7804378942654556;3.877420179081048;3.0540556202735276;0.934952673223834;0.8039577533041565;3.66386116046374;0.6035722130303705;0.8181832367002282;0.023519859038700908;-0.2135590186173082
110668;366;170;196;22.815176389178816;3.418672045412401;0.8180152180584856;6.76981911670601;19.326893820092238;1.9310443090909897;0.8506299068300338;6.133259702255516;0.640553374199035;0.866990861547524;0.03261468877154816;-0.6365594144504945
110766;513;195;318;5.7487175736292375;2.72007718869959;0.8256319657894677;5.7767525308237175;3.462313684794948;1.4882288509161856;0.7127182704696355;7.414883482753339;0.3903101723513389;0.8259116340203654;-0.1129136953198322;1.6381309519296217
110806;421;166;255;6.836781602043175;1.7389723910846153;0.6967106098140194;5.284034795909916;4.934083886496724;1.0024511785660666;0.6746422501606659;5.472901574670301;0.4467424527056255;0.7099132695669876;-0.02206835965335352;0.18886677876038505
110810;370;166;204;-0.179622769301357;0.7241316841067641;0.20755247854375036;6.0455904289465945;-0.46972627371593223;0.3488943337419411;0.15301563485641445;6.250160397274577;0.06726607182474298;0.2148408756500596;-0.05453684368733591;0.20456996832798247
110877;422;166;256;22.354687325134954;6.263786683850781;0.7079920248562133;18.50523049363213;15.252642134516016;3.636444118851943;0.6956997858059377;18.89070958551991;0.47058174763815097;0.7257347088872309;-0.012292239050275544;0.38547909188778107
110891;470;160;310;31.59760462954724;1.8786420350279038;0.6288806196118507;7.192584376103966;29.45966393560238;1.1014325173619173;0.5653043140597211;7.784322373569832;0.30904886889468675;0.6293328184389575;-0.06357630555212956;0.5917379974658665
110998;613;282;331;13.262061694348;0.6992175859235843;0.1412540886846888;7.722471251578387;12.696555668348168;0.3848021991194698;0.13142205353318492;7.766553857219438;0.08502525816609197;0.1422055439304224;-0.009832035151503882;0.0440826056410506
111114;1051;474;577;40.72064940497543;2.877444622288608;0.6465829195492563;9.317118132207177;37.94288715603379;1.6255868354956131;0.6473339997109984;9.307212520801247;0.4666456045983405;0.6688136582549586;0.0007510801617420793;-0.00990561140593016
111119;1550;628;922;11.455150548416407;1.8526319921375616;0.8296896041215897;3.817972550187469;9.48299379719578;1.0705171047430284;0.8300418803195868;3.814021889779688;0.5952471175102222;0.85597475043069;0.0003522761979971589;-0.003950660407781026
111387;499;183;316;13.446477302585713;3.3026287471183764;0.6768775797246086;10.581191577336936;9.024453181105148;1.9806361857776602;0.6937397910431027;10.301401594392875;0.4922385500319687;0.7089222104121027;0.01686221131849408;-0.2797899829440613
111580;412;171;241;5.892717050768683;2.2515216672463474;0.673960762704428;7.349240321475655;3.617914427410728;1.2896826534317527;0.6378159971515841;7.745904656074399;0.40630443556364504;0.6813711407621585;-0.03614476555284385;0.39666433459874373
111610;408;170;238;15.331481868583452;1.9746113874624822;0.6411712480295892;6.830073451133713;13.112943522940673;1.1590029321333528;0.6510476686539148;6.7354219660585155;0.46952629680350333;0.6671696572800434;0.009876420624325588;-0.0946514850751976
111651;541;206;335;18.49965076691604;2.5959145085599307;0.7891499530116797;6.15811591361041;14.984027947594747;1.5499630027906062;0.8067621062592443;5.895316906208871;0.5586879058168515;0.8273902333970908;0.0176121532475646;-0.26279900740153916
111710;1134;389;745;20.71419072237025;3.3345733713457926;0.6926978317143344;12.349491805280989;16.7004366244426;2.0719486964319587;0.6507435712376195;13.165533983797813;0.3891126940095998;0.6951210188023063;-0.04195426047671491;0.8160421785168239
111781;370;170;200;3.662398443460253;2.293380538697104;0.6881592291937824;6.536922920265959;1.2910608700371355;1.3012947213821644;0.7161242984581185;6.236932252839359;0.5399067255442994;0.7293616556509804;0.027965069264336173;-0.2999906674266004
111797;712;339;373;5.9881347561910125;3.59396187689709;0.7494435070930456;8.971532207563708;2.334721930877091;2.04715528323894;0.767933273658383;8.634162692875343;0.5584905960493349;0.787400695320423;0.018489766565337407;-0.3373695146883655
111811;679;336;343;25.9835761999203;2.9530298660935292;0.718997622075803;8.063409471984313;23.098996823374815;1.6986574640458536;0.7506978386315142;7.594981823127842;0.5696275482411315;0.7625651996538915;0.0317002165557112;-0.4684276488564709
111833;451;166;285;3.4440541353057625;2.8852471073299215;0.6892864463248972;9.306853423973514;-0.381102206633674;1.7429378591458544;0.6938767341366041;9.23785080799008;0.4746695213570389;0.7140068262311607;0.004590287811706895;-0.06900261598343427
111841;624;297;327;12.529315724481274;3.769985123919747;0.8506858022000269;7.01793642717417;8.979810546051318;2.1509127867734583;0.8615176313819637;6.758590269162113;0.6320143327306553;0.8845707539890024;0.010831829181936814;-0.2593461580120575
111901;321;122;199;18.319976866750263;5.184945553388535;0.8411875477315605;9.837818327405065;12.557646963640202;2.9387270221990374;0.821993507898239;10.415363780066613;0.5577188561070787;0.8616338615042196;-0.019194039833321463;0.577545452661548
111907;429;166;263;10.576988725967981;2.4886812892624697;0.8511147933644436;4.76269367213725;7.776116759767234;1.4340252231178316;0.8228570290715378;5.19503930139301;0.5392717593931335;0.867405479581302;-0.02825776429290583;0.43234562925575926
111972;679;336;343;37.12492408771133;4.206156058463138;0.7960004037138839;9.30042932093197;33.11628106968659;2.4056236894433747;0.8215985689297615;8.697361259181958;0.6146423090962965;0.8380425618424024;0.025598165215877544;-0.6030680617500117
112105;351;87;264;10.388672617892258;3.5844131080381567;0.45403089494780136;19.73310607311949;5.58796502764492;2.234902101320157;0.43802104091875527;20.020339794858756;0.28726911884486184;0.45789218744654736;-0.01600985402904609;0.2872337217392662
112106;1220;488;732;6.7137899082354675;1.9517239552808991;0.851071202768648;3.7575887936536434;4.213804767321028;1.1727107746266205;0.9029676188217082;3.0330408214028344;0.688237884051045;0.9113271409726407;0.05189641605306017;-0.724547972250809
112108;470;166;304;17.545491278253557;1.9839240232392725;0.522838486908568;8.965123304162065;14.392974562683586;1.2417459293222826;0.5667867241872835;8.542292577563776;0.4287182138685982;0.5695372544335664;0.04394823727871544;-0.42283072659828846
112110;405;166;239;19.163191325392795;2.4443367119040453;0.4990385928528538;11.303562093504345;15.26785950587429;1.5567323795291155;0.5919814688498646;10.201243950127575;0.5110011133088852;0.5933159879829704;0.09294287599701079;-1.1023181433767704
112112;370;166;204;13.67064213795774;2.5924099521114266;0.6751224390998034;7.683730857799349;10.473298070916517;1.5280025510880475;0.744866588277109;6.809197868576683;0.5917938095327147;0.7479004853507654;0.06974414917730565;-0.8745329892226659
112113;726;339;387;8.04532743669626;2.8200901773689986;0.6795638445147858;8.427028113404916;5.31396609575714;1.5901333133568485;0.678466729091425;8.441442096055175;0.4797511526916811;0.7033421551793366;-0.0010971154233607727;0.014413982650259172
112120;1284;554;730;8.237734429565801;1.6565870902963764;0.4905488107218968;7.654805461907706;6.666745768612324;0.938742680334412;0.4766530760692541;7.7584989520481225;0.3281446901816336;0.49992285114070734;-0.01389573465264271;0.10369349014041607
112122;1460;608;852;20.936666871713527;6.074570866126234;0.7131683209848998;18.2971097142796;15.007183206862411;3.4941577383724582;0.6791020074885055;19.3531844053269;0.44437789145085904;0.7211084110701412;-0.03406631349639433;1.0560746910473
112672;778;334;444;18.946554335202997;1.6524794466648098;0.10803957850375367;21.465559435244653;17.480468261990136;0.9156796189669574;0.09969938675912349;21.565681777549944;0.0623398236033762;0.10864169350069597;-0.008340191744630188;0.1001223423052906
112796;458;166;292;4.571563157571468;2.959830426737216;0.8045801159571342;6.967241808596291;0.4782124825903722;1.7982798820022112;0.8196193688329418;6.693780378194125;0.5683239518726262;0.8392667021479618;0.015039252875807652;-0.27346143040216564
112807;420;166;254;16.239615204655724;0.6918470287919867;0.30373425777156826;4.826014574455627;15.563773857513487;0.39029987715021397;0.2821252742236673;4.900331349983703;0.17614651158493833;0.3056313687021033;-0.021608983547900973;0.07431677552807603
112810;851;347;504;21.626487403507234;2.4996116975892675;0.5774557223590944;9.458362007172935;19.0225274433335;1.4184020074997623;0.5688329707167695;9.55438179037334;0.39598382282339895;0.5927573609873875;-0.008622751642324844;0.09601978320040416
112845;568;233;335;18.70568044548857;2.3652284651659774;0.8463569364369306;4.593609291718364;16.76095043109691;1.2822179570534502;0.7319108271143605;6.067883191988702;0.4023478810574511;0.8463833733963034;-0.11444610932257004;1.4742739002703384
112891;767;277;490;12.963685319829029;1.7554119326382256;0.7777066359653073;5.09813361567681;10.843075732365483;1.0871064366255938;0.7477446368331826;5.430854514069507;0.4745055041555849;0.7853413787306774;-0.029961999132124717;0.33272089839269725
112996;1541;631;910;8.659084310343735;2.0335557247280756;0.5190081799542343;8.922676827223837;6.630731426861489;1.1616327542818239;0.5074320444274559;9.029410459110121;0.35274482885487524;0.5298430894465;-0.011576135526778386;0.10673363188628393
113116;436;155;281;10.313733401358931;2.7983710285077015;0.880166120564714;4.881340897311927;7.2643951536962135;1.615436514812084;0.8189664688141853;5.999690400435547;0.5021360977121079;0.8852366926528905;-0.06119965175052866;1.1183495031236204
113119;449;171;278;33.778122102402435;5.717463665172044;0.8119583508695423;13.106167327784995;26.037154490370575;3.4836118461069874;0.8467036298042289;11.833538238553817;0.6179492493767449;0.8587433502898012;0.034745278934686596;-1.2726290892311773
113817;752;341;411;12.289684532345898;2.396016525302932;0.8208774736465587;5.0898772275702715;10.005692291939884;1.376626279026233;0.8271307968568671;5.000241945712641;0.6080853901382584;0.8494763069854073;0.006253323210308359;-0.08963528185763092
113861;505;189;316;31.613211051127568;2.594661124251767;0.22536035274168265;22.28405896956362;26.60331107229402;1.7274656273113604;0.28659501836027257;21.38516016798012;0.26726431106750037;0.29217937085787216;0.06123466561858992;-0.8988988015834991
113971;398;166;232;20.693209409085505;1.6222849438151654;0.28914740160659225;11.405502333213946;19.4445708618143;0.8697665660624863;0.2503520026635324;11.712600560832072;0.14128244197546325;0.28916039853737463;-0.03879539894305983;0.3070982276181269
113987;426;166;260;11.540135560520845;0.06132138585571;0.004697088082768142;4.09455950640344;11.303672843108965;0.05423446395319523;0.010686269203322385;4.082221523083555;0.016053205600205067;0.01681010684966;0.005989181120554243;-0.01233798331988556
114104;417;166;251;16.32524895538723;2.1033078335777526;0.3745202548824732;12.572098366511389;14.109841766372055;1.206418400794293;0.3585396091033417;12.73169034649592;0.233863037742586;0.37997746158381596;-0.015980645779131497;0.15959197998453156
114109;1442;635;807;22.24166639666758;3.9003528472574818;0.4468198884421275;19.42126588211954;17.37690886787586;2.348480524291377;0.4970556407243768;18.518432632397495;0.40752119316477464;0.4976035744138979;0.0502357522822493;-0.9028332497220433
114117;340;168;172;50.31700731898533;3.653828438164966;0.5067951893470657;15.064557406614444;47.811486779642166;1.9242235602065372;0.4635639615149275;15.710922924580697;0.3004607469737338;0.509218237866696;-0.043231227832138175;0.6463655179662524
114118;470;166;304;5.200590947709868;1.1825636423313488;0.6803802083737955;3.833962144794574;3.305017449940909;0.7418869320514277;0.7409941376386071;3.4513244293318017;0.5640360033955591;0.7439685468014857;0.06061392926481157;-0.3826377154627725
114119;446;166;280;23.01820419532431;1.2917849223868123;0.3780196390251088;7.8410735385455705;21.484606840760705;0.7575114797534207;0.36374292550960075;7.9305535696244105;0.23249953543624957;0.384237860563708;-0.014276713515508077;0.08948003107883995
114346;463;166;297;2.9019088714332266;3.3800965922277553;0.7475094353678842;9.136594795918457;-1.1784417904555724;1.9715188569737414;0.7163985922868708;9.683134825790113;0.4543437634687245;0.7592122703565004;-0.031110843081013417;0.5465400298716556
114481;676;320;356;9.005027544622983;1.5042355552039826;0.6323934723219011;5.031558823453246;7.623396695306203;0.8459365398694747;0.6266818990023044;5.0704963101695455;0.4431349565374513;0.6513185191273094;-0.005711573319596708;0.03893748671629993
114671;571;297;274;24.39564459705348;4.171429369424385;0.7669590430423651;8.82808856818135;20.405614703156132;2.2900585058943776;0.8147009965231502;7.872036442762423;0.6186079539773561;0.8294530493105987;0.04774195348078514;-0.9560521254189274
114677;371;166;205;8.032259579259552;3.178660560607991;0.6874896928846769;9.144594877097465;4.779930866673464;1.7847552335910988;0.6886052385198145;9.128258883392666;0.4861069897855713;0.713761980076222;0.0011155456351376047;-0.016335993704798213
114721;1520;631;889;15.014680095781909;4.562205490871196;0.8940919486274768;7.157183130227278;10.508840716213587;2.6023748850285484;0.8724903890796067;7.853244180849217;0.6038997821950696;0.9122710741564629;-0.02160155954787002;0.6960610506219389
114732;407;137;270;14.973115770666128;2.1218323102272443;0.7523008001234945;6.80684422112716;12.08966875701484;1.3522688873513564;0.7389981991737883;6.987233578636892;0.4821706015646453;0.7645565348563859;-0.013302600949706256;0.18038935750973195
114791;450;160;290;45.8000064917839;2.021523632611001;0.248542684078653;16.621976020480645;46.24742206832293;0.8901902921647816;0.13439070754972215;17.839860250141786;0.01968494667208509;0.33349068424006756;-0.11415197652893083;1.2178842296611414
114798;1075;457;618;27.981973489793937;2.816265293952959;0.557559506380104;11.488185212297683;24.453256000121705;1.6999075091220668;0.6078289694032142;10.815877237487792;0.48571153170545567;0.6097452395936299;0.050269463023110195;-0.6723079748098915
114810;1360;589;771;8.015076350209718;2.901751250291948;0.8234436039059859;6.108334932047819;5.132396205168156;1.6634664644449206;0.8179273825656157;6.2030235842337955;0.5814432976836694;0.8469236675238854;-0.00551622134037022;0.09468865218597688
115103;407;166;241;13.616315252042472;1.7102206355753617;0.740889880696072;4.699341362729701;11.945334979252015;0.968688914358054;0.6905766712870103;5.13536519518432;0.4313327707819383;0.746191866591579;-0.0503132094090617;0.4360238324546195
115106;660;329;331;48.34026808445752;6.673165272606102;0.7145045080496386;18.59858914611711;42.252116577532774;3.8207567016097075;0.7383387118241789;17.805333425892062;0.5623221324263952;0.7513455240006532;0.023834203774540264;-0.7932557202250479
115116;679;336;343;14.569709297369808;3.2728607235550244;0.8886897682360575;5.059173605556128;11.888465804648785;1.811141045049229;0.858739507479447;5.699311535928112;0.5900259320003967;0.9055802398927755;-0.029950260756610447;0.6401379303719841
115119;436;166;270;19.675771195701593;2.9514430453256497;0.6784899107139941;9.246972792022929;16.418831666967492;1.6845431756318698;0.6430937124805136;9.742701039926926;0.40654796884995825;0.6872684425914605;-0.0353961982334805;0.4957282479039975
115120;547;212;335;31.51476958607286;2.617594389645178;0.7613294015170462;6.716679293930018;28.541040541821225;1.502654009570351;0.7239221174054824;7.2238872493105815;0.4535119422909335;0.7725322189833531;-0.0374072841115638;0.5072079553805633
115508;1217;477;740;12.683511124439308;3.22612005066745;0.8371422157309867;6.596288570354738;8.596470266135604;1.9268666399888934;0.8651657023413213;6.001994241088743;0.629096806250172;0.8809085032624067;0.028023486610334603;-0.5942943292659955
115846;405;166;239;21.395171574060996;2.427315754053638;0.313432475198818;16.58116847798183;17.54324651465039;1.544001657011571;0.3708985112826366;15.872080592866405;0.31925302428479874;0.3716267265606531;0.05746603608381862;-0.7090878851154248
115866;675;336;339;21.948083890189235;1.3003101518930236;0.4509481063035059;6.28354883983098;20.758536085404458;0.7397800024233916;0.460499952214663;6.228651637829826;0.3415872209839548;0.4714583644216551;0.009551845911157097;-0.054897202001154
115971;535;213;322;8.480706682540305;1.465796364882748;0.7642261908879326;3.727063962660284;6.5876222000013644;0.8751194182743112;0.7970487485173714;3.4579199315834903;0.5825826255121509;0.8099260129403053;0.03282255762943875;-0.26914403107679385
116100;534;204;330;27.6289186259041;2.6895030863498333;0.5838395743702431;10.472091140781242;23.405718644347054;1.67685243654125;0.6501109609529606;9.60214351236094;0.5076983491654001;0.6513517555341792;0.06627138658271747;-0.8699476284203023
116107;654;325;329;22.386591184030184;2.9729730012078623;0.6921684535090407;8.766154895549205;19.796412534533758;1.6853306051171193;0.699021890127231;8.668022569160852;0.516531156326975;0.7181315996664477;0.006853436618190378;-0.09813232638835245
116117;870;342;528;6.4512372471769375;2.3271698861892074;0.7702944148344223;5.772670338670034;3.752107661185338;1.3637735218458955;0.7885767106011226;5.53818414653223;0.5807457360762734;0.8049769403388961;0.018282295766700263;-0.23448619213780386
116121;1241;459;782;57.77225335783816;5.835669533780084;0.7290918775252409;17.264519610308266;51.79087812204129;3.3623755408956595;0.6649926250781749;19.198649022393408;0.3913282460516655;0.7306074665158694;-0.06409925244706594;1.9341294120851416
116122;451;168;283;8.803892161943715;2.9201131006080567;0.8100624969772043;6.80240949179924;4.892295263904266;1.775999195921495;0.8308146412343165;6.420055732944034;0.5903311117367993;0.8473952133640447;0.020752144257112137;-0.3823537588552064
116310;313;107;206;8.943193405336997;1.8245680474837171;0.4803902716993018;9.13639429840488;5.929275369876782;1.1754485980327176;0.5533246698273184;8.470951221089786;0.4801049292134679;0.5545063951072979;0.07293439812801661;-0.6654430773150946
116661;539;204;335;15.432789776196405;4.031589548308299;0.8601191057070238;7.464902091452819;10.482513338203042;2.3480728202704904;0.8348954051822686;8.110068001771705;0.5352317176848127;0.8794065015901107;-0.0252237005247552;0.6451659103188856
116747;1472;638;834;22.107260260622148;4.469771207255278;0.706290573114799;12.878540971500495;17.113981756377036;2.6219329477075153;0.7491841686450096;11.901047642256286;0.5861363339725678;0.7558130748590881;0.04289359553021055;-0.9774933292442096
116847;1303;559;744;6.062336865389514;1.1045467167077063;0.7103980417686349;3.2232691622938643;5.045722244523431;0.6214578692619473;0.6723839832158867;3.42829660833637;0.4405809182171093;0.7179771694404545;-0.0380140585527482;0.2050274460425059
116858;699;339;360;4.1665546763557355;2.2725645497373264;0.6680000773883411;6.973203572039086;2.4972255388867612;1.2200122116289864;0.6065048899188945;7.59159485193618;0.3782680817912698;0.6703114724210665;-0.0614951874694466;0.6183912798970939
116861;667;335;332;7.643933276213019;1.632520795406689;0.8318261391709767;3.228522099409776;6.300876399640832;0.9149699596880719;0.8253783018467575;3.289831236853174;0.5969287879243446;0.8555165221528896;-0.006447837324219163;0.061309137443398054
116977;1543;640;903;5.991779106602763;1.0798779757937895;0.5943245846040892;4.066374298385836;4.763742004278423;0.635959048733024;0.6197749938184409;3.936754610500001;0.4721054268864482;0.6280603537819336;0.02545040921435171;-0.1296196878858349
117010;897;354;543;17.22205512685397;2.4616251153631716;0.5019221220986336;11.112186153358383;14.577073160150716;1.4116928044256236;0.49061906571701797;11.23756519948446;0.33454885073868823;0.5131422159821288;-0.011303056381615662;0.12537904612607598
117101;909;372;537;10.117325768063344;1.945563299632283;0.7160227716870218;5.528036649810396;8.361787828739514;1.0846890834935399;0.6720414034992535;5.940714277818638;0.4400580720086048;0.7217108964740201;-0.04398136818776832;0.41267762800824226
117102;668;335;333;18.568879784242387;2.8197596201073742;0.5151048525436611;12.027782779860528;16.30663130126018;1.5703034971779113;0.504307141876239;12.16096358613599;0.357564945035422;0.526765327155114;-0.010797710667422078;0.1331808062754618
117105;493;173;320;11.316706547448252;1.922279954231007;0.6849316088689357;6.07334159452479;8.573448016178224;1.161827816388245;0.6983414348739225;5.942690623825137;0.48111251400879274;0.7158745268988966;0.013409826004986858;-0.13065097069965326
117113;443;171;272;1.9761390941615389;2.5875446259032775;0.6669492531769681;8.59428193153081;-0.7619711531693749;1.491508285753489;0.6330895901020337;9.020578854660288;0.40633953546221335;0.6743080094765381;-0.033859663074934376;0.42629692312947753
117481;673;336;337;15.812476864035837;1.3379737846318858;0.5452386766193896;5.3586928038018815;14.6102679500326;0.7596630849106435;0.5543915058550704;5.304492389224726;0.40989178085838684;0.5684776864259002;0.009152829235680726;-0.05420041457715552
117657;626;295;331;12.429417613950976;4.015430298704372;0.7897182107681144;9.242077350607332;8.458301828683606;2.3132776022103947;0.8114750919154909;8.750908362052813;0.6050208398451755;0.8281087432702594;0.021756881147376506;-0.4911689885545183
117781;456;166;290;10.889478838626758;0.5952419184398475;0.1501118068210101;6.779209117938972;9.792323382125035;0.3910497483325009;0.1786748056239923;6.664317897440949;0.15296052627534473;0.1792640405735202;0.028562998802982187;-0.11489122049802347
118101;663;332;331;6.733257122140977;1.7861420789031686;0.8107567012680267;3.8008175868802496;5.203305832877194;1.0098891102154242;0.8181728505212753;3.7255992479289;0.6055007804712101;0.8407920849869959;0.007416149253248627;-0.07521833895134966
118113;534;203;331;20.050007191572526;2.307326585809766;0.7022364542667575;6.8796097100985785;17.105576850963615;1.3593050707438763;0.7021519498649693;6.880585847154985;0.4746038631722298;0.7271507585406392;-8.450440178819907e-05;0.0009761370564067562
118114;535;204;331;34.26885533734508;2.3195441208685867;0.18819153927015886;22.054333710857236;32.322607823972824;1.2538031922198998;0.1585782180836336;22.45298210951158;0.0815939985768398;0.18844909879984373;-0.029613321186525265;0.39864839865434476
118115;719;334;385;12.100250362954869;2.2268461188055215;0.8567125659452148;3.9503731324180937;9.797532227070787;1.2643381872549093;0.8627101209263375;3.8668144007282885;0.6059910876193745;0.8922281802846901;0.005997554981122644;-0.08355873168980521
118117;1135;390;745;14.05056400215231;1.256366100085018;0.5039372834577085;6.930845222327469;12.236881841804305;0.8089633732637461;0.5086342876626483;6.897954586213672;0.3476389128877838;0.5191170740766846;0.004697004204939792;-0.03289063611379728
118122;616;291;325;15.487374786199608;1.3747062047339016;0.5299371794071286;5.794082928778047;13.891234326746162;0.824098755849815;0.5878236342915137;5.425606572322921;0.48110563347928725;0.5886455642134645;0.05788645488438515;-0.3684763564551261
118468;380;159;221;20.45927509938919;2.8543938565940357;0.2943412854284726;19.9847060546139;16.82067357171111;1.69692083818801;0.3085205622955114;19.78290408040671;0.22504764784444808;0.3134739221918781;0.014179276867038793;-0.20180197420718926
118657;492;172;320;15.229338218595306;5.243336178691467;0.5527022613096519;21.97620161431746;7.915145886981147;3.1498169760882786;0.5559762211008399;21.89562738506356;0.3750786234631287;0.573443329477163;0.0032739597911879414;-0.08057422925390156
118665;469;171;298;18.097198338748345;5.437073454701989;0.8304794892011873;11.588615102227118;10.564236891510898;3.312858834253744;0.8678150563352927;10.233198716059654;0.6372597235264493;0.8793875453333502;0.03733556713410535;-1.3554163861674642
118708;1395;615;780;14.603669919666887;2.5169233091229772;0.6476357436026747;8.397856529957348;11.775318840158967;1.4844223728849395;0.685650070159036;7.931936175565722;0.530993111542968;0.692221291350737;0.03801432655636128;-0.46592035439162593
118711;418;170;248;8.080903243580737;3.873661060473739;0.48051553401202085;18.805032526083103;2.870483607496535;2.372364036875824;0.5247048768496798;17.98744525936805;0.41584101325530376;0.5261953445267439;0.04418934283765896;-0.8175872667150514
118721;766;286;480;16.876048414765684;3.3967097334969143;0.4431513187484736;17.392493439056466;13.077257507973492;1.9740854220873536;0.44077684789774074;17.429535851833187;0.31254227075772134;0.45559147531304445;-0.002374470850732835;0.03704241277672082
118810;676;336;340;16.102283335722483;0.6143700201906024;0.18137480280348128;5.711883303133704;15.654944356000605;0.33330363262572776;0.1684707827478118;5.756725598037319;0.11009951283085773;0.18259705079726174;-0.012904020055669485;0.044842294903614466
118985;515;292;223;9.349672873303817;0.1488466595612622;0.057993794424275436;2.4181504691165916;9.225268471520822;0.0838748818793493;0.06251343199660353;2.4123424901394293;0.049982628970990595;0.06301813087550634;0.004519637572328095;-0.0058079789771623425
118998;676;336;340;6.111863672042184;1.5840901681697552;0.6792763348195631;4.76340373618096;4.744210007008516;0.8891295057370172;0.6753739557800387;4.792295281257971;0.4838083388736101;0.7002771089020621;-0.003902379039524395;0.02889154507701086
119110;1159;482;677;18.2744254537174;3.4755720674451593;0.8497585224055413;6.581525702917726;14.638159476498473;2.0003884315715594;0.8548427694352105;6.4692062209061385;0.6199762341097883;0.8794905867630324;0.005084247029669253;-0.11231948201158737
119117;492;177;315;11.643144181924644;1.8852095436021938;0.7523424135088634;5.021112102266293;8.711849092656431;1.1719006925278754;0.8239254603731699;4.233722417561077;0.638171056361579;0.826568334509067;0.0715830468643065;-0.7873896847052162
119118;613;282;331;2.4884134995895035;3.1201306758783676;0.6872439705534416;9.428276053437788;-0.19172997671161696;1.7371757870050277;0.6544398291743709;9.910402298735775;0.4376806674201421;0.696174808087653;-0.03280414137907062;0.4821262452979873
119122;540;218;322;9.81740023475324;4.367255519865036;0.8368135289539504;8.817562420013068;6.132073053491904;2.3877143370555505;0.7353348338417958;11.229356252863722;0.4186772468592782;0.8368908165192421;-0.10147869511215468;2.4117938328506536
119461;218;84;134;14.368164548894704;8.36070405942138;0.8748588303908865;14.606774265242644;6.045206232004595;4.745130143569485;0.8200269008147696;17.516930647075856;0.5227670576301684;0.8815424839933369;-0.05483192957611693;2.910156381833213
119498;436;166;270;31.47734863751775;4.190028674907365;0.6360766302122642;14.764379800229163;25.626099240675327;2.5449331569236024;0.6683434417767764;14.09465761855873;0.4874162602397155;0.6773580602548541;0.032266811564512166;-0.6697221816704335
119681;240;97;143;5.377219397511881;3.234908580607082;0.7420910458444198;8.923841366956033;1.604475504203279;1.9110600240690252;0.7496192632661388;8.792635865428489;0.5313237261618318;0.7699922361578975;0.007528217421719052;-0.1312055015275444
119771;909;367;542;14.822822681435985;0.17415642403025353;0.02357324064511568;5.07138466466892;14.71286545049204;0.09131715514812795;0.01939773279263668;5.0822165146643705;0.010153331723213088;0.023738904927168236;-0.004175507852478999;0.010831849995450504
119781;1146;479;667;28.810687548437038;4.466928971845219;0.7497021823879269;11.729275338117214;24.116492910773164;2.5760909394054305;0.7490731705322138;11.744004239664907;0.5336243175651636;0.773512336244249;-0.0006290118557130686;0.01472890154769324
119788;740;339;401;16.027430172566444;2.890840040135872;0.7800995799020163;6.679779126629342;12.469653084594654;1.723281357122644;0.8692587478996324;5.15057117208361;0.7027110606525884;0.8710149892217522;0.08915916799761614;-1.5292079545457318
119816;591;256;335;17.0947439026038;5.86479679820509;0.8809561561699121;9.762868709760898;11.588965461487028;3.2859218526763447;0.828940838167507;11.70299846657489;0.5307199985400194;0.8902237187251889;-0.05201531800240511;1.9401297568139917
119878;519;197;322;25.185254606839205;4.594734736401408;0.8772224119402472;7.916244938832071;19.848528226390968;2.6680590548381353;0.8535527943649484;8.645701145557334;0.5635154575838981;0.8958683331938195;-0.02366961757529884;0.7294562067252635
120104;518;202;316;9.933526001836928;4.50239767948432;0.7509406400645628;11.9362642327559;5.288289149434426;2.561510443578028;0.7073456886348528;12.938813518690967;0.44933415766118;0.7583319712407934;-0.04359495142971004;1.0025492859350678
120112;838;340;498;13.07178342045441;0.18003029355177325;0.05417119586270558;3.4584257571373875;12.797179168805338;0.11380917229028198;0.06420946868914534;3.440024315534161;0.05680625031134012;0.06444947647261634;0.010038272826439765;-0.01840144160322632
120116;471;166;305;73.20883933207651;6.401003864485235;0.5326400240034176;28.3323443061804;60.63932325697353;4.2541945677033155;0.6512718767136663;24.473734171924743;0.5741704780840635;0.6564620900410972;0.11863185271024868;-3.858610134255656
120120;643;312;331;20.30706032295314;2.0609105341545053;0.6505330086285575;6.699200169317615;18.01277829913014;1.228931094791325;0.7229337043388231;5.965017513737358;0.5970070950847828;0.7237453745488573;0.07240069571026564;-0.7341826555802573
120461;665;333;332;14.599380176977135;6.538804191306432;0.6758366449862256;19.931792226039672;9.590409886481261;3.6111423416408854;0.6504999688547888;20.696075567370304;0.4515391017278967;0.6865233878166381;-0.025336676131436864;0.764283341330632
120659;676;331;345;10.931701141222328;3.8028962858393056;0.8013923352161427;8.319296293365158;7.2875614929369945;2.1718191740838586;0.8174114008529016;7.97673965673583;0.5978223378182876;0.8381177479247433;0.016019065636758922;-0.3425566366293271
120701;576;254;322;18.279657316415303;2.0988570311435475;0.7537655581333685;5.360189291080785;15.76296530039925;1.24034268683818;0.799620736404407;4.83539675963389;0.6030294002768337;0.8089629916809559;0.045855178271038466;-0.5247925314468951
120706;1126;479;647;19.032763328444943;3.303491046538256;0.6478825856359729;10.846963891402483;15.72803386040597;1.875089641316373;0.6398222162014549;10.97041111749921;0.4497078012066136;0.6654086560730393;-0.008060369434518044;0.12344722609672765
120741;1208;472;736;12.012973051273555;4.755079004918179;0.9240972165343795;6.340039965441655;7.601651347781729;2.6778418996066407;0.8515138999934967;8.867598977829681;0.5313999822708975;0.9274857114521632;-0.07258331654088279;2.5275590123880267
120818;667;335;332;18.39034648906075;4.702334873647512;0.4552523721074505;22.623885540787978;14.193739171047497;2.6811309864585744;0.46750410737685266;22.36802565336328;0.3532138769431289;0.4769382735743406;0.012251735269402153;-0.25585988742469823
120871;413;166;247;20.101794309052053;2.697355706657549;0.742452788707707;7.369650265270726;16.72003893592118;1.6107779849260664;0.7690018609460019;6.979473990495151;0.5601887691738288;0.7825611331688246;0.026549072238294835;-0.39017627477557504
120891;601;270;331;15.389507082628164;1.5086996703925295;0.6020840482830951;5.514799398351002;13.58825820581188;0.9001895328672816;0.6533777897467514;5.147095643194329;0.5153119902710963;0.6566043098233303;0.051293741463656284;-0.36770375515667286
120901;541;210;331;12.098829305789062;1.4695715946306849;0.758661519667746;3.789228300105184;10.02538113323757;0.8908960478711111;0.8090709548464023;3.370338222336104;0.6011865498709397;0.8172778265860532;0.05040943517865637;-0.4188900777690798
120986;665;333;332;12.910974684797223;1.9303252967471491;0.7892028387204564;4.390919646794056;11.53885635360204;1.0512642345436591;0.7386937197952961;4.88875231272423;0.49352770730122386;0.7951397870921926;-0.0505091189251603;0.49783266593017395
121046;457;166;291;19.1201403254508;3.1818003460289783;0.8370776058693122;6.711854237179392;14.887187350113901;1.9168212721412512;0.8381984024841691;6.688727871123252;0.5668458690069773;0.8650463033607808;0.001120796614856867;-0.02312636605614049
121103;673;327;346;15.728622587610257;2.4851815911911426;0.7569449094136816;6.195069288025604;13.259062779981651;1.4263349523928626;0.7766517160750934;5.938614267146655;0.5685465633536775;0.794801133545083;0.01970680666141178;-0.2564550208789491
121109;322;163;159;6.71714897210729;1.904940649513867;0.7406511887676133;4.9024443114249765;4.6043810195239265;1.1354699217065614;0.8331823628042512;3.931800929475759;0.6893761817388372;0.8338021436230337;0.09253117403663791;-0.9706433819492175
121120;773;339;434;3.6878149006038736;2.5622330450437127;0.45582866930083976;12.441827583605326;1.1384464812452393;1.4542212457031043;0.4514685908684525;12.491572133108619;0.31716704430485987;0.4691131429467147;-0.004360078432387282;0.0497445495032931
121121;344;168;176;7.436405809397655;1.7118637140531985;0.45974336836012164;7.843497805690885;5.956516583777994;0.9451962546886841;0.4566372322224598;7.866013081687186;0.3277886399331196;0.47446607047839806;-0.0031061361376618635;0.022515275996300765
121299;678;336;342;16.763134664802266;1.977576501813669;0.2727506013695915;14.113332047277495;14.890781297065256;1.130510137832668;0.2812770461448718;14.03035408743637;0.21048723887856036;0.2869573586333114;0.008526444775280306;-0.08297795984112533
121681;469;171;298;10.625370244127312;1.514386479535341;0.46049277183008364;7.732921761962295;8.702215802851422;0.9042394572452305;0.46210331933088467;7.721370900616519;0.32020268231597504;0.4759869234433477;0.0016105475008010295;-0.011550861345775765
121697;469;166;303;9.456234844430536;2.61440853975541;0.8804858900584099;4.560320739437923;6.366251858210294;1.5267211325973957;0.8311130287844049;5.4210557262960295;0.5124167290352095;0.8894035542740717;-0.049372861274005087;0.8607349868581062
121701;826;340;486;15.982683013475679;4.1836127084967085;0.823029368932668;8.931089101541687;12.610565693518929;2.3026005883700376;0.7391594893879037;10.842797406400953;0.4491604057003643;0.8235602992175486;-0.08386987954476433;1.9117083048592658
121728;1561;623;938;30.04116192139732;1.4068358876024407;0.6253473559864654;4.953171195497449;28.520032665567303;0.8143633908624801;0.6262571039115561;4.947153786951314;0.4492869317845024;0.6454702902468284;0.000909747925090687;-0.006017408546134639
121767;1244;490;754;12.874284159828564;2.9756234160734665;0.4597863834576864;14.540439974039518;9.998131894699126;1.6716645650451345;0.43467756272478664;14.874517803772513;0.2851431410064301;0.4644707907359692;-0.025108820732899773;0.33407782973299405
121778;679;336;343;32.61969576262388;5.427319268204582;0.8966733260419398;8.047001354822878;29.214085247309377;2.8591301036004437;0.7852231828750866;11.601697846590183;0.4690225389535574;0.8967065915178195;-0.1114501431668532;3.554696491767304
121798;424;166;258;10.455426798913773;4.465707243237355;0.7963243018656898;10.374035304715456;4.770049892023003;2.6566540320024004;0.8206618909968451;9.734517000088138;0.5910009093154238;0.8372199784708777;0.024337589131155246;-0.6395183046273178
121808;523;185;338;7.8439463283743525;1.922277107020442;0.7186848436689388;5.848626449265636;5.111804030608633;1.170425911586273;0.7127555067071856;5.909941393739283;0.4593596251905805;0.7400929822910878;-0.00592933696175324;0.06131494447364716
121841;371;166;205;49.29605681929672;5.212948001866799;0.5902632582223659;17.706009279064844;43.96121780626997;2.9163393285591517;0.6224696301395731;16.995900481662563;0.4856024656542466;0.6310623723291632;0.03220637191720721;-0.7101087974022811
121876;470;166;304;17.566793018080126;2.8415349900120983;0.8361294217233088;5.950439588151476;13.160773564283708;1.7671273132262542;0.8948286302925583;4.767023822432019;0.6649709198181186;0.9016411738176444;0.058699208569249484;-1.1834157657194568
121887;385;182;203;15.914655121812881;2.427005748226904;0.7450386156759554;5.5925361687267925;14.30306781733663;1.2309302057370988;0.6683671478756477;6.37823285388064;0.42828884196866457;0.7473369253678575;-0.07667146780030776;0.7856966851538472
122102;383;166;217;11.583884833339429;1.0975295718081384;0.5993296865935005;3.863992167538794;10.155740987306519;0.6532929718054411;0.6664379208903294;3.5255833834638812;0.5328223706708368;0.6682912729165975;0.06710823429682888;-0.3384087840749128
122108;738;339;399;21.620506084713643;1.710729007597339;0.43814884883162397;8.437898007437335;20.210584694802865;0.9298216083431957;0.40558288078389626;8.678992006358952;0.2585350981283868;0.4413502473900369;-0.03256596804772771;0.24109399892161676
122110;667;335;332;20.652758737611173;1.5190679519029675;0.28958087711797753;10.46481750801447;19.615338904942725;0.8218476708448371;0.2677456299049742;10.62442227696091;0.17599388269296135;0.29098396039458996;-0.02183524721300334;0.1596047689464406
122117;383;170;213;16.829892865543954;4.249973672419413;0.8648889673407344;7.18273887594419;14.05776860345905;2.1971720114161464;0.7372064313171984;10.01733131253412;0.4212711359603345;0.8652771919738044;-0.12768253602353596;2.83459243658993
122671;382;166;216;33.41575812841766;8.489922585399036;0.7963656605905592;18.397599855282;23.05063816644836;4.963024376793211;0.8582520062066568;15.349496041864837;0.6617836619539597;0.8658168933013293;0.061886345616097516;-3.0481038134171623
122841;650;319;331;28.96349703598292;3.756738035763567;0.4520867929598775;18.2983063130484;24.92391457549766;2.226917740156819;0.4982810166178404;17.509964909402115;0.4085939046066629;0.49924528476157526;0.046194223657962885;-0.7883414036462852
122850;913;376;537;13.444408572190689;2.4328628567868837;0.7701398727818024;5.9934067128864035;10.642710815404083;1.4279732087045027;0.8027839316718843;5.5515349314760964;0.6081853572984597;0.8142582614118334;0.03264405889008193;-0.44187178141030703
122881;661;339;322;11.017059350894396;2.2300986672871033;0.8503532472420234;4.11450859147596;9.02202116057714;1.283932158553644;0.8950740982070574;3.4452891786492144;0.7057260472267093;0.9044660859951956;0.044720850965033976;-0.6692194128267452
122887;1099;472;627;23.105896061411922;1.7978010797841926;0.6081047840272136;6.333388458500712;21.336659211998906;1.0118548717100824;0.5986722775146911;6.409154274635792;0.4191334989327983;0.6242131647073031;-0.009432506512522476;0.07576581613508004
122911;380;166;214;17.043780058730068;4.29654596016801;0.6904491121102783;12.284137464178288;11.505406047086936;2.546781911443375;0.7675463732173905;10.645027897938766;0.6127580677039481;0.7699110330145262;0.07709726110711224;-1.6391095662395223
128268;1134;479;655;20.184675242106792;2.8272295073057245;0.7938612413001795;6.451989349751601;16.917696006121957;1.659591943431163;0.8339850253330517;5.79011841002733;0.6358538451086699;0.8443936407916408;0.0401237840328722;-0.6618709397242712
167211;376;166;210;23.35764427572107;1.7205910714358361;0.5512034713840347;6.5904435752948025;21.240056378960375;1.0070201630228097;0.6012406296062922;6.21219890064487;0.4695068944402335;0.6052047612912126;0.050037158222257516;-0.37824467464993283
173794;379;166;213;37.020455448456325;3.2357155969955267;0.6279000542558718;10.59970066413175;32.76020293383831;1.9280069730484335;0.7076939549368775;9.39469523408418;0.5736742674483757;0.7087702161401401;0.07979390068100567;-1.2050054300475708
182067;366;170;196;13.34818651626995;0.2882697644793519;0.014936002153091987;9.828718850868041;13.5411415092267;0.09788750131616084;0.005613068400630694;9.87512025508138;0.00018835189327970348;0.0259296530165668;-0.009322933752461293;0.0464014042133396
182101;559;243;316;16.047046341089498;3.3146951757637697;0.4013500550420227;18.175659350232795;11.47887553104945;2.0362768464853294;0.4593432007106826;17.27287123947655;0.3831534825811951;0.4593461502004188;0.05799314566865987;-0.9027881107562443
188116;890;331;559;19.893149245277606;1.9620348289444087;0.23571124281866385;16.90942152696468;17.806761555300028;1.1334702099067335;0.2190160080163771;17.093109749916835;0.13368288101277315;0.2370004576606124;-0.01669523480228674;0.1836882229521528
190821;1292;522;770;8.729136352190897;1.2099779114339482;0.6066484944131654;4.460111908929855;7.16068953051682;0.7284330259764595;0.6498198558980748;4.208245870265837;0.500954256243156;0.6544761652481834;0.04317136148490941;-0.25186603866401835
210129;676;331;345;13.012193634834484;1.8662030143653403;0.6623210826224988;5.855625193480384;11.36308568073749;1.0466752420771208;0.6515561559198949;5.9482292108163035;0.4546465297507799;0.6801001590011045;-0.010764926702603872;0.09260401733591994
210757;392;170;222;20.304780793792688;3.4129535456200295;0.8070553172904149;7.3259815538516975;16.329670409543162;1.9962481745235805;0.8569737537610086;6.307500358428414;0.6579771106152176;0.8661683554739968;0.049918436470593686;-1.0184811954232833
210774;706;337;369;10.211542279156193;3.4092274931858357;0.7940384331245397;7.520392198973169;7.606038606026241;1.8282186089170451;0.7189736250399178;8.78457868739849;0.44221984836901407;0.7969514918821615;-0.0750648080846219;1.264186488425321
211457;767;339;428;10.651712533722947;3.353064330404023;0.8072107176724715;7.235650168021557;7.182378854940623;1.9161235480261478;0.8153158025746006;7.081919505369981;0.5873225361563259;0.8393209370359688;0.008105084902129023;-0.15373066265157664
211790;450;155;295;24.460384808320782;3.6867573418684207;0.831795268685444;7.8068758843217605;19.373772897685175;2.235452769883636;0.8527169021532389;7.305242317458915;0.6088845042664668;0.869698014866984;0.020921633467794964;-0.5016335668628455
212111;671;336;335;12.382798615116338;3.4506595833709617;0.6116492106291431;12.071486972064811;9.079573536100469;1.991915397098672;0.6432079338932967;11.570610337911518;0.4975312141249404;0.6511528192789824;0.03155872326415354;-0.5008766341532933
274791;545;214;331;15.411379787037614;2.018792033345171;0.725787438338447;5.667475727057463;12.961529163033518;1.1808528307109456;0.723439514305235;5.691687672469002;0.4917408157088198;0.7501210345886616;-0.0023479240332120455;0.02421194541153948
279461;595;264;331;20.64887770286663;3.0279660200128045;0.7634354755626044;7.592815484554339;16.87160252244199;1.8223109957652701;0.8394219319454491;6.2556314080894495;0.6706912803875831;0.8418038431006125;0.07598645638284474;-1.3371840764648892
287100;452;155;297;25.84005428035109;3.9157632362050876;0.7000633324231031;12.04462228101638;19.76978113806763;2.4401236764392427;0.7586354440011335;10.804760671919382;0.5854637646557102;0.7616076909429049;0.05857211157803033;-1.239861609096998
298120;736;339;397;27.53702957792389;1.8277765108098007;0.6755021379277402;5.522438865714286;25.862598997901227;1.0158952811115434;0.6533503072992779;5.707821811448277;0.4422973532708957;0.6895078030769228;-0.022151830628462266;0.1853829457339904
310610;954;449;505;11.29094452457787;2.5084511894774124;0.6935114518154607;7.281047253371862;9.141575149287643;1.4027878521492236;0.6920306936079392;7.298614760543736;0.5101437098366117;0.7145943533140222;-0.001480758207521471;0.01756750717187394
310781;583;252;331;17.60085823744604;4.528493445792272;0.7978854421492984;10.304009551849733;12.23393981112201;2.6768301417717346;0.8390224186884787;9.195813474745416;0.6300084467445313;0.8501172970486657;0.04113697653918036;-1.1081960771043171
311110;453;166;287;25.255951318677443;4.247195783553928;0.7865565454416273;10.597502166541256;19.961319771895557;2.522508520560784;0.7650850915731158;11.117762262629064;0.49398783781543476;0.8024360543383542;-0.02147145386851157;0.5202600960878083
312074;471;171;300;23.175091928954263;2.610350088835088;0.7264912024035359;7.541073009171653;19.60966959562669;1.5827838744993783;0.7519147369104088;7.182042631756885;0.5438183795616869;0.7645713420432867;0.025423534506872847;-0.3590303774147676
376757;439;166;273;53.844068464776335;1.9173720072558353;0.18482474757999134;18.560840171096455;51.55735735182972;1.1168358374445608;0.18005445861291003;18.61506864329083;0.11800167357534153;0.1889584657840332;-0.004770288967081315;0.05422847219437443
382698;868;327;541;57.87238711641305;7.890264245481187;0.6203986249124456;28.069989499337897;48.00549893167599;4.654734848348721;0.6322350717631902;27.628895065262366;0.451887865902855;0.6476039928478297;0.011836446850744586;-0.44109443407553073
384468;605;270;335;3.943620079423259;2.227432999300919;0.712750882278454;6.37613071393104;1.5655890558235122;1.2899618744415786;0.7237446319519495;6.252925047233556;0.5200788023401739;0.743126674139919;0.010993749673495534;-0.12320566669748434
385971;662;331;331;5.500701886599318;0.0032270909257902307;4.3763703490351524e-05;2.14927771174262;5.549359200693142;-0.0052882218219612856;0.0003708031122235944;2.1489262183635454;0.002021751095084734;0.005407921859389764;0.0003270394087332429;-0.0003514933790746966
386751;452;171;281;10.233285656725059;0.4608809918827247;0.09208142893662974;6.663284030570208;9.491240771249698;0.2911935755868022;0.10653866653460586;6.61001975350807;0.08960456693539853;0.10657758548197171;0.014457237597976125;-0.0532642770621381
410083;665;330;335;39.62672584605639;7.125911104416083;0.6883469722560277;21.192103460587777;33.11739263884493;4.055175472162798;0.6956355434682682;20.942829522705267;0.5059009809913575;0.7155683234103405;0.007288571212240469;-0.24927393788250995
410190;440;166;274;16.50075695618133;3.4001060709227957;0.7325983668641786;9.49643779074061;11.820000604277926;2.050973088895876;0.7630937848590302;8.938546981054529;0.550063074215724;0.775794300889576;0.03049541799485167;-0.5578908096860804
410269;349;164;185;6.968697710756421;4.3521166418341775;0.7850872858083793;10.208649995577204;2.6495936036968217;2.4965057702789917;0.7896363420421515;10.100028906759668;0.5618209043895908;0.8145650332083213;0.00454905623377222;-0.10862108881753585
410387;366;166;200;27.103730955280636;2.501567873559944;0.6744624134203563;7.364961700382986;24.43116145040614;1.419350911673659;0.6952700424311571;7.12569941759682;0.5095138056653423;0.7117289270382923;0.0208076290108008;-0.23926228278616612
411389;583;230;353;12.370145678125253;1.702899873310799;0.6622747240746669;5.561566394803442;10.257259947468322;1.0058721850662855;0.6760236202822512;5.44718365114511;0.4803644522379039;0.6925412830338313;0.013748896207584238;-0.11438274365833223
411684;651;320;331;11.747813580743317;2.016475353830829;0.63767173664694;6.72281176175654;9.79290583696044;1.1667546950932806;0.6699717768133278;6.416162957613965;0.5190396036724771;0.6780873593842218;0.03230004016638777;-0.3066488041425748
411810;470;166;304;16.996751665157877;1.1722406332221513;0.2361268129028673;9.9732579856041;15.410412296705612;0.7048724729897498;0.2362487759041616;9.97246176899801;0.1592816183119805;0.244007062106271;0.00012196300129430071;-0.0007962166060906384
417510;654;339;315;14.878728605838592;2.3785019462512085;0.7283500248421838;5.815697279805257;13.58756940920606;1.18793597636779;0.622251767566252;6.85801101040894;0.3689139786873842;0.7283682842662595;-0.1060982572759318;1.0423137306036825
419075;662;333;329;-0.024882856106744455;1.9333384948220171;0.6121034445007503;6.787787763443593;-1.0448085185327898;1.0055039784532076;0.5216188553499651;7.538020598260954;0.303405542752056;0.6131421062629758;-0.09048458915078517;0.7502328348173615
428987;549;230;319;21.95099400753628;4.242515123180028;0.38589863361116206;24.15445107180987;16.442552654700844;2.5442927203626486;0.4148781246427622;23.57763867454943;0.31702958175620144;0.4181270755278812;0.028979491031600135;-0.57681239726044
446889;1459;647;812;11.866737539276667;3.4944879067875534;0.8560840874125396;6.470933184646028;8.88623650157203;1.952185034064373;0.8182206776142678;7.272517042889796;0.5586495086437521;0.8667080072775497;-0.03786340979827185;0.8015838582437684
461018;634;304;330;9.989583997395693;2.2685503781337526;0.5776748970428638;8.603042744398294;7.758991388921967;1.3085977643445772;0.5996366254463268;8.376369040981752;0.45472948152484505;0.6095658108011577;0.021961728403463;-0.2266737034165427
461031;665;329;336;11.98154055618129;1.7433828867798213;0.589034037236619;6.436093031657366;10.212199536850015;1.0184617693943834;0.6294358394989368;6.111546112774812;0.49450603632730383;0.634459847066317;0.04040180226231782;-0.3245469188825538
461034;366;170;196;4.768104156918121;2.2808215784128123;0.8042525141989275;4.727643756452529;2.521832211605929;1.2777464746428604;0.8219746761557394;4.508556738645705;0.6060602513435294;0.8434829143196393;0.017722161956811866;-0.2190870178068236
461086;471;166;305;13.485548033624594;3.2290913846347244;0.7623767357662161;8.518547680268046;9.05431915059166;1.9469936871046831;0.7672343861434251;8.431027217948039;0.5216943279695316;0.7902217703614958;0.004857650377208977;-0.08752046232000765
461089;1426;625;801;14.445359204873157;2.0183483867401217;0.8122280353434612;4.367003500269335;12.257194157088605;1.1767246535485647;0.843016826781392;3.992957766062795;0.6354882288373527;0.8566537101450087;0.030788791437930785;-0.37404573420653975
461095;780;334;446;5.93270458430675;1.9335750257018514;0.42124625168995766;10.245099105515662;4.113286858493106;1.0840252175406868;0.39797818847899313;10.449015384895532;0.25788065876582644;0.42599042916452234;-0.02326806321096453;0.2039162793798699
461104;767;277;490;10.583182012497437;2.1688213594369223;0.8090543764436998;4.855930023010647;8.016012575865735;1.269701443091288;0.7991111297117705;4.980758714303408;0.5495040295461584;0.8298003110804052;-0.009943246731929367;0.12482869129276164
461128;660;329;331;21.761961383919736;6.05010110173823;0.6081548862579937;21.412320161441905;17.09871941550396;3.3459155720230953;0.586319790941147;22.000820755327634;0.40823392248879364;0.6180299148373025;-0.021835095316846798;0.5885005938857297
461132;370;166;204;4.313178706556995;0.04135210532347913;0.13285363499137326;0.4513952514786705;4.268313898379254;0.02358052912526361;0.13719567966934498;0.45026370199018767;0.1007551321305139;0.14027946554793091;0.004342044677971724;-0.0011315494884828192
461158;697;334;363;34.12281412805741;3.6730376956410953;0.7511763239527727;9.21582379325526;30.25197267450892;2.1193082344016356;0.7822670121849067;8.620856728859241;0.5790108399957294;0.7969170821421697;0.03109068823213401;-0.5949670643960179
461218;449;166;283;11.247816575130368;3.181038126445707;0.8887897988341835;5.379245821360428;7.150031276557748;1.9017942047428107;0.8779732624902343;5.634774987194674;0.5795151422752949;0.9129666491162898;-0.01081653634394919;0.255529165834246
461226;470;171;299;1.1368240541179535;2.8933272344830665;0.6601128691705006;9.785276749063657;-1.685248229738713;1.6360050071667724;0.5939045429345213;10.695961177982763;0.3459377659764886;0.6607158355124346;-0.06620832623597928;0.9106844289191063
461686;654;323;331;17.479215779200473;2.610299333125525;0.813960042199526;5.513757577080339;15.428961323912555;1.446298789901447;0.7853764237371611;5.922202660261617;0.546015360375504;0.8275084277344797;-0.0285836184623649;0.40844508318127826
463121;1123;389;734;30.476482643246168;3.2996898605575886;0.3602577932256438;24.3686314134935;26.498872040681768;2.0492730568380404;0.3396192101457438;24.75858684908415;0.20484068493243812;0.3618008730370257;-0.020638583079899964;0.38995543559065027
464736;686;276;410;30.65045705839909;3.0578463708620585;0.38753176345481277;20.456593940894653;25.847452601130207;2.0120371808940494;0.43465268004985314;19.653921097492795;0.3539886855427399;0.43467570216057116;0.04712091659504036;-0.802672843401858
466627;741;333;408;15.90341494912055;2.4354482647277234;0.7358681708378672;6.3657185340433875;12.853267042553602;1.448084457331719;0.8079089202942762;5.428635236797614;0.6337441726292725;0.811760586869579;0.07204074945640904;-0.9370832972457732
466710;618;287;331;18.47263235217835;3.4579827416042153;0.7865655256847692;8.055612583852337;14.936097459608533;2.0014877926036947;0.811984782320428;7.5607136157823245;0.6066891060653417;0.827297273462216;0.025419256635658805;-0.49489896807001266
466866;457;171;286;11.095019008148224;0.04934330337992172;0.00424713022883616;3.5993801562740373;11.094305516580356;0.022984214230323822;0.002584626353023589;3.6023836564485325;0.0006041099075905221;0.005148125909276935;-0.001662503875812571;0.003003500174495244
467071;366;166;200;28.18536484144127;2.472387883133202;0.5023610380208998;10.428031346744;25.066620936458904;1.465311865137625;0.565045802448389;9.749153388444608;0.4584672879213002;0.5660218452655237;0.06268476442748916;-0.6788779582993918
467072;470;166;304;12.386560638094615;2.179626571663274;0.7460320988503428;6.015546019873146;9.044547870976613;1.3515618544164485;0.7937831602105674;5.420604261668647;0.5851322211436776;0.8009823376416477;0.047751061360224556;-0.5949417582044996
467567;541;206;335;7.397214166944396;3.4469640873765925;0.8198061817106711;7.416542646760021;3.4518462860358987;1.9771941273985831;0.7735000731527955;8.315063829660952;0.4758658533272019;0.8300293470564418;-0.04630610855787565;0.8985211829009305
467969;337;163;174;15.175375051154216;5.162500184498905;0.692302062923503;14.91567290486421;10.448690195003039;2.9006728647741715;0.6934050997930542;14.8889140182531;0.49825256964537135;0.7170870912222771;0.001103036869551155;-0.026758886611109034
468005;667;335;332;8.769867036553187;0.12512943988610048;0.042030862756094245;2.6274422721740653;8.669510088223296;0.06977088316502336;0.041278318880139886;2.6284740786023226;0.029454999874460985;0.04302895938759266;-0.000752543875954359;0.001031806428257287
468185;1555;639;916;10.742488891664731;2.8105805320085757;0.7105149399911556;8.136702893915537;7.728232977173601;1.62815479830491;0.7182568523808399;8.027162629434878;0.5236919431722782;0.7370530676985922;0.007741912389684358;-0.10954026448065868
468312;1084;409;675;28.395395363275597;4.816620732095615;0.40083372861287847;27.402387097246912;22.85276016955767;2.828599043695627;0.39995597208586364;27.422451495622596;0.28210020329638474;0.41271846054341355;-0.000877756527014828;0.020064398375684078
468467;421;166;255;28.30250830481011;2.3210899743549827;0.5585417519664629;9.503411987096488;25.119514160248244;1.4106562609075812;0.6011655939344707;9.032979974802354;0.46067934138902267;0.6050839563434705;0.042623841968007725;-0.47043201229413434
468475;1092;470;622;17.07969450770878;4.1668499490630895;0.7969805056061275;9.40149309377484;11.921794589906629;2.484238384401955;0.8631938199954095;7.717574288144247;0.6770210632572256;0.8679785231157229;0.06621331438928191;-1.6839188056305936
468646;666;330;336;16.170306313373217;3.1367846071480403;0.6845275385259779;9.059623319181751;14.028824900336524;1.6792636342451286;0.6429103977887148;9.638690074143634;0.44073207507979484;0.6902607416097557;-0.04161714073726308;0.5790667549618824
468675;1134;389;745;12.381955230276283;3.4103949809296665;0.8932196024697185;6.556457264427999;8.48921003214765;2.0992246704303397;0.8234843426394978;8.429757575890763;0.47439282921455983;0.8940137254039329;-0.06973525983022077;1.8733003114627644
468676;470;160;310;3.826277968965613;3.223144300158094;0.6931533676457884;10.68793931529221;-0.8014250869057555;1.9856372766969412;0.6879486858982873;10.778201698904866;0.44734260450722396;0.7123990466810167;-0.005204681747501105;0.09026238361265548
468711;405;166;239;42.2527653476434;7.584166811112542;0.6626443048206718;24.97646032365966;31.275027081912924;4.701440941466118;0.7447230729413963;21.726644009334773;0.6026911013272089;0.7451305253262248;0.08207876812072445;-3.2498163143248853
468811;555;224;331;15.002485526820495;1.8142130699968344;0.41718866895011697;9.769336272909186;12.830109468330994;1.0624007055946165;0.4207264309164568;9.739640389439574;0.29312814166429935;0.43362009625134745;0.003537761966339814;-0.029695883469612383
468910;456;166;290;10.558789710891594;3.281462592992232;0.934909242891178;4.144331091267577;6.63105213975447;1.931568456478012;0.8933593901379331;5.30464215794605;0.5617087897029382;0.947620879173461;-0.041549852753244965;1.1603110666784735
468980;1219;481;738;9.505502351642939;2.6415269358710707;0.38637878368895306;15.418955958304238;6.640146508783996;1.534324137054582;0.3814450812319028;15.480818422398304;0.2653994252574384;0.39605562040296116;-0.004933702457050271;0.06186246409406593
469790;1190;472;718;23.82631816533815;2.7935185759552037;0.6662382462189473;9.172006186181527;20.36190873159162;1.6715712126413487;0.6970351255115012;8.73860671985765;0.5243418196713318;0.7058418944897602;0.030796879292553814;-0.43339946632387694
469980;512;191;321;33.01951886287216;2.308746738827696;0.3038964546658308;16.221771278707497;29.976791860774153;1.3790486285750203;0.3088543150208375;16.16389986518158;0.2153095795511264;0.31691625814286073;0.004957860355006671;-0.05787141352591618
477661;822;340;482;18.230804758749642;2.915019269340915;0.7359994489859825;8.089868072690338;14.742862860330334;1.7438896483702804;0.7791459057749575;7.399318981903445;0.6029283050375474;0.7858119876123605;0.043146456788974996;-0.6905490907868934
478111;676;331;345;17.60341144388909;2.3187223310056932;0.6699523080959164;7.151742203231301;15.569350023361466;1.2984257779767585;0.6569885481836948;7.290844086781233;0.45652058844819765;0.6869971655449992;-0.01296375991222165;0.13910188354993203
479721;382;166;216;12.963590255910972;0.5533758512135531;0.22624539615855832;4.385510385432499;12.083377853171653;0.3492280302409157;0.2841675476822362;4.218171299358062;0.2590738240649174;0.28684881214620317;0.057922151523677856;-0.16733908607443748
481791;459;167;292;21.58050476273137;2.291299238985705;0.5618048101714677;9.459946260846683;19.08329893975226;1.3177353854098128;0.5257594339438108;9.841339555812667;0.32609889412072446;0.5660952548715699;-0.03604537622765691;0.3813932949659833
488371;372;154;218;9.807503149835313;1.8487504379890214;0.6839869493527194;5.435050324404681;7.654653086879769;1.0710371660305622;0.7198895291017364;5.117003715162514;0.5497093407472899;0.7294377746650107;0.035902579749017005;-0.31804660924216765
490811;421;166;255;7.522721576558407;2.4854042801798935;0.34657950908154167;15.19815192759274;4.755246262654966;1.4365079881117602;0.3522329391190959;15.132261472687143;0.25865787186688294;0.3607897093198523;0.005653430037554252;-0.0658904549055972
508846;463;160;303;7.614218852905022;2.062498853844506;0.7224679675500054;6.414559068025818;4.114838346930027;1.3294695375658436;0.7839565085065863;5.659536227499958;0.5870111993954805;0.7867432062610376;0.06148854095658085;-0.7550228405258608
510910;375;154;221;13.982216348867269;1.8673995172638556;0.35009943455449133;11.15890551763395;11.820135532769863;1.083741300875899;0.36435006945585047;11.035884458999007;0.27358124782598214;0.3704006638883325;0.014250634901359138;-0.12302105863494361
511610;457;166;291;13.706148582593269;2.5289208186080807;0.785561142836784;6.291530317950913;10.203766035803822;1.5358496810963373;0.802080475323903;6.04433979871786;0.5583729582566442;0.8206194376097451;0.01651933248711901;-0.24719051923305368
511991;374;166;208;10.548307466691458;1.563204813717034;0.6543955728231516;4.833198181775935;8.825309328853614;0.8917434709681918;0.678109477244513;4.664435048316794;0.4998538648647012;0.6925874860162747;0.023713904421361343;-0.16876313345914085
512011;769;334;435;10.35584711227548;2.8583270086949377;0.6046068643082149;10.27357668491958;6.83197563800748;1.6972501708656274;0.6513430615029285;9.647310586482785;0.5036329885185598;0.6561648671063658;0.04673619719471367;-0.6262660984367958
512280;1427;603;824;22.910350887232937;1.6902232073893653;0.700087070308498;5.261284772241368;20.94882432531011;1.0099258148244938;0.7194630144719811;5.088494125132342;0.5255445278734465;0.732961305186534;0.019375944163483094;-0.17279064710902592
566597;420;170;250;20.50324960947926;1.9126713717130512;0.29641131832868495;13.499267639195908;18.73555957405449;1.0720019073208158;0.27559277710632546;13.697527200444203;0.17513269585565983;0.2981842479654705;-0.020818541222359488;0.19825956124829425
566748;371;166;205;27.39636382468993;4.6677197307633165;0.8256998088836801;9.150900866133638;22.559250452014243;2.628734178006458;0.8320340397202188;8.983086001430353;0.5918707415002886;0.8599215169976105;0.006334230836538723;-0.16781486470328488
567115;804;301;503;7.291578565286345;1.7982981743252908;0.3908563878889897;10.505306080429364;5.733791102793047;0.9994756476058876;0.34580431394617883;10.88686158301319;0.2000011926891374;0.39086135347391326;-0.045052073942810855;0.38155550258382576
582662;448;171;277;9.61277012324253;2.948636448832192;0.8633527666111;5.583261112863725;6.212113467534801;1.7318071312129084;0.8372308157755671;6.093595345171965;0.5489481547815267;0.879183903313204;-0.026121950835532926;0.5103342323082405
610199;1201;452;749;11.100041160542492;4.6989505992494;0.8762322195702172;8.611608638651353;5.227188252385005;2.8350813499152205;0.878960421798886;8.516167293121544;0.6089402082759334;0.9043239250767594;0.0027282022286687635;-0.09544134552980843
610768;625;294;331;14.1375552799557;2.1135981747449786;0.7143827009431694;5.963006428389515;12.23971821947306;1.1920723498737809;0.7031544926579661;6.079085670265725;0.49532176117934434;0.7324868489252634;-0.011228208285203212;0.11607924187620977
610878;343;164;179;14.99203327633311;3.2007665850745872;0.7080539426953889;8.91577342136284;12.801975322232668;1.6969859040287498;0.6312916684803901;10.019572485616418;0.3876979234604001;0.7087461487469732;-0.07676227421499882;1.1037990642535789
610891;824;363;461;23.704242525174863;2.7665692646526185;0.682687468604712;8.522006576416969;20.787277108502394;1.6089714453720603;0.7043933577603536;8.22536819126253;0.5294890398739618;0.7169257226015806;0.021705889155641644;-0.29663838515443786
611610;747;319;428;9.447330388269187;4.133305183924426;0.843443015457659;8.269239693052885;4.679321702191764;2.4306766716368795;0.8494758709274726;8.1083487186585;0.5898478703751496;0.8756526843010652;0.0060328554698135806;-0.16089097439438582
611629;897;379;518;17.1336414117535;2.6257510804079587;0.7785307352162802;6.714418771376333;14.597259101536348;1.4995710557441284;0.7176266500416046;7.581646746434416;0.4320667227255759;0.7821947820730634;-0.060904085174675604;0.8672279750580829
611797;1130;480;650;13.157144625924587;5.380254593617449;0.9296800321925389;6.503601011160869;8.489895121757076;2.9621843678251176;0.877478991098619;8.584595581651906;0.5860144972559483;0.9390417957382504;-0.052201041093919875;2.080994570491036
621117;667;335;332;13.118595283238552;3.007004726184052;0.8538122519112997;5.472559390135264;10.732140052770674;1.6731635828393876;0.8350168230022953;5.813729571241774;0.5925632813955815;0.8725508861918814;-0.01879542890900443;0.3411701811065102
651051;417;166;251;15.152964355923995;1.1999404724639133;0.5804482298508638;4.561327081109186;13.446824398108362;0.7372313655306854;0.6653604004811253;4.073681797978712;0.5671293638958725;0.6654547080032613;0.08491217063026157;-0.4876452831304743
651157;391;166;225;2.6672558674259914;0.2102103832905853;0.2246404310446879;1.7299902360940478;2.333232436755913;0.13318387602279735;0.27513274910519314;1.6727125526060729;0.2454717853381636;0.27675728397536836;0.05049231806050525;-0.057277683487974906
651224;666;334;332;4.628434456811006;1.842492018749426;0.8865310780378225;2.900224950599076;3.3623090546660297;0.9976519905027844;0.820653882097393;3.64618928345909;0.5400887279884721;0.8910412629572823;-0.06587719594042951;0.7459643328600141
652122;551;236;315;19.69004605840684;4.634493360426621;0.8484020960350755;8.75380926764441;14.99214168761462;2.624488755890701;0.825011863614054;9.4049130419206;0.5559782507870905;0.8671242469805042;-0.023390232421021562;0.6511037742761907
656927;1178;445;733;25.827718302038093;2.225233623913161;0.4492838325428524;11.383886782120822;22.682546129085488;1.3547086362708831;0.47869769422172315;11.075707493360381;0.3588088274268577;0.48306783159807876;0.029413861678870723;-0.30817928876044043
658116;449;166;283;29.035039284620193;5.239930867532999;0.7560468536706078;14.229320061869;21.8420416413864;3.180161026709205;0.7696419943109117;13.827147359892775;0.5315167675023523;0.788633147347395;0.013595140640303982;-0.4021727019762249
658466;962;432;530;9.870989512713319;1.2175971323255088;0.662667032369606;3.7938842397138854;8.556278609613715;0.7014150625149898;0.6876421970293175;3.6507396418245115;0.5125509144822085;0.7004995621493617;0.024975164659711502;-0.14314459788937395
658847;1460;637;823;21.921632622474622;2.9294214689015154;0.691046742531026;8.783926281552514;19.166045552194937;1.6534372792762302;0.6739834581343777;9.023231738876184;0.4678945235051559;0.7055485169214779;-0.017063284396648393;0.23930545732367037
661038;559;224;335;8.36791119928311;1.9859802923615577;0.38327154553637255;11.510840239042967;6.031887960461324;1.1549068332183172;0.3783381454727035;11.556787905478867;0.25326924363003545;0.3944298588227638;-0.004933400063669047;0.0459476664359002
661051;492;177;315;22.27785578370858;4.804648288252064;0.8047874340380136;10.984926016493672;15.534454678855752;2.9095604782423963;0.836416854733705;10.055705098254967;0.6035296324496313;0.8502034408857804;0.03162942069569141;-0.9292209182387055
661091;686;276;410;15.220919600525914;2.714917906708876;0.8318242281288808;6.496091946637268;11.599599817840364;1.7178938140326059;0.8627901360571604;5.867635336825708;0.6253886160672045;0.873132728881258;0.03096590792827958;-0.6284566098115603
661119;272;132;140;4.180535680710937;1.580335305545804;0.6980471919667717;4.937804009999526;2.630861872197113;0.9425079651360938;0.7363685384821644;4.613844254378843;0.5824565985490048;0.7417895868712774;0.03832134651539276;-0.3239597556206837
661131;334;150;184;12.204982347642723;4.195936272231531;0.596272026815817;14.987598622144327;8.0858143077947;2.3593833760058356;0.5927524165413389;15.052786126142063;0.41843385278754974;0.6155991371076732;-0.0035196102744781133;0.06518750399773587
661221;1134;472;662;13.55050327207443;1.5777690377581899;0.6317283503358766;5.399595081942531;11.447307680203146;0.9550697268877403;0.7011055289813292;4.864475162100087;0.5668907396877898;0.702221759952281;0.06937717864545256;-0.5351199198424439
664610;1381;580;801;38.60818503490795;6.239552709378326;0.4148609911810066;33.51498220897829;31.572796005211494;3.649407765922282;0.42824444459670574;33.12948340379068;0.3184739225877278;0.4360761823620254;0.013383453415699131;-0.38549880518760915
664701;492;177;315;17.47274185473291;7.297906340165795;0.6383817693602043;25.49796077244657;8.745426969510952;4.258662250036062;0.6160845476280576;26.27229950734712;0.3989247847310665;0.6495979641446952;-0.022297221732146655;0.7743387349005495
664874;1513;637;876;6.965750256344979;0.743100693083438;0.12880703571191943;8.833645771275284;6.230210630704022;0.42644581465034415;0.1276386022967858;8.839567575549307;0.09110844923885819;0.13218764441685604;-0.0011684334151336184;0.005921804274022335
666761;370;170;200;42.61191600286241;2.280155081759069;0.4003964841484148;11.81480631994803;41.41459980074795;1.141237326341395;0.3242005887210231;12.543057865588837;0.172350975716844;0.4031962712885563;-0.07619589542739169;0.7282515456408074
667089;1159;482;677;15.419024491983617;5.582659964320048;0.9292128218788651;6.939273486101086;11.283134988784358;3.013612151840594;0.8222846818917132;10.995098786491289;0.49544365901459475;0.929257766820005;-0.1069281399871519;4.055825300390203
667399;357;154;203;27.727220142896236;1.9060574307124196;0.5501365666781193;7.709278231639143;25.21511151298043;1.1598303853018221;0.6238475304226732;7.0494515799198405;0.5228374988885003;0.6238803617805473;0.07371096374455388;-0.6598266517193023
667477;548;217;331;12.22646357877613;0.12238234654126173;0.0772561265923235;1.9303472824782806;12.024809263583206;0.07776253803349681;0.09113320115760004;1.9157771224768947;0.07711761241293869;0.09122491646602315;0.013877074565276537;-0.01457016000138589
667989;677;336;341;18.010374160103865;2.1472252433484162;0.7681682990283056;5.158658716701114;16.28587498554162;1.1860379547664737;0.7396914418341763;5.466314432831164;0.507335740547887;0.7815247452675411;-0.02847685719412929;0.30765571613004994
668190;494;179;315;23.21459521760306;3.838178492930092;0.8671180202994999;7.02309998988233;18.18730334816427;2.2831158182012863;0.861041210290388;7.181891143902764;0.573974204963072;0.8936144736246492;-0.006076810009111866;0.15879115402043364
668446;878;345;533;6.496849363344634;3.116037670685539;0.618410929058748;11.039310236933225;3.6054471140530815;1.7356086663524442;0.5737367940312386;11.667636707865507;0.36509419957246725;0.6219386836418589;-0.04467413502750939;0.6283264709322811
668668;388;170;218;8.772841177504839;2.9783371404389913;0.8989458865342876;4.382801996807188;5.618402946653658;1.7040901063253993;0.9136208124728853;4.052093053149735;0.6623606493939926;0.9382841768311933;0.01467492593859765;-0.33070894365745307
669010;758;339;419;67.61339126889786;3.1780081508794877;0.43470171859468176;15.83200617584983;65.1916401066167;1.7012585253830514;0.38920576707712806;16.456769335979757;0.23715289930957684;0.43535879083113793;-0.0454959515175537;0.6247631601299268
671048;712;334;378;12.448697715751802;2.778830816592672;0.6778032583271815;8.30567501143828;10.462632119238023;1.4622737720823775;0.5873867591134634;9.399092896411235;0.33439523128247284;0.6778610480636411;-0.09041649921371808;1.0934178849729541
671148;304;158;146;13.431084649008444;3.396859444519326;0.8699760244610868;5.727756306712049;10.636301757728809;1.9101534486561629;0.8736712423571986;5.645779655893612;0.6398302613455424;0.90066959833959;0.0036952178961118243;-0.08197665081843653
671157;568;233;335;18.926034943393642;2.548251208390018;0.5945392080076966;9.59240876655519;15.336263163378138;1.5570845708863505;0.6532020267840037;8.871386906327354;0.5080868930219419;0.6556244585457016;0.05866281877630719;-0.721021860227836
671178;695;324;371;8.018165235371066;2.6124736359844505;0.8338599732268762;5.062933660452902;5.209603348315838;1.5048145486311388;0.8679828464870067;4.513155330941941;0.6429235941537332;0.8843917680311263;0.034122873260130526;-0.5497783295109615
671181;383;171;212;12.134931780792531;0.378995820559254;0.1317776149993687;4.2829852902604495;11.904320034317658;0.1968467210798523;0.1106655908309927;4.334745868524434;0.061455467147317866;0.13211142319973823;-0.021112024168375987;0.05176057826398495
671198;597;266;331;25.105206870598302;1.3162767450832729;0.3941164031663863;7.347279674139794;23.66306228059838;0.7679275280997238;0.40778961763391497;7.263902104808;0.30229595289355793;0.41532147145972675;0.013673214467528672;-0.08337756933179374
671215;462;171;291;16.885460157862024;1.7994888671656064;0.7027554079538196;5.55753156772957;14.08912133457685;1.1329067260957209;0.7824385019825981;4.754621802433841;0.6272548276419012;0.782946543873834;0.07968309402877849;-0.8029097652957287
671781;464;166;298;21.445128801971244;1.551991784674255;0.7070731185949874;4.7522910159555725;19.895481560969845;0.8789253155723944;0.6268753053452074;5.363526246802656;0.348016780626323;0.7072133331295214;-0.08019781324978004;0.6112352308470834
672781;404;166;238;14.541270693096443;3.7419560053165863;0.5156441771841176;16.62058588161732;10.015293767697166;2.213114928254744;0.5314410739346953;16.34730531861573;0.38552096132635805;0.542097426568095;0.015796896750577716;-0.2732805630015882
672831;927;390;537;25.99016417582919;3.932842782949956;0.7864787340581305;9.22201044176297;22.438508783330633;2.201114215841096;0.7504630056702397;9.96948011906651;0.5074605680820675;0.7961641787326097;-0.0360157283878908;0.7474696773035401
676510;1152;478;674;10.330981656029861;1.6966236695338925;0.3103840223803147;11.617933632488214;8.921526502351867;0.9372177544053071;0.28124507800726406;11.860845521340577;0.17287004725288535;0.31087357122699233;-0.029138944373050646;0.2429118888523636
676890;677;336;341;30.50447286712664;1.2270497929823274;0.2841842196008503;8.517377430492461;28.833474014766928;0.7723222530631658;0.3548624983268994;8.085956533361855;0.32893330742280336;0.3590511987374684;0.07067827872604915;-0.4314208971306055
677172;433;166;267;4.899795515469128;1.0339020007267037;0.4875579558256409;4.825038009152224;3.223620026467133;0.6514646996578402;0.5652790073816729;4.444098413470296;0.4712131239617632;0.565375133996491;0.07772105155603204;-0.38093959568192837
677179;712;334;378;15.566814366875551;3.7300557911296224;0.7174730169779227;10.147208607113376;12.229483615024348;2.0528772922681022;0.6801242048981149;10.797104680864415;0.44148466545812826;0.7284079087665354;-0.03734881207980778;0.6498960737510391
678103;512;168;344;2.224191680200624;1.9823512747426941;0.5022690057235184;9.530242200364695;-0.34273766078710644;1.1881192039672361;0.48486765342090365;9.695406125701497;0.30962403221065116;0.5100352977564608;-0.017401352302614748;0.16516392533680246
678617;617;286;331;34.983700677222366;2.7473304505936693;0.5657666356328204;10.767270833890409;31.690598520315355;1.6518843519342032;0.6298881809339469;9.940552411020917;0.5160039236156118;0.6306130801045465;0.06412154530112657;-0.8267184228694919
679810;1147;479;668;11.036941892815763;3.396018164110074;0.7789827249562236;8.239411713252888;7.1741522925240275;1.99396457512799;0.8048258729602388;7.742731822355858;0.5991637642826069;0.8189969407201625;0.025843148004015215;-0.49667989089703024
680717;881;346;535;19.276471544040035;2.8923193660290716;0.6590974785469907;9.419309272962611;14.983292456134446;1.7955956981865144;0.7575541007641111;7.943490333742026;0.6418450491624234;0.7576928552806361;0.09845662221712037;-1.4758189392205852
680861;543;241;302;33.049831973344816;7.647292762447581;0.7732293967541504;18.71349501772668;25.874793779072107;4.4381575618460944;0.8167797851115942;16.820861010839238;0.6721743792072815;0.8213958799265452;0.04355038835744385;-1.892634006887441
681008;822;335;487;9.94921868755677;0.4732511930615797;0.13804797190299833;5.4532864629097375;9.316097548883029;0.28837426910435077;0.15087712971599465;5.412551393995662;0.11965116123137787;0.15132915079815001;0.012829157812996317;-0.04073506891407508
681103;672;336;336;15.204473838191229;0.26420683651169297;0.05583321244938855;4.7679447653473535;14.810465033325638;0.17195922244473916;0.07459539274597382;4.72033351318894;0.07448156496991465;0.07756618803918036;0.018762180296585274;-0.04761125215841311
681177;491;176;315;6.560385957123019;2.023870072491054;0.42931276693532205;10.920946044909444;3.3191093589993823;1.268038791713473;0.4724811996058037;10.499778902461546;0.3657136526506749;0.47370901411519906;0.04316843267048165;-0.42116714244789755
681179;872;338;534;18.184655272138766;3.9528908675266083;0.8255834578163534;8.237452305274873;14.10241581672232;2.250748235520034;0.7949439687330729;8.9317251570472;0.533505226101268;0.8386880286875171;-0.030639489083280513;0.6942728517723271
681201;1515;651;864;13.86196698454481;1.2252531885141986;0.21361435993671474;10.393305254905917;12.18283561977234;0.754302761828899;0.25248677919059637;10.133170141149527;0.2252959693532257;0.2532666011207485;0.03887241925388163;-0.2601351137563892
683654;630;299;331;31.170265386802207;3.248780893956498;0.6713063564422456;10.126336945782471;28.21249900720956;1.8407122472742858;0.6687417410676858;10.165765299334414;0.4798458966631406;0.6920686987197375;-0.0025646153745597644;0.03942835355194241
684461;446;171;275;16.956090143401912;-0.034006212016695056;0.0017039035508527034;3.9020529635172396;17.07299522084127;-0.02844547297297023;0.003364915994088502;3.8988054016000686;0.004687080917421649;0.004774172149342948;0.0016610124432357987;-0.0032475619171710157
684667;470;171;299;10.746232617286676;3.6646599851131496;0.6712203524100562;12.088457496130335;5.052674461132778;2.2959929468354185;0.7414180318225441;10.72056176715653;0.5860546767131993;0.7425317181323635;0.07019767941248789;-1.3678957289738047
686587;845;339;506;10.736543257921719;2.1812630114948526;0.3487061693740403;13.421085235683925;8.006320090784465;1.3050585052748906;0.3783908851613781;13.111664842522076;0.30435818596063946;0.37970052819022726;0.02968471578733778;-0.3094203931618491
687075;527;198;329;10.33259625681458;2.2190641210858404;0.9004757317449925;3.384767762481565;7.7829244008455465;1.2760557228878702;0.8548595958211228;4.087507320756962;0.5349991195034309;0.912825292888098;-0.045616135923869705;0.7027395582753968
687711;678;336;342;20.51858117666423;2.2136024906720477;0.6599192395337792;6.945167281850786;18.477560363032932;1.257837993922378;0.6723991836720196;6.8165428128523216;0.4956400126398186;0.6893452307630281;0.012479944138240384;-0.12862446899846436
687771;638;307;331;12.64886772813127;-0.01757487683469106;0.00022140373009649217;5.246665787770437;12.706792151702485;-0.015572792365054962;0.0005418322214525428;5.245824943639896;0.0008489824199795493;0.0009327795935940575;0.00032042849135605067;-0.0008408441305407521
687811;625;294;331;9.317406574131095;1.7020476025482822;0.5804630107040034;6.456328492822379;7.535396237766258;0.9930874895359912;0.6114565691740173;6.213270702063813;0.4701569009873764;0.6186709080523217;0.030993558470013838;-0.24305779075856648
688310;415;155;260;13.80415932645796;1.933321281038692;0.7832592274150445;4.657458280257397;11.264357793280382;1.1579465833591343;0.8186279236277044;4.2605324481509275;0.6088204347026186;0.8299143132580393;0.03536869621265992;-0.3969258321064695
688411;753;330;423;5.175974807894965;0.18541470049305966;0.09085289677326391;2.5639980377410225;4.9151002658011365;0.11361400380120164;0.10577040183545938;2.542875684936134;0.08924088964259724;0.10577980894627537;0.014917505062195469;-0.0211223528048885
689115;554;225;329;17.480580202881026;0.8982243941802864;0.116067791190826;11.310260712956309;16.157671763737454;0.5556234962226846;0.1306204831624569;11.216770608075874;0.10508114639240806;0.13071682467698442;0.014552691971630893;-0.09349010488043419
689878;666;334;332;14.48293180227144;3.3481216736119395;0.8429915705290754;6.357490035733998;12.025961485123263;1.834602696616915;0.7991420250002461;7.190659820517256;0.5436102714944674;0.8521724234913319;-0.04384954552882925;0.8331697847832578
689973;379;166;213;22.26760457463727;1.5711790516917055;0.24637141742800472;11.693591420225502;20.240916055489215;0.9308537507629584;0.2745239994700863;11.473099490901026;0.21968341560309623;0.2753076149488376;0.028152582042081598;-0.22049192932447603
691079;398;166;232;11.126534505374968;3.039345644096417;0.8578737440450506;5.547058057902983;7.409857533863722;1.7935943973792041;0.8998959584663077;4.6553395134542;0.6701899733456429;0.9130031004109797;0.04202221442125709;-0.891718544448783
691151;461;163;298;18.66653638499723;2.145114281696963;0.640050656486029;7.314258401496641;15.747879737736842;1.2905356236092889;0.6741422955984788;6.959268668945812;0.5098067177020946;0.6813801326731745;0.034091639112449834;-0.35498973255082866
691171;475;171;304;16.957092750026366;3.847593078170459;0.6261780401037704;13.940201140234219;11.669829378880802;2.3309602295708296;0.6478050787576748;13.530946584727408;0.46760002561195135;0.658944610882571;0.021627038653904362;-0.409254555506811
694611;711;334;377;6.346156089413054;1.455152832894571;0.4283429056421991;7.292562265905917;4.8290985369322685;0.8302070349960222;0.43615523398845446;7.242560368798141;0.3113858356048249;0.44872738162192694;0.007812328346255337;-0.05000189710777647
696610;642;307;335;15.119680563054866;2.6048801435735136;0.8363324812466433;5.133814791424158;12.56392974420324;1.499920370135605;0.8588706160949694;4.767247180039444;0.6380627958370578;0.8769790331215392;0.02253813484832612;-0.3665676113847143
696710;657;326;331;22.88448429035696;4.151864877056757;0.6799940445920626;12.571118908132084;18.13384785501118;2.506953333668305;0.7803575946934688;10.414849522092839;0.6715226479887497;0.7804588548689326;0.10036355010140618;-2.156269386039245
697046;370;166;204;5.732886865346552;2.121263806786748;0.8347074313787353;3.8534303113995603;4.01828109145932;1.1290104953809244;0.7962583187224488;4.278197088020165;0.5515834252625229;0.8477257032847225;-0.03844911265628648;0.4247667766206047
697221;333;164;169;9.744362294389624;3.6685270111842723;0.699361451151592;9.748216677885958;6.64224331112908;2.012058204714755;0.7239724631788649;9.34069186495886;0.565554791936602;0.7373034791788399;0.024611012027272894;-0.4075248129270985
697280;555;224;331;36.85869562953018;3.5030772746550802;0.634544244056106;12.111981323704665;35.209367735208204;1.7562486081041726;0.4690310927705241;14.59931013226159;0.19238247134580133;0.6604116009476562;-0.16551315128558186;2.4873288085569243
697998;489;169;320;10.20592036474976;2.8174407024656993;0.5784825947940957;11.209374182019921;5.9330102919060295;1.725714659572316;0.6025823385358409;10.88421701430668;0.4261934544745293;0.6126934057804191;0.024099743741745172;-0.32515716771324144
698310;503;210;293;14.045413483344987;3.114241479345892;0.33381801275428824;19.84625891895803;10.885679448342762;1.7355571006598403;0.30461658959070825;20.276564473173487;0.1773310530416009;0.33586244587787983;-0.029201423163579987;0.43030555421545813
698511;456;166;290;8.150898710674397;3.0231705089395833;0.532586933760022;13.555947063461259;2.6623716937706945;1.977239058949299;0.6282826180078176;12.088874660805713;0.5319401230823904;0.6295944751874227;0.09569568424779562;-1.4670724026555462
698868;438;166;272;10.514320810027519;2.3983056727383056;0.8180157125625025;5.243467138350081;7.355645200095683;1.4339519003871442;0.8367945897950677;4.965567386606261;0.5897092657043541;0.8563510095578919;0.018778877232565216;-0.27789975174381976
698910;370;168;202;7.262782133214246;3.8404873993202586;0.6846000461471684;11.159415009218993;2.992032501298983;2.218369895337028;0.7285956286413683;10.35187538513453;0.5613077960860884;0.736756434340145;0.04399558249419988;-0.8075396240844626
698983;318;149;169;18.323681791860466;4.099251340260042;0.8222128559944429;8.185333505340816;14.434419111009621;2.2890439947335555;0.8144001735031003;8.363248192507129;0.5696231179531277;0.8484561296288895;-0.007812682491342593;0.17791468716631265
699710;684;331;353;1.7136374520187214;2.2752789313226263;0.5706029738728418;8.629948294333728;-0.1069662837968206;1.2396919193104807;0.5294814998004286;9.033728404516223;0.3373709398946154;0.5752084413739967;-0.04112147407241318;0.4037801101824954
699801;247;167;80;15.284864610961893;3.436086041563587;0.3382928857398161;13.776496375687861;12.20861586676071;2.007403909496233;0.5384341339700878;11.505956357589918;0.5898573128307345;0.5899357878729202;0.20014124823027168;-2.270540018097943
700484;422;170;252;18.563926757102596;2.9505896601064636;0.510694505357089;13.199904651168904;14.61592462145634;1.7908764779005186;0.5574462375414586;12.55346934652495;0.4416689505406344;0.5592938379240955;0.046751732184369565;-0.646435304643953
700816;999;460;539;10.78790758325734;0.9909004871424305;0.48085723321985585;4.569002725085627;9.936188751614829;0.5543308655621384;0.47069999777725324;4.613483389518896;0.3348315566462502;0.4912397597601329;-0.010157235442602608;0.04448066443326848
700831;836;348;488;46.47272400420333;7.590253863334642;0.8326668841658083;15.664167623999782;37.42618002093104;4.544845857910517;0.8927479041673327;12.540627463733774;0.7092383987215276;0.8973419963008308;0.06008102000152449;-3.1235401602660087
701006;618;287;331;17.193818934971972;4.679998708788236;0.8584413366327363;8.499034038640598;12.735407009718944;2.6664550996642973;0.8586979764416949;8.491326350822174;0.6158520854319285;0.8870354693586178;0.00025663980895862526;-0.007707687818424347
701161;679;336;343;13.81719891603184;4.541133573158076;0.9076838889364551;6.32550667173453;10.254244200994723;2.4911753959482166;0.8619388428183105;7.735570031690009;0.5784118200290973;0.9194919176750818;-0.04574504611814467;1.4100633599554788
701171;1134;479;655;24.602139625547153;2.446500075280362;0.468897973702894;11.660578119237284;21.759806486855787;1.437926417320582;0.49384920840347724;11.383375547386459;0.37773512314688773;0.4996296170452168;0.024951234700583247;-0.2772025718508253
701181;366;165;201;7.979119098212147;3.240592941574111;0.5558380801613205;12.958820964839491;4.05904281767547;1.9253425340848351;0.5956139780787253;12.364965149597209;0.45330151912077066;0.6011225666204021;0.03977589791740477;-0.5938558152422821
701191;1223;479;744;11.783504543281179;2.7131750841320668;0.6209229996010847;9.675092476730937;8.349606521106583;1.6115479373744985;0.6432198037748951;9.386242646341314;0.4695251267804589;0.6547834034339759;0.022296804173810414;-0.28884983038962275
701226;654;324;330;24.195169371228303;2.6074446289417152;0.6355254247728985;8.78273869720147;21.514070297050374;1.535203340173793;0.6879356279252322;8.126778762601802;0.5525262688046952;0.691076867888444;0.05241020315233369;-0.6559599345996681
706646;939;402;537;12.261291135559965;3.173963436284272;0.5040681053655326;14.142557117489318;9.057261863162994;1.8211351154350377;0.5083125624210421;14.08190719097791;0.3725225966953224;0.5222009000466806;0.004244457055509465;-0.06064992651140777
706817;1045;474;571;22.886136768143853;2.8059051044464525;0.47702436929910097;12.866125681262167;20.489226666882242;1.545730775798738;0.4540308764880816;13.145923616699742;0.3054684401769696;0.483426608015012;-0.022993492811019367;0.2797979354375748
707110;497;181;316;20.10876637486422;2.2281730244014857;0.7757054746547627;5.55769389866959;17.132066103270304;1.3342689866013433;0.7908055743757718;5.36735524648271;0.5557557040334071;0.8099587963111312;0.01510009972100912;-0.19033865218688018
707486;491;141;350;18.21320271493536;4.322199434790076;0.9256550802551968;6.7908045999904285;12.316948773536694;2.7319696172873575;0.8641092532763404;9.181011433481306;0.4938713151615983;0.9276517308360936;-0.061545826978856466;2.3902068334908773
707711;397;165;232;5.9023384991086525;1.951311935775322;0.49448536152356015;9.22336955573098;3.600676760668936;1.1569415348173309;0.5043491507713838;9.13294136052731;0.36066345112585796;0.5161819404093143;0.009863789247823607;-0.0904281952036694
707772;370;166;204;20.369246597563716;1.9949845836575937;0.4271760915781737;9.870667458423412;19.172913097025393;1.0125170021311423;0.34945209748766226;10.519027565954639;0.18439391681371975;0.42893229706697367;-0.07772399409051145;0.6483601075312269
708111;694;334;360;12.987831039564677;2.5332775238701624;0.8357231093168159;4.921109200529564;10.207372248166362;1.4824510525773738;0.8926880415009084;3.9773959358523197;0.6839851130190557;0.9018125448607315;0.05696493218409249;-0.9437132646772444
708210;1144;390;754;17.843452827080142;2.737833828508649;0.8624615725131455;6.169566522330087;14.593810340853643;1.7026581303079837;0.8003706541228358;7.432840540899765;0.4626943053591589;0.8637327401335727;-0.06209091839030967;1.2632740185696774
708499;598;267;331;14.358011911641238;3.1296465330580223;0.8449529827616651;6.0335656423223005;11.808465835916888;1.7167105179445128;0.7733912284478788;7.294250811299221;0.4837693571695829;0.8481498407272755;-0.07156175431378631;1.26068516897692
708610;367;166;201;10.481103571776476;6.906385039852988;0.8337718215163208;13.227039920131002;3.1052460500636307;3.928063215378478;0.8524846884034076;12.460311277520681;0.615624396758327;0.8753982716100063;0.018712866887086843;-0.766728642610321
709911;477;171;306;13.971604856998749;1.4046721755213059;0.4362660250842114;7.473588859437848;11.981664442104506;0.8557825432143683;0.45626005207789944;7.339859022247874;0.33346223029789435;0.4624899592174766;0.01999402699368802;-0.133729837189974
710210;571;246;325;5.978840721078086;1.0747025274489548;0.21854668780700126;8.971599534685147;4.628031465209601;0.6378412276832767;0.23579679956985022;8.872025628394953;0.18155994175914347;0.23760337799374787;0.017250111762848963;-0.09957390629019436
710297;513;191;322;11.363253870712839;6.2431809577614805;0.6951001573662394;19.181930655140512;2.4899629829541183;3.795801484298507;0.7315687116857779;17.998250183460314;0.5345307229294088;0.7410687450785702;0.03646855431953844;-1.1836804716801979
710311;428;171;257;7.645831630076822;2.3193081310745196;0.8476024790576605;4.471499698825711;5.030811227453247;1.346224732318885;0.8472073647221571;4.4772924766783415;0.5949408335724571;0.8754637508115957;-0.00039511433550343256;0.0057927778526307705
710861;514;197;317;4.120325846491291;1.9891769113718194;0.6387772988695;6.920195139152621;2.0751269097048226;1.129856850627925;0.5942746954074862;7.334100732948385;0.36774065417936275;0.6431187568801724;-0.044502603462013735;0.4139055937957643
711001;493;173;320;27.338286237157583;2.5813457379413456;0.6682293743409435;8.472949530797871;23.123028263492564;1.6160002865993983;0.7309478826012903;7.630163791511547;0.555506335784026;0.7338477867866864;0.06271850826034675;-0.8427857392863247
711038;870;337;533;13.489422930809436;3.299592698398514;0.6617937100162304;10.7452844097557;9.391546160484104;1.9574821552753927;0.6882432108288699;10.316563004596336;0.5127075266214953;0.6988061070995712;0.026449500812639415;-0.4287214051593633
711061;555;224;331;13.373186386941933;3.1353009871831;0.871671201169284;5.480800336419845;10.153189271928577;1.7740748635447705;0.8207393917590909;6.477752481832187;0.5178568711945967;0.8812015950826114;-0.05093180941019304;0.996952145412342
711181;665;333;332;12.517687662690312;3.070454921529699;0.9152639657415363;4.11197569264179;10.378679997430458;1.6661448813900148;0.8505100169833805;5.4616330470499435;0.5625157250860708;0.920650308806001;-0.06475394875815588;1.3496573544081532
711209;338;163;175;42.99757071439544;2.1226921539595796;0.43466288061600933;10.231169001358749;40.26433226614341;1.285763901590565;0.5155501487329992;9.47100184343169;0.44602734384437315;0.515929037794785;0.08088726811698987;-0.760167157927059
711446;662;331;331;10.042777183819993;4.237357242279051;0.8934087539834938;6.448795682545724;7.437181130424381;2.253423536852768;0.797219799360666;8.894686017697483;0.49822646083986055;0.8937706008198139;-0.09618895462282784;2.4458903351517582
711510;675;336;339;4.902468541288307;2.5358667715079863;0.8869869988044904;3.964118594301263;2.853457176257038;1.4050930832643418;0.8591447362066945;4.425567562821927;0.5950778463108926;0.9041433963125813;-0.027842262597795875;0.46144896852066397
711910;1201;479;722;18.8495439614525;2.9864474329195017;0.7084854047669011;8.983113769727444;15.423199758178136;1.7679201995487042;0.7216969191787226;8.77719516661541;0.5274004174720037;0.7373007204765916;0.013211514411821446;-0.2059186031120337
712718;1122;460;662;15.269715038297122;2.3634816858265686;0.6907361427729994;7.099158550415926;12.139227684725103;1.42439231221715;0.7560841109088088;6.304669679543779;0.5990494588748605;0.7587414282301781;0.06534796813580934;-0.7944888708721471
716869;1166;479;687;7.972394237284716;2.257095368214152;0.72375153701492;6.482594932696695;5.449108647644142;1.3277165076185817;0.7360486045102403;6.336667677806107;0.5364118493833941;0.7529750878988668;0.012297067495320335;-0.1459272548905881
716890;666;334;332;12.211248872074922;2.219772277541113;0.8430625523789576;4.213824107890394;10.599392838397934;1.2139495729274283;0.7960922446223155;4.8031923944382395;0.5386380180674033;0.8513099627374444;-0.046970307756642016;0.5893682865478453
719010;476;171;305;18.526761651350757;2.637332077859739;0.552294521017234;11.124307688969028;14.598413239543653;1.6283586000471255;0.5933388193530285;10.60213052312262;0.45056275308027194;0.597033238432394;0.04104429833579448;-0.5221771658464078
719120;384;170;214;13.818571803986298;2.9494638271609457;0.7147393596213514;8.014896093598894;9.847231984224404;1.787091099649113;0.8316859610588809;6.156546171973883;0.709585030214825;0.8318020800659336;0.11694660143752955;-1.8583499216250114
720106;474;137;337;14.491718798277425;0.980368347883056;0.2152984940412107;10.467002655646452;12.752124827158159;0.6572177325632347;0.2259224860846315;10.395905360902717;0.16361862670231053;0.22719198793330353;0.010623992043420794;-0.07109729474373516
721067;465;166;299;14.342610120931164;2.142253986222377;0.7406268691223281;6.008557243894856;10.713372405965977;1.366309548492406;0.833885386130325;4.808522265845457;0.6633301309546693;0.8341769384168813;0.09325851700799692;-1.2000349780493993
721074;1101;479;622;9.669451051318156;0.9283127397678369;0.5234556711909483;3.874489348465155;8.798978169738714;0.519131017727994;0.5130524258860256;3.9165522235685164;0.36072000338200927;0.5359367429182575;-0.010403245304922648;0.042062875103361375
721077;1140;479;661;17.341803191397297;3.242477856939376;0.7951623844613068;7.421831168774808;13.281459457305843;1.9434583185743504;0.8648091214171338;6.029480712074848;0.6881548773358146;0.8681968740112664;0.06964673695582702;-1.39235045669996
721157;692;339;353;14.449578751095931;2.2409431119827063;0.48974417737673714;9.92488191487249;12.316276091459232;1.271542993058231;0.49856043408433914;9.838766711704379;0.36354263725201696;0.5119800161666268;0.008816256707602;-0.08611520316811117
724690;666;334;332;17.16575080249333;3.7249908337502986;0.8947288393947319;5.621714461046653;14.502338572132134;2.0313676513975376;0.8401120828189611;6.928223672823962;0.5639975157922392;0.90214319227528;-0.05461675657577081;1.3065092117773087
725101;862;337;525;8.957736567422153;0.7757027231073547;0.23291117026480124;6.440084044200396;8.119875828495044;0.4475619294752695;0.2288303808260591;6.457191428911031;0.15799578260881908;0.2383872452558684;-0.004080789438742127;0.01710738471063511
726510;384;174;210;15.354840238788764;9.057857461550597;0.8740966471167428;15.114816128538022;7.065543013299852;5.068926116983917;0.8557157972465415;16.180562395260942;0.5983197134496836;0.8947650679077784;-0.018380849870201388;1.06574626672292
726810;395;168;227;10.272309967625953;3.041696115547554;0.752704851700431;7.760024909615219;7.475323529185728;1.6897687738330893;0.7091708106759311;8.415391281399687;0.4617124068839966;0.7606823861536255;-0.04353404102449987;0.655366371784468
726885;421;166;255;7.41309666131378;2.0727896033494257;0.951583353245006;2.1532762117439614;5.46469081351427;1.1588082871154362;0.8666417385884333;3.5736527593656504;0.5225219589603693;0.9543249076719492;-0.08494161465657268;1.420376547621689
727272;452;166;286;11.818297900145893;0.08881402688218439;0.03117831006693894;2.369663410891867;11.652537774975118;0.05859380145548761;0.03744949918674545;2.361981536143801;0.03234419137537292;0.037620732091940945;0.006271189119806508;-0.007681874748065809
727467;1032;471;561;35.617798449753124;3.4641059695443435;0.6130119905994356;12.113292360767591;31.74175100981596;2.036766853886018;0.6644806085361938;11.279043135235922;0.5321523150412404;0.6676407193618685;0.051468617936758276;-0.8342492255316696
727483;1127;479;648;16.528697230572668;2.999016359713939;0.5996857134044407;10.922760721332436;13.975699049817523;1.6490160279703263;0.5552901394730421;11.51251620850628;0.3565028929285957;0.6030542873079731;-0.04439557393139859;0.5897554871738446
727576;667;330;337;14.12102063847274;2.6901216133752865;0.5260160679190302;11.274070251593562;11.065955891970587;1.6153286199433174;0.5942958833429066;10.430464137457337;0.4980459568977741;0.5944198209673619;0.0682798154238764;-0.8436061141362252
727690;503;234;269;14.745036332877536;2.832155285641803;0.7678043369891705;6.749086527259278;11.887613257984926;1.6192778262849714;0.7976967475228773;6.2996928709424544;0.6045879857351366;0.8115422767394989;0.029892410533706837;-0.4493936563168237
727707;1028;473;555;14.825084195956485;0.8761218359040935;0.12855138158887247;10.058406436681942;14.260102566298025;0.46374770867600246;0.11302283293786197;10.147627289210702;0.06869242627884797;0.12855162071051718;-0.015528548651010499;0.08922085252875966
728210;411;166;245;2.14149096447742;1.5989249511248107;0.5267755496214028;7.046524410688613;0.41203159732922146;0.9247413061541193;0.5111862166365402;7.161650035159267;0.3396371429883871;0.5370298028244722;-0.015589332984862647;0.11512562447065466
728346;665;333;332;5.587123273101417;0.01060047189414347;0.00022499947143583832;3.1100868307063227;5.584916993202996;0.005033932631342158;0.00016012490749783836;3.1101877345366105;6.773260818515592e-05;0.00024121580692848532;-6.487456393799995e-05;0.00010090383028771299
728480;367;151;216;4.82026092567197;2.348914822466863;0.6107487970083236;10.02069977051995;2.362476298221031;1.46183730847241;0.6369764099263449;9.677217283646115;0.5139823950699487;0.6400154878524014;0.026227612918021226;-0.3434824868738353
728689;623;294;329;18.12785289457592;3.3381038378219556;0.8865409771883662;5.368185363647254;15.29022936955771;1.8687887179944107;0.8545201653129801;6.078681431143708;0.5850691820257823;0.901139089437277;-0.03202081187538608;0.7104960674964538
730976;336;142;194;17.61232069761949;3.6139351094878838;0.7732016766356553;8.826634672110492;14.158484752025615;2.094243831609003;0.8123636985018545;8.02848617749787;0.6656148675340677;0.8178191951893602;0.039162021866199215;-0.7981484946126223
731021;762;337;425;12.434479519687407;2.428334917062202;0.9079186467638594;3.4322269640406833;10.374881383167095;1.333112048455662;0.841948242556394;4.496657576055157;0.5380905141495749;0.9140056562991218;-0.06597040420746536;1.064430612014474
731058;1239;630;609;28.295781333932975;4.192390088654405;0.5199809862406284;16.8859861119462;25.436324877392348;2.239398664240772;0.49252844801382434;17.362132183177124;0.3415935795876902;0.5258808274333922;-0.027452538226804046;0.4761460712309251
731148;638;310;328;66.38036033417912;2.554694657263615;0.33728535364706314;15.927705995631271;65.01244822201913;1.3285072319474232;0.28465402977155807;16.54809531297354;0.1619481105254389;0.3382851780936622;-0.052631323875505065;0.6203893173422692
731172;1242;488;754;5.979418782042671;3.985205397162745;0.7689525066268714;10.06796996949354;2.2113485577611662;2.2430208813666814;0.7135311686545533;11.210628705523982;0.45017881904716484;0.7730649686101976;-0.055421337972318074;1.1426587360304428
731201;539;202;337;37.03047842147981;4.642129551334249;0.7800482753907045;14.208620353010472;31.29820304279682;2.994619703629392;0.7999352057798693;13.551069116244884;0.6009379864044487;0.8077783610322732;0.01988693038916478;-0.6575512367655882
731211;725;334;391;16.57460384704232;3.366601571723623;0.8143019088027426;6.9918858187890125;13.04748353761081;1.9175115312604236;0.8234246366951091;6.817979041280682;0.5823370596267514;0.849668662877054;0.009122727892366567;-0.17390677750833028
732119;371;159;212;15.449904119216942;4.529558480049003;0.8479554547444097;8.64909069824343;10.533826892569124;2.599903056543993;0.8349435353255714;9.011587391507865;0.5631453022332742;0.872008646896023;-0.01301191941883828;0.36249669326443446
734112;466;174;292;23.27559625724807;4.08512497745768;0.8152350128905792;9.176311957262817;17.95160307970365;2.464266770614879;0.8413971471081454;8.501857644731926;0.6126357962178588;0.8559028196433841;0.02616213421756619;-0.6744543125308908
736778;383;170;213;8.979552002470548;1.9922062543913517;0.7392845444806162;5.05883465408427;6.561058285735255;1.1723000371563517;0.8163825387921484;4.245453469593687;0.6575155715931831;0.8189907190895764;0.07709799431153219;-0.8133811844905834
737072;758;334;424;15.707153563974524;1.8486105839455482;0.4986511629528827;8.121682337773258;14.06594631938204;1.0143392920232757;0.4649980529381921;8.38983991744055;0.2969296572098452;0.5032240264056123;-0.033653110014690624;0.26815757966729237
737105;407;166;241;4.821781426047691;0.019946607609296615;0.0038801337246601175;1.4849813318628862;4.770885200530179;0.014919711481979195;0.006307007097073658;1.4831712789270084;0.007458645579891288;0.007463652564660528;0.0024268733724135405;-0.0018100529358777706
737969;370;166;204;25.41200544184494;2.192452911708391;0.5862674783743574;7.869408328090483;22.779189180862566;1.2830565953458966;0.6376495149653398;7.364557782473079;0.49830650703259716;0.6419570996543745;0.051382036590982394;-0.504850545617404
738311;595;264;331;18.852537180148325;2.070372989617427;0.7705734514274523;5.088931633925847;17.04679873959866;1.1494168164201768;0.7210027602097322;5.611832940101729;0.4649498888042116;0.7770447736652694;-0.049570691217720064;0.522901306175882
738870;386;170;216;24.854655272979436;4.145841559095287;0.7577653792738237;10.226841498477237;19.8537963469633;2.445003585462378;0.8229390372985178;8.743490225121231;0.6475399521168062;0.8276995467093357;0.0651736580246941;-1.4833512733560053
741004;639;325;314;10.54305280394062;-0.04897523730841572;0.00333504435870402;3.614512614122734;10.64901225211594;-0.036647058409582135;0.006083147462657812;3.609526028694506;0.007854003985666269;0.007977856399752459;0.0027481031039537918;-0.00498658542822783
741169;532;197;335;21.044381770957937;1.7429137880325405;0.590605285192126;6.67285149567885;18.630566412027328;1.042138095244424;0.5996007016641409;6.599134769534992;0.4076227230098005;0.6169600295033006;0.008995416472014961;-0.07371672614385805
741222;795;340;455;22.245909922321328;1.576048214917303;0.5078964452401258;6.958704142333947;20.423868259442763;0.9255028502462433;0.5326672136923736;6.78130450977011;0.40297685386415427;0.5398405174222476;0.024770768452247793;-0.17739963256383717
746698;857;340;517;13.237792530466654;3.3269724350201675;0.35273023836757456;20.594191053334097;9.841187558908914;1.9050096508962642;0.3438149566681121;20.73553483331342;0.23715865061045582;0.35961587747159074;-0.00891528169946243;0.1413437799793229
746971;663;332;331;16.07249195956896;1.832076353475987;0.7365945290959593;4.825449378816898;14.035594682858179;1.1006331834314935;0.8392004300589478;3.7702296976887806;0.7176952892220309;0.8392049068315319;0.1026059009629885;-1.0552196811281171
747105;475;166;309;35.27854979614356;3.2007696964909864;0.737109794420726;8.995460441618999;31.386219450385543;1.87339127738131;0.6997386020809933;9.613597741412091;0.4339487407768533;0.7460539654748102;-0.03737119233973274;0.6181372997930925
747298;428;166;262;12.245897610893099;2.2808551588527997;0.8368848815451768;4.611373602099842;9.248347936635001;1.363084683004565;0.8698686360473756;4.118833080168536;0.6312292030653464;0.8849519463246014;0.032983754502198814;-0.49254052193130615
747510;678;331;347;19.815444187578183;4.080001900217997;0.8060700551790578;8.783172365769461;15.823700372567401;2.3364290628926105;0.8264962585199441;8.30774946159362;0.6067579451312137;0.8458596359814528;0.020426203340886295;-0.47542290417584177
747787;339;164;175;5.757439423979748;2.056951808243949;0.7223071572562196;5.396342062983103;3.729051955842575;1.162307213883836;0.7454717497236268;5.1663654544025785;0.5526131095419593;0.7622366862869282;0.023164592467407208;-0.22997660858052438
747897;724;339;385;23.599554670193477;0.7116057469564305;0.07483954539871374;10.840767180463645;22.7081854204612;0.42688392387517826;0.0846949563019671;10.78287112952287;0.06929108450355781;0.08476628385346097;0.00985541090325337;-0.05789605094077466
748012;365;166;199;19.39183878120656;2.7849340613749893;0.7166523620291783;7.38055621480198;15.844499647902449;1.6533726637804378;0.8132906306488599;5.9911797561867735;0.666551205251898;0.8140951126132494;0.09663826861968161;-1.3893764586152066
748773;317;163;154;13.690686531519765;1.7690915486886385;0.6928990256893002;5.067794517644753;11.588320949206029;1.0753931502831306;0.8177668885634017;3.9038403210323107;0.7113584285413553;0.8185572394112195;0.12486786287410157;-1.1639541966124423
751078;383;166;217;14.739079982269127;3.473679068817676;0.8142898905017959;7.14294427773145;10.210471752278554;2.06874020521811;0.9064043253469135;5.070927235110901;0.7255405096045975;0.9088001991524242;0.09211443484511761;-2.0720170426205495
751108;463;166;297;21.77415442214776;3.427486906726669;0.7041780605618545;10.577660499192596;17.214955320256017;2.0615192103877775;0.7042071324654702;10.577140726584334;0.47629472216626556;0.7271702482789859;2.907190361567391e-05;-0.0005197726082624143
754628;595;296;299;37.32651724600534;4.064310443572972;0.7507193703132784;10.55179862331006;34.63645028109949;2.1849763902872534;0.6638623282426112;12.252954521892661;0.3961202124666784;0.7508830837829379;-0.08685704207066725;1.701155898582602
755110;383;170;213;27.623790350134676;3.7896248725543846;0.3579546755582559;21.70219476355135;23.774140569888885;2.1344561340720993;0.3621455760199549;21.63124911450236;0.26265232662874427;0.3730058429459754;0.00419090046169901;-0.07094564904899059
756811;851;330;521;25.484755614482253;2.288820831433425;0.550910019341529;9.420588476837889;22.87141569724188;1.32890121884701;0.5464885372380166;9.466849742909126;0.3782590646671653;0.5668828192561133;-0.004421482103512342;0.04626126607123737
757271;381;170;211;17.292345029669967;3.3678924664459693;0.6879938933868885;9.62563486660617;12.994748359648508;2.0056367961436985;0.7839344771610877;8.010148595828934;0.6537165746065594;0.7841839011224072;0.09594058377419912;-1.615486270777236
757481;379;166;213;16.500988960708632;3.040075146884716;0.6647868908027206;9.186335621021593;12.603399993582705;1.798077507134921;0.7382595522273525;8.117405316910867;0.5885204525130032;0.7407170741554838;0.07347266142463194;-1.0689303041107259
757671;1552;639;913;5.576578770440547;1.0540064613916578;0.42517453941497674;5.559778462868285;4.494067386046456;0.6050991466694526;0.42205312525860916;5.574853365369037;0.3000656728877171;0.43702215709346004;-0.0031214141563675746;0.015074902500752607
758210;648;315;333;20.121786306176197;3.219066121900426;0.627069747734978;10.990068864738852;17.706349265507995;1.759363883124387;0.5854430366831727;11.587205612073895;0.3855608864011081;0.6316825897697456;-0.041626711051805376;0.5971367473350426
758467;397;166;231;28.629851774639377;2.288915609977088;0.6897291586420389;6.85806303693329;25.874306425466727;1.3443937243173636;0.719395577191251;6.521961743396357;0.5320260861912884;0.7313755388091554;0.029666418549212148;-0.33610129353693274
758512;476;171;305;12.838414210294877;2.2742468782181393;0.7569019287644809;6.038177785946694;9.899380935823556;1.3569973834597007;0.7594234020973969;6.00678142416285;0.5237620646360557;0.7827209533737427;0.002521473332915969;-0.03139636178384375
759711;386;166;220;10.047137303057834;5.317321847547742;0.6832473083011725;15.904433197674715;3.13232664932778;3.1763313456391775;0.7492746151107124;14.150024525684222;0.5871864745673054;0.7527420484676154;0.06602730680953983;-1.7544086719904932
759747;612;281;331;9.414999151539348;2.3178802074160645;0.528469735801187;9.810408560922047;6.907791259169828;1.3560983455521276;0.5553482874216321;9.526695688856647;0.4231677702052783;0.5624545877918792;0.026878551620445168;-0.28371287206540075
760117;1103;479;624;24.968960962774233;2.8120700770726534;0.6786970895390345;8.461146578998807;21.780570087395198;1.6401008366826144;0.7237704119566635;7.845253599839839;0.5665200394086815;0.7300305723028377;0.04507332241762896;-0.6158929791589687
761079;1377;581;796;13.279856900925612;4.150210240169409;0.9021339182740341;6.165309897346693;9.09765416827188;2.361104823604607;0.8809077524845289;6.801121860087869;0.6033494416901539;0.9222044871664206;-0.021226165789505202;0.635811962741176
761118;601;267;334;12.962670566601059;3.4040180734067156;0.5274269550663735;14.554076500521743;9.128496031703119;1.99518202370641;0.5471920858146075;14.246467269187056;0.4038278730726489;0.5570336286850472;0.01976513074823405;-0.30760923133468765
766510;1126;472;654;20.38738749301732;2.7208288457632173;0.8126841667693607;5.856081055342869;17.55326970487321;1.5591042844343512;0.8118042389218153;5.869819593431509;0.5790398937009847;0.8388776750068035;-0.0008799278475454253;0.01373853808864034
766870;1134;481;653;20.177282283549207;0.3969872587259344;0.015837444401345158;13.755849036938555;20.180703571231554;0.17681068682773377;0.009782561180421756;13.79809934652329;0.0029298230359383615;0.018750549788242088;-0.006054883220923402;0.042250309584735746
766880;370;170;200;24.669381960096477;2.9055630445992366;0.5662312141262469;10.768068539650208;22.396610459094674;1.5524758260719913;0.522496365307211;11.297881198336313;0.3375747839740376;0.5700622343319324;-0.04373484881903589;0.5298126586861045
767371;425;166;259;8.156456310680005;2.297456295612843;0.781626978868595;5.576382207291703;5.3067119702312;1.3561650320373129;0.7916961348719286;5.446301828146877;0.5545154863777919;0.8137934142903211;0.01006915600333358;-0.1300803791448253
767977;988;445;543;16.221253356698302;4.080972753439521;0.8606973616497761;7.3379764987419644;11.933890472486528;2.378541089833;0.906551442244725;6.0101172838617245;0.707054801713453;0.9160730852002551;0.04585408059494889;-1.32785921488024
768078;384;166;218;10.236084595952864;2.06732435292317;0.6438020807200584;6.659355186020414;7.439682788046607;1.245159350936319;0.7286386907566613;5.812466368999503;0.5940565399842841;0.7292638520219472;0.08483661003660292;-0.8468888170209112
768113;908;349;559;7.581866245058672;2.5715782941850613;0.738631205960337;7.309540250725525;5.375313064284898;1.435225615667802;0.6478212635892522;8.484861553350703;0.3636881904194177;0.7386813441681832;-0.09080994237108486;1.1753213026251776
768116;326;167;159;1.2295354866135781;2.922447567402443;0.7534950424062296;7.044212422953175;-0.5522899025873365;1.5241603586622172;0.6712469470503527;8.134942961413516;0.41962374443374484;0.754251731239662;-0.08224809535587685;1.0907305384603418
769968;383;166;217;19.316990606598893;1.717231054812869;0.565303773710393;6.483955795331834;17.376000243063924;0.9853965748411123;0.5841937600800525;6.34150897706643;0.42778039535204126;0.5970239637988877;0.01888998636965955;-0.1424468182654044
771031;665;333;332;14.419464734365771;2.3700211732867458;0.6822794098000087;7.118372351067716;12.67209192584397;1.299422785456452;0.6472495579848373;7.5005274453712705;0.44052602015081954;0.6898631890865985;-0.035029851815171376;0.3821550943035543
771036;539;194;345;11.91626380938277;3.045917691301495;0.8244261020830097;6.794544157351948;7.314154084358254;1.8796632977491488;0.8453451283320205;6.376937380935145;0.5718276092770889;0.8648214547805044;0.020919026249010764;-0.417606776416803
771101;449;166;283;12.133663497947012;2.616280063409585;0.7627205832420519;6.976077003992643;8.706419897959384;1.5702549207290701;0.7593294911886213;7.025749656033396;0.5071938400921978;0.7863262499840385;-0.0033910920534306888;0.04967265204075311
771107;1548;648;900;7.99284224189315;4.023712402315484;0.5903437874971804;15.281305161665538;4.764115214768857;2.2196369285436344;0.5419316140915094;16.15905040156327;0.34745152280464786;0.5919192864514911;-0.048412173405671055;0.8777452398977328
771207;771;338;433;28.70405930328701;3.8508140447177617;0.41873643707391117;20.79353682151607;24.184156393528287;2.324695339906145;0.4649189099394525;19.950400456593904;0.393087185729213;0.4650155989411452;0.046182472865541335;-0.8431363649221666
775840;441;166;275;22.754833847170637;3.0978830292443917;0.46326316990983196;15.430425387494624;17.45952995103517;1.9823673354052496;0.5425081568375938;14.245866757329471;0.45495567329131203;0.5429079996558144;0.07924498692776183;-1.184558630165153
775891;407;170;237;2.9436880911592356;1.985905687156849;0.6483774003308924;6.747386615825389;0.6524230829282214;1.1719653131289214;0.666896397617036;6.567300213424003;0.4893438009588771;0.6798764551052621;0.01851899728614359;-0.1800864024013853
776736;344;166;178;4.5407104750178195;4.2630655915922215;0.8711774097787169;6.546657921565447;2.2035880569225164;2.1288824929103596;0.7540753859023305;9.045334549997857;0.4675317211706125;0.8711798664705586;-0.11710202387638646;2.4986766284324107
776751;285;138;147;5.3067206193619825;2.647662905705433;0.6589336854800922;8.803295147017131;3.0468982650563987;1.5423732025335917;0.6921646527706427;8.36344281185829;0.568011484504306;0.6965292002900179;0.03323096729055042;-0.43985233515884126
777384;665;333;332;16.75281664778496;2.598769822507869;0.8831670092610718;4.160217830990306;14.760113630821998;1.435475624347785;0.8503776659659052;4.707946691729733;0.5905816274367846;0.8972500435647863;-0.032789343295166584;0.5477288607394266
777984;667;335;332;4.918238966403799;1.915408691554074;0.5554536344260739;7.536646668365108;3.6620707681423816;1.0290523046981608;0.5064354075551605;7.941300342954943;0.3263292267617939;0.5568631541818014;-0.049018226870913395;0.40465367458983437
778186;510;160;350;6.438138979890969;1.9266214282954421;0.6042103304166943;8.02639490121476;3.4643006241740846;1.2234973042736166;0.6161658288294347;7.904239915862067;0.42643351112314;0.6276477499935228;0.011955498412740462;-0.12215498535269287
778721;990;447;543;24.52088595453698;2.56799473107435;0.7935567309801312;5.85211518311488;21.991633468979458;1.4763391394739676;0.8138490747857232;5.5570601963194814;0.614203798127503;0.8299021595388085;0.020292343805591972;-0.29505498679539865
781007;1552;631;921;13.501664261323498;1.5450944969378795;0.5258704585573244;6.6727496069092505;11.923941793654507;0.8855388130336285;0.5179751844754794;6.728078022164688;0.36379980912414367;0.5385688529197876;-0.007895274081844983;0.05532841525543741
781008;404;166;238;28.241985700941168;4.826534606221153;0.6273950197327232;17.04628191798287;20.846008477371335;3.036287938695646;0.7315610001154534;14.468654462889193;0.619679840283688;0.7319909479208626;0.10416598038273028;-2.577627455093678
781011;676;336;340;13.193391233349583;2.6200713102956734;0.7692122326772082;6.280462792353895;10.935583980770577;1.4700182955867822;0.7641753334547576;6.34862783179005;0.5468482530387497;0.792688210624569;-0.0050368992224505416;0.06816503943615437
781067;372;164;208;14.33011978929984;5.13127917027966;0.48643696128041247;23.37101722602371;8.705749168684452;2.9684229964828748;0.5002974411667416;23.05348155885457;0.3665922320421712;0.511232074317733;0.013860479886329102;-0.31753566716913895
781099;1454;608;846;13.202022540838579;2.9665059415654813;0.6781180959872692;9.654175395686348;9.630287341537025;1.781484421402182;0.7073463374890814;9.205425884931046;0.5277369154178068;0.7169167668745366;0.029228241501812136;-0.44874951075530234
781218;666;334;332;6.742715957147669;1.3260898270409835;0.7186255625907993;3.6508880798771273;5.536174265241812;0.7590548110613463;0.7433993835514286;3.486462894269434;0.5666003481741781;0.7563048751277373;0.0247738209606293;-0.16442518560769326
781771;677;236;441;12.97485581866694;2.7933599406061207;0.6139106031041105;11.703598147171299;8.938372440469799;1.7696125854401976;0.6240262499977859;11.54926180135377;0.4309058325565611;0.6364104018579841;0.01011564689367539;-0.1543363458175282
784611;1065;477;588;21.95266032104159;2.5280952302581;0.625602502792395;8.560583139274188;19.61313352338785;1.413767050493093;0.6136827387608954;8.695787889460721;0.4307211902787118;0.6409949157941136;-0.011919764031499636;0.13520475018653322
785107;674;336;338;19.023344684867084;4.157381261219413;0.8779710449969096;6.792092105875643;15.405847483864463;2.3419654088939823;0.8790676093780634;6.761506029310068;0.6368261001035727;0.9079860591064493;0.0010965643811537973;-0.03058607656557477
787072;380;170;210;3.7981879982771396;2.067625033107357;0.5192560388308745;8.433549223969576;1.646162864021285;1.1685792469618022;0.5334260223266263;8.308329691348545;0.3942416943557019;0.5460935080497222;0.014169983495751826;-0.12521953262103125
787675;534;203;331;6.673026354790169;0.08329910424215388;0.012644123318972578;3.370493390010607;6.578986463649591;0.04770579788177782;0.01194764720355257;3.371681945409677;0.007425198580258696;0.01280219244890557;-0.0006964761154200083;0.0011885553990698128
787784;409;170;239;20.501029869703796;2.684567110119621;0.6092434951940278;9.740398938805738;16.88349334529414;1.6349558531868922;0.6779180462784389;8.843146758533152;0.5502778022715236;0.6786963349383568;0.06867455108441112;-0.8972521802725861
788488;599;226;373;9.717279220355596;2.71547969981667;0.8834309906261942;5.471817165932792;6.763134324507025;1.677900079720628;0.8467713113592121;6.273502379672502;0.5493406826499572;0.8897368040726182;-0.036659679266982104;0.8016852137397104
788786;680;336;344;16.335870463706073;4.28282622694651;0.8035104510839992;9.245585865647005;12.055121404297605;2.4742115056281935;0.8458913758734434;8.18800652482174;0.6471995444866181;0.8571250863170025;0.04238092478944422;-1.0575793408252654
788846;381;166;215;6.250747625041182;0.05054603890699144;0.008083695296432158;2.39383756283314;6.146686517965139;0.034878287781451016;0.012164911159776137;2.388907793110889;0.013094592189889176;0.013281602546545423;0.004081215863343979;-0.0049297697222510095
789854;653;325;328;18.598466886205948;2.680805935219814;0.6528256504682655;8.310753363886123;15.950830922133465;1.5388013740299806;0.6989881613704202;7.738528155733099;0.5521390135201726;0.7049752990727861;0.04616251090215473;-0.5722252081530241
791196;451;166;285;13.104010019595268;2.7625192130919185;0.8701042293173673;5.104719949825554;9.265566924141414;1.6818106035751523;0.8907127246242161;4.682299775385135;0.6208996828545427;0.9104189148433869;0.02060849530684883;-0.42242017444041924
796869;1045;474;571;8.707070480641693;1.9252747903558782;0.7259314597618448;5.184448651408482;6.87590012558241;1.0848131804185028;0.7224241689837729;5.217516227263213;0.5159992070421198;0.7487639048279293;-0.003507290778071881;0.03306757585473097
797651;578;243;335;20.627747811103834;4.972073843729846;0.6817467519589494;15.442102622079341;14.468954560979785;2.9515181171886096;0.712867052752512;14.667683369746479;0.5237837753759447;0.724147285858524;0.03112030079356265;-0.7744192523328621
799976;735;339;396;4.365844414818067;2.614558794609857;0.8165618339072768;5.405455086086508;2.3629638954109993;1.4025631549273028;0.7353772347577157;6.492336403075062;0.4501221593948972;0.818562039381185;-0.08118459914956111;1.0868813169885545
801001;668;335;333;26.57344855054853;1.9878832323389584;0.5480402836455893;7.936552323262116;26.298477307425575;0.9234549253034176;0.37335210221987813;9.345312180932762;0.1440753108561008;0.6036985888092756;-0.1746881814257112;1.4087598576706464
801031;952;435;517;11.757472286310346;4.170626704206331;0.8827571697941654;6.78172002883395;8.024192961197503;2.360522572817999;0.88254704302812;6.787794528117345;0.6499825613380537;0.9096901836365758;-0.00021012676604537095;0.006074499283394985
801051;844;339;505;14.857131011080183;3.077510175165487;0.8003430287014321;6.92030606718705;11.78021284786816;1.7532605225702667;0.7874498259475817;7.140256211031449;0.5574904501950808;0.8189499140238492;-0.012893202753850419;0.21995014384439937
801059;383;170;213;9.335298166424076;2.347532020019831;0.8019230835540416;4.9888530414166645;7.2461491497388515;1.2846157020366733;0.7658244700681166;5.424435300188702;0.5153426076423948;0.8147977727058956;-0.036098613485925024;0.4355822587720377
801081;553;234;319;29.58447144825425;0.8819895861340767;0.32048795240808137;5.629966025837418;28.67050642232596;0.4962606174855713;0.3114710213326092;5.667196943715787;0.20852729823780725;0.3279743060718312;-0.00901693107547219;0.03723091787836896
801209;590;255;335;32.83066720383376;4.398234542398137;0.6999172601310248;13.045271161925102;29.71990817802651;2.339080682029202;0.5929473565963048;15.193502174858676;0.32149897232720515;0.7007893271078427;-0.10696990353472002;2.1482310129335733
804685;452;155;297;18.724544712157986;3.902185491453975;0.8933377814149791;6.139379178620567;13.790553645019244;2.300288541330579;0.8934625761676249;6.135786591902633;0.6232505567842129;0.921995539462889;0.00012479475264581819;-0.0035925867179340543
806911;793;340;453;30.900952724085965;3.161720735794029;0.5433530602469989;13.08900922741122;27.488927425478195;1.8311289100828776;0.5507131008538126;12.983099206706047;0.39765632730889844;0.565393245187559;0.0073600406068137225;-0.10591002070517241
807356;206;72;134;9.648065692004177;1.5327775438535811;0.6967870969599783;4.690419362018091;7.130988225657964;0.9639482648072517;0.7765803589437388;4.0262293423766735;0.6144544098074705;0.7773984025329947;0.07979326198376047;-0.6641900196414179
808112;1451;648;803;21.787677718223996;2.2821188854244148;0.6967530350955337;6.59737588881917;20.16306672164184;1.22219956149798;0.6301161636941635;7.286276941614986;0.4011252631790292;0.6978015009444103;-0.0666368714013702;0.6889010527958161
811031;530;206;324;28.11187776962831;4.935009769463493;0.7405271475770607;13.447019356956286;22.04013964978853;2.8987753078213805;0.737334066128873;13.52950609283516;0.49857130156871377;0.7647696551920418;-0.003193081448187751;0.08248673587887367
811080;1039;473;566;17.288125993057296;4.887687855807849;0.8190188014206914;10.090213635105384;12.363625304840376;2.796992564270797;0.8409079968908583;9.460363120681176;0.6277155874195309;0.8587737908595425;0.021889195470166878;-0.6298505144242075
811121;1124;478;646;3.812325128541186;1.658848376919892;0.5705397739772884;6.401777822382953;2.515065773677766;0.8974721405216659;0.5124360651330531;6.82110775280337;0.31446673529004077;0.571208749519584;-0.058103708844235324;0.41932993042041744
811158;357;165;192;0.3867506920393904;2.573566502476551;0.7609977455818424;7.142945859963479;-1.3069144725976507;1.4393200898528464;0.6770568664194564;8.303083150473691;0.4095656806049842;0.7611302187126004;-0.08394087916238602;1.160137290510212
811876;463;171;292;12.683600545681635;-0.010946471543927264;0.00027576362818537703;3.1271731362390347;12.97078224674305;-0.03557228276300186;0.00818393335280787;3.1147800604362086;0.027542009559316516;0.04763334787732665;0.007908169724622494;-0.012393075802826115
811983;442;166;276;15.183664486508276;2.047252742287572;0.5787825332013166;8.10393785434734;12.210843271395273;1.252985306948292;0.6182984758536529;7.714448125016875;0.4613835034985667;0.6237254771246259;0.03951594265233638;-0.38948972933046466
812127;677;336;341;3.9487679353818717;2.467256404525228;0.5346253204955422;10.066809969983334;1.9582649576637792;1.3640554196861268;0.5157476191751826;10.268958004665384;0.3546079576766127;0.5442790885387349;-0.018877701320359597;0.20214803468205034
812183;251;94;157;7.773074843434813;2.933672684447339;0.6825144987308388;9.773555867331792;4.68963743665792;1.6777594127607616;0.6006013602804173;10.962104606052197;0.31523153522177616;0.6826286093067375;-0.08191313845042147;1.1885487387204048
814741;469;166;303;14.783819973925471;1.5894396293329116;0.7541187549540701;4.296951114880582;12.696205213677453;0.9499921913064607;0.745687565753683;4.3700007202875035;0.4946427432632189;0.7747999545063485;-0.008431189200387101;0.07304960540692118
815031;416;166;250;7.636737477670382;2.2320521143232;0.7192221672993042;6.4484682132625935;5.28546768932053;1.276011885649702;0.6815646948270793;6.8672959003918;0.43333126027131263;0.7279169864435806;-0.03765747247222495;0.41882768712920626
815461;1142;461;681;4.928867601791513;2.892693741489642;0.6120143594985642;10.60677996791734;2.2071818154896903;1.6341365769372762;0.5770028501889456;11.075018338726633;0.3769615462333159;0.6173098335623541;-0.035011509309618605;0.4682383708092921
816571;276;93;183;13.507282987148821;1.9987728428128895;0.7632308823019388;5.179659001576001;10.735537306450375;1.1924744564121565;0.7492821829080676;5.330049475592592;0.4814921360562734;0.7830963669116286;-0.013948699393871222;0.1503904740165911
816910;476;137;339;15.881394306855686;4.0460909835907755;0.8715931642391102;8.667851014941531;10.551930806583169;2.5541376309314843;0.8109732132769463;10.516689258564746;0.4649195696403624;0.8727858649180789;-0.06061995096216388;1.8488382436232147
817178;278;60;218;14.492574523554472;2.1304721056886082;0.4305336298494852;12.361841942936618;9.864088718986306;1.4281385813300136;0.4376306777598197;12.284569912068454;0.2697680217128968;0.44706648593723075;0.0070970479103344974;-0.07727203086816381
817367;675;336;339;7.511182030797903;4.6976710487048745;0.8329488334380376;9.213249351390768;3.562732316914186;2.624132691553412;0.8200049173942905;9.563533624039154;0.5803070425281225;0.8547148658486943;-0.012943916043747117;0.3502842726483859
818111;670;335;335;9.16132174077406;3.440058855802754;0.6630630265890556;10.769940782160695;6.0720857942471635;1.9567787030037451;0.6767214058542457;10.549392587244943;0.5042357333035374;0.6925575353742502;0.01365837926519009;-0.22054819491575195
818882;786;277;509;25.86527366686311;4.275116950469004;0.8675724257161568;9.330387254795664;20.677689666741845;2.6675733256367486;0.8236453646384442;10.767227690492549;0.5040559170895312;0.87249346337329;-0.043927061077712604;1.436840435696885
819011;665;333;332;5.744485047738543;2.837249802661779;0.8821910628184086;4.563439470723367;3.348441435625622;1.5977857601469405;0.8829123484871277;4.54944818460662;0.6451673703611841;0.9111517920122886;0.000721285668719096;-0.013991286116747048
819694;563;228;335;13.841737077046961;2.2691360012695156;0.7540952198784787;5.914451552727712;10.649742479736275;1.3826930983835632;0.8202905514462865;5.056109244631264;0.6280044711596875;0.8248612636593154;0.06619533156780777;-0.8583423080964483
819776;415;170;245;8.069124600818851;3.411563764428249;0.8002174134405093;7.8443416862901465;4.504747954893002;1.9651302966299753;0.7843528125782756;8.149849443613613;0.5389942962769222;0.8183882232649295;-0.015864600862233735;0.3055077573234666
819946;436;155;281;20.404349583946832;-0.23990882404221822;0.04668946539889074;5.1248401559140815;21.410995331298352;-0.21596568959545384;0.10563996589414093;4.963857666592527;0.16299137548468767;0.171825839740388;0.05895050049525019;-0.16098248932155457
819991;366;166;200;14.684796993019614;2.348051760154777;0.8504477034764475;4.172697593447973;12.082754835897575;1.344491453515535;0.8928719024568474;3.5316045232242304;0.6689921845592215;0.9079361102067846;0.04242419898039995;-0.6410930702237425
821076;386;170;216;3.29622024188825;3.468460726468662;0.821251586480616;7.059888884337148;-0.08739375209919054;1.9451450861057564;0.8065029592383884;7.345374307059429;0.5591606224168096;0.8429877480002568;-0.014748627242227585;0.2854854227222807
821088;1036;473;563;16.41369068665887;2.4212105580178096;0.7845547182795535;5.5766398805786395;13.835928902339864;1.4061709233674973;0.8306954130630457;4.943544737850687;0.6466599688013318;0.8392626646559511;0.04614069478349225;-0.6330951427279521
823761;1546;631;915;13.90334421408356;2.185518334048883;0.6436088172654599;7.409576120045237;11.78855448663572;1.2404034153024532;0.6210936149354627;7.640043836222237;0.42379577491348885;0.6537907748645331;-0.022515202329997264;0.23046771617699946
826511;395;170;225;17.192005932240626;1.6693173735920155;0.7821513752166671;3.887963262053375;15.741805312965067;0.9171333439104432;0.7291474692749786;4.335220484477479;0.4714047686413533;0.7882377441113624;-0.05300390594168847;0.44725722242410404
826780;842;335;507;5.728209804174263;1.8707107157883314;0.5425863674857138;7.922430482358093;3.347333884328364;1.1246088398689564;0.5762036859946137;7.625748405645831;0.44232533269072816;0.5811037296934081;0.03361731850889993;-0.296682076712262
827127;764;339;425;26.53159427661621;1.9682681257467072;0.3113422965380621;12.865735078625802;24.628815538357337;1.1065688761530257;0.30571351193631957;12.918207499754631;0.21218540279404474;0.3194121736775998;-0.0056287846017425425;0.05247242112882944
827183;449;171;278;20.45106311131039;2.5898818675745376;0.7624811929320241;6.8853581336250205;16.340967608354966;1.6435197781493773;0.8625098697677215;5.238576549313083;0.7020069145994846;0.8625486601219494;0.10002867683569738;-1.6467815843119373
827771;501;178;323;19.213384960440532;3.467291384229722;0.6831654620141707;10.97075409754562;14.101825194735728;2.1122986635902268;0.7106949121302804;10.483305876110753;0.5037208970531304;0.7230644434981471;0.027529450116109633;-0.48744822143486743
827810;666;332;334;15.95609590897803;1.7600668173674543;0.8086165830273991;3.79093382391089;14.349598902760174;1.0061070000328232;0.8264408230153002;3.6100884465214236;0.6150219026341897;0.8451960257187965;0.017824239987901058;-0.1808453773894665
828110;388;170;218;21.52542491844642;2.962844719333111;0.7465759692585712;7.576411503233399;17.752204789128676;1.7743240554102462;0.8312222220449864;6.182972147895632;0.6738228853341673;0.8326691495687489;0.08464625278641524;-1.393439355337767
828446;1211;479;732;9.15225202127585;2.054571908284969;0.8831192959870816;3.4798510217471033;7.072651749891342;1.180790480832539;0.8514646859069428;3.9228716731290048;0.5744066430162016;0.8963164312880718;-0.03165461008013881;0.4430206513819015
828710;630;299;331;8.12213081314864;2.057286730676136;0.7941471577233572;4.665728296359504;6.1935732473410265;1.1729414818717212;0.801070502981373;4.586597213721838;0.584287818067506;0.823943122444484;0.006923345258015745;-0.07913108263766588
829883;492;177;315;17.638646256373605;4.382676150879004;0.9000423591790503;6.780131973767038;12.538463327856533;2.542545368521795;0.8584828534313873;8.06742023863752;0.5459302917525755;0.9122145287391267;-0.041559505747662984;1.287288264870483
831011;537;206;331;16.087627768610957;2.2338203414173776;0.8345675305807098;4.550904881740562;13.175476867137673;1.3246901252464411;0.848182089032414;4.359622524608632;0.5883483297699574;0.871582656341662;0.013614558451704228;-0.19128235713193042
831138;297;78;219;17.966863963808905;3.8984677456725625;0.5849942258390797;17.599702525864437;11.53050384126066;2.53042532411679;0.5765191724848364;17.778500742789653;0.3642987833420722;0.5957691026882379;-0.008475053354243256;0.17879821692521602
831179;598;173;425;16.31542477317652;4.9111964988212256;0.5791626383708548;20.318756458377422;8.765430484614214;3.0655653182443126;0.5890664448770462;20.078246556775934;0.41078386516892385;0.6011714379425656;0.009903806506191382;-0.240509901601488
831189;661;330;331;18.54280695364477;0.2501198416013125;0.07975064517801067;3.7448404464346092;18.239740931166246;0.1535954258558475;0.09484600346042604;3.713999103798419;0.08495395747610013;0.09517973652461831;0.015095358282415372;-0.030841342636190205
836982;479;166;313;17.1656972877959;1.1615788286381863;0.15169630741406293;12.876257616341373;12.700094042370681;0.9947880841613398;0.3083140745323739;11.627020754179757;0.4337046982998377;0.4407490217353015;0.156617767118311;-1.2492368621616166
837951;467;166;301;14.505572273810234;3.4563733985020235;0.8214590046539945;7.642626863725402;8.902947780158758;2.180251727333472;0.9051016664298814;5.571895642840545;0.7027208942304617;0.906996245485804;0.08364266177588697;-2.0707312208848574
838351;370;166;204;19.03514988204037;1.4472252543991166;0.20744513792317887;12.086458000367626;17.525799379264512;0.817404501927219;0.2101649063060056;12.065701950543842;0.15070552903033696;0.21662815724112017;0.002719768382826726;-0.02075604982378465
838501;664;333;331;4.609188166241145;1.3665394305166034;0.5118120186082689;5.876307435557546;3.8031743640094646;0.7223193257659645;0.4516161520272175;6.228067268510102;0.27785075762557776;0.511823417908921;-0.06019586658105136;0.3517598329525562
840777;488;173;315;1.4495267004864267;2.5872004484210844;0.5226132187075965;11.485065809966905;-1.0450782884575478;1.444024447417776;0.45913546756182977;12.224822020361545;0.2536797149917235;0.5226303020941716;-0.0634777511457667;0.7397562103946402
841066;677;331;346;16.05576662736369;2.691827182629471;0.8842951266527649;4.27594185905015;14.010723712752048;1.462428947187804;0.816271227496366;5.388210482915115;0.521121264191731;0.8897138412100972;-0.06802389915639884;1.1122686238649653
841087;442;164;278;6.592658004506088;3.859480211206456;0.7143327172258631;11.349743511035093;1.5999772796424026;2.2962246894684775;0.7188409157482034;11.259830562096871;0.494414791237209;0.7407968171732537;0.004508198522340301;-0.08991294893822221
841097;666;334;332;19.28865703123828;1.6259075670713292;0.2970462214973728;11.004791231483479;17.867454602784466;0.9225958421745147;0.30197741368027153;10.966124218673402;0.225195832660124;0.30936796104438224;0.004931192182898725;-0.038667012810076784
841184;625;294;331;24.071409986414494;5.959808077334997;0.8582417522551675;10.807311924161752;19.2999992155021;3.2856017044265573;0.8071130467742748;12.6065120950856;0.5339214567506785;0.8660894675062498;-0.05112870548089277;1.7992001709238483
841211;715;316;399;10.732036670884838;4.545948937438076;0.8920142214052085;7.061706693600391;7.018341240558893;2.5175074448420367;0.8502367370240164;8.316278794189996;0.5858489408187235;0.9019165775109199;-0.04177748438119211;1.2545721005896047
845791;424;166;258;13.909552176493483;2.2365487889015494;0.7565915380886248;5.827044349016965;11.108001782554943;1.325359285821182;0.7736718036667047;5.618880795655266;0.5512457331531031;0.791742507348585;0.017080265578079956;-0.20816355336169945
846104;459;166;293;1.6733952769336433;4.379215076045943;0.8791015925512581;7.416256894191148;-2.130062256725065;2.4159333151030076;0.7798290112303713;10.008166490212652;0.4586012753449933;0.8791622876760299;-0.09927258132088679;2.5919095960215035
846688;725;339;386;11.951883672478791;1.5402216897643026;0.598574838027979;5.459855967447091;10.147086192375037;0.90703630587263;0.6535690205991196;5.072093504659696;0.5135087033571426;0.6572322641051865;0.05499418257114064;-0.38776246278739457
846767;374;166;208;5.6294816325453105;2.5899402184177056;0.3997579680168535;13.502171641026496;3.2481844276465868;1.4166997550923737;0.3808769051964126;13.712887874215259;0.252038257300533;0.4064444181064619;-0.018881062820440886;0.2107162331887622
847111;448;165;283;16.977481375452843;1.833402612232217;0.7189121004444614;5.481680421083087;14.759961269725588;1.0801242231003543;0.6887209275942474;5.768562461697453;0.4327499090146746;0.7296485066868088;-0.030191172850214;0.2868820406143655
847480;451;166;285;3.255175780007978;0.22457804493145747;0.2668234918288144;1.7853864312486816;2.938184697108595;0.1375770845610199;0.2764859664923123;1.773582679474137;0.19713570250761436;0.2811504065328837;0.0096624746634979;-0.011803751774544624
847575;677;336;341;2.4709716361187866;2.9979296016043464;0.5768641059583963;11.230911704368458;-0.004188426049960725;1.6625762982848944;0.5587106938745815;11.469296517248685;0.38436707187850283;0.5883861834930783;-0.018153412083814824;0.23838481288022706
847678;475;171;304;16.160449903330004;4.210562572487034;0.7658822400711959;10.91623114766224;10.911075788447405;2.494380882308949;0.7576390374538484;11.106746954420448;0.5124467053887461;0.7864853520696966;-0.008243202617347456;0.19051580675820823
848310;471;166;305;9.198295133974051;3.1068270806239777;0.5077786756892344;14.453919330057488;6.330163192583363;1.7277965835163849;0.4347259099727204;15.489412797928585;0.22588198872109566;0.5082327825675685;-0.07305276571651398;1.0354934678710972
848510;643;312;331;8.445203259493251;1.1327435591146378;0.7856320837888513;2.6242021863438616;7.414025561389497;0.6445839206829613;0.7950735218631013;2.565762408893967;0.5857661067811584;0.8163210856690117;0.00944143807425002;-0.05843977744989459
848667;382;170;212;15.2411466904755;1.3335221663895416;0.4767598161821851;5.943329236742228;14.036571665269072;0.7309713626466912;0.45923434026760857;6.042042791120057;0.31304202332268183;0.48595824459894943;-0.017525475914576538;0.09871355437782903
848810;864;342;522;9.640306262426092;3.212950947663626;0.7210143110253322;9.078282621756458;6.004107020025554;1.873798253973564;0.7318417864300693;8.900374643518767;0.5328619028079473;0.7497990598730834;0.010827475404737053;-0.1779079782376911
850210;498;182;316;24.631715058322012;2.569251147539275;0.7839234469304418;6.255899065579102;20.93569282185105;1.5675108062793732;0.8305657706720572;5.539703073293793;0.6164156007521566;0.8392188339824581;0.046642323741615366;-0.716195992285309
851017;640;309;331;38.454194145415094;3.865117326159079;0.32838057744401705;24.5399373368694;36.43223707714071;1.9971070212505735;0.27356113114820924;25.521803622246768;0.15182220710956962;0.32993082703262044;-0.05481944629580782;0.9818662853773681
851058;472;171;301;12.295496422163353;8.63931754038262;0.6445763550055539;30.173107369841787;1.8000225213429673;5.097612810454329;0.6319540622926216;30.704207634291002;0.4220872283298348;0.6592224107909974;-0.012622292712932248;0.5311002644492149
851086;344;167;177;8.207586851283065;2.8916938857020527;0.6618930117172719;8.851386719318135;5.419934685330665;1.6459312874550824;0.6920055629907815;8.448034488326266;0.5317803775482983;0.702519707273603;0.030112551273509647;-0.4033522309918691
851171;508;187;321;29.794030400751907;7.566907580604214;0.8760420433376204;13.22398132997245;21.06354925499631;4.3771381783227845;0.8312498673697467;15.429330594767704;0.5208227686634664;0.8870338192740463;-0.04479217596787366;2.205349264795254
851218;526;194;332;11.04910303836461;4.461463446966771;0.8471170956391901;8.734844732789005;5.301310053061236;2.6249075721247483;0.8319321769248001;9.15836640566643;0.5408095549341205;0.8700916866397852;-0.015184918714389983;0.42352167287742404
851227;373;163;210;0.9210285451193903;1.9659182467479515;0.7401787043203368;5.432556340514177;-0.7339269336243497;1.1002540568650665;0.6837693692768612;5.993338872702389;0.4328661559839784;0.7432268484237383;-0.05640933504347567;0.5607825321882123
856765;493;178;315;14.886297571262507;2.5119600749669555;0.8245659215801703;5.377951808451958;11.719961783786095;1.48374938311279;0.8163078751875585;5.503072002801855;0.5498641769480352;0.8478702578488119;-0.00825804639261174;0.12512019434989696
856810;1186;472;714;5.028293090902197;0.7317004519957818;0.5617709805021515;3.008415639426235;4.443318784151039;0.4019122920940398;0.49340982635382635;3.234563279566458;0.2848658282071248;0.5617831033384626;-0.06836115414832511;0.22614764014022315
857712;1456;621;835;36.264630722124465;5.521081810872788;0.6903363706426355;16.947300303746957;31.359616802286624;3.112904156388916;0.660614964435269;17.741967115689782;0.450326025880464;0.6987211537082999;-0.02972140620736652;0.7946668119428253
858577;1127;472;655;14.153540858857955;3.0953792325638516;0.8591935583853453;5.61683255093874;11.050835510038587;1.7582061052748958;0.8428197247951372;5.9344330903369675;0.5856610691465917;0.8796186094189031;-0.016373833590208053;0.31760053939822797
859770;726;324;402;18.911441683965162;5.194890159086205;0.8103442166180391;10.93487699887231;14.135761607066215;2.8658769528407677;0.76895622933458;12.069186234297261;0.5029705710889949;0.8222115865334818;-0.04138798728345916;1.1343092354249507
859910;679;336;343;31.599956369476573;2.1400031067679515;0.21795812511453017;17.70526702016701;29.71833011195441;1.2020449244970666;0.21699384747813188;17.716179181028572;0.15507149929018393;0.22495075163638412;-0.0009642776363982808;0.01091216086156166
861048;395;166;229;11.54313484219728;2.4391544166127104;0.492356999519898;10.996147469203493;8.504004645696678;1.442869468999681;0.524059723811217;10.64725323495902;0.39768267156962256;0.5296181625487151;0.03170272429131904;-0.3488942342444723
861061;449;137;312;8.297515832443354;0.06835203840481939;0.03902923035141359;1.9219397246851553;8.114398613529834;0.05134847486466544;0.05148730353571218;1.9094410226671232;0.05279246986948727;0.05534028213996156;0.01245807318429859;-0.012498702018032048
861116;1365;619;746;7.942793330601832;2.8716374676403893;0.7570281939043702;7.383288148138765;5.291552452431249;1.6439539976402242;0.7621191821814817;7.305527644186896;0.5656068849885834;0.782366086613302;0.005090988277111519;-0.07776050395186829
861151;361;174;187;9.135316689953523;0.3113484752552772;0.1397759356566859;3.2283332454460285;8.835502921136092;0.17513306926538644;0.14572779987276296;3.217145490005467;0.1113139735686236;0.1482780508975935;0.005951864216077074;-0.01118775544056172
865116;726;325;401;12.79769061585603;3.0559267356328403;0.7913095367557516;6.843151139856515;9.429789361562804;1.7613253870690493;0.8193415209241054;6.366987619028242;0.6031560727795264;0.8361148624548655;0.02803198416835384;-0.4761635208282726
867211;718;339;379;9.124316328478779;1.6672409643647808;0.7172411396803944;4.502102842887657;7.112430827459378;0.9889408830511439;0.7988295477872354;3.7974266710405478;0.6406648876402687;0.8009767215534199;0.08158840810684098;-0.7046761718471095
867612;930;388;542;7.50955154767932;0.19332841916819649;0.07646760424899868;3.029597361396153;7.2529350611825345;0.11749948758439252;0.08547498813893195;3.01478704660788;0.07036124603074434;0.08552706136303578;0.009007383889933274;-0.014810314788272994
868010;448;171;277;13.9498648255432;2.8640083449641973;0.6948410040542052;9.03347981278501;9.742784099633337;1.78045679372718;0.7549185398975465;8.095566027540762;0.5825286880412407;0.7578566547929553;0.0600775358433413;-0.9379137852442483
868122;1537;608;929;10.530975261532577;3.495662994920401;0.940860610886745;3.995205513983779;7.431030892149412;1.9453243178944257;0.8669134829758566;5.993323733357626;0.5493939126897673;0.9443700256625396;-0.07394712791088842;1.9981182193738474
868410;463;166;297;24.799082946206013;3.9882390300956487;0.1884549747759401;39.40701692838056;16.406808050866914;2.722433634161814;0.2427474166706638;38.06603409991778;0.2283745790492543;0.2489003065055464;0.05429244189472371;-1.3409828284627778
869799;773;319;454;6.717691723059842;2.2461874536043585;0.45515754054985336;11.657743296814985;3.9150565579967864;1.3513228966120159;0.4698779453786033;11.499182109832493;0.3384651803386298;0.4785974571378053;0.014720404828749922;-0.15856118698249233
869910;1515;630;885;20.030556858931117;3.5989020820870303;0.76453111004326;9.157062469453702;16.588186043469847;2.047052624489449;0.7392646099083217;9.635836006952246;0.5064905654317647;0.7769755121538104;-0.025266500134938363;0.4787735374985438
871038;637;325;312;10.322348881029425;0.945281999983173;0.2766320891247306;6.465447457020367;9.834384028592519;0.48219806976869356;0.2357365927799724;6.645696444419282;0.13913870670259132;0.27689482519115494;-0.0408954963447582;0.18024898739891526
871061;456;166;290;8.098459773764953;2.330900811617784;0.8584427571242998;4.330962454337131;5.770001296990335;1.3189933921667156;0.8006018907692007;5.1401866470001565;0.5095117180208599;0.8636445059365299;-0.05784086635509911;0.8092241926630255
871212;526;194;332;7.481384321689741;1.8082036287401122;0.8699252012681331;3.2223526914182363;5.249118010109864;1.0532118178179222;0.8373168078118679;3.6036934001171423;0.5279890885659639;0.8863845415884049;-0.032608393456265206;0.381340708698906
872117;591;260;331;39.127175099597565;4.466727200496893;0.5464327425628184;18.354073813219667;34.52898155203695;2.563285645248943;0.5447446733850903;18.38819683634178;0.38306885857458084;0.5640601060543036;-0.0016880691777281243;0.03412302312211324
874821;1510;638;872;22.721612131344514;1.5770516684261617;0.577246567263239;6.071252245523374;20.708210811081337;0.9516452101794202;0.6399500721660585;5.6029412652144215;0.5243143729197464;0.6407000065407487;0.0627035049028195;-0.4683109803089529
875110;1120;453;667;14.080673414028144;2.6238285378303328;0.6515533783573235;8.655036200043991;10.727012686462889;1.566060318842674;0.694661153364011;8.101991625998554;0.5316418019070406;0.7008446707883909;0.0431077750066875;-0.5530445740454368
876107;624;293;331;9.229328436303593;0.22898789192502791;0.15970062862661683;2.3444194174247133;8.993845994210572;0.13300080744541318;0.1666080137848146;2.3347637965823465;0.12651158414133024;0.16909355008259774;0.006907385158197776;-0.009655620842366819
876122;449;171;278;20.88364415338138;1.771492681310511;0.7133187722398863;5.349452177259352;18.489635903468773;1.078876008270564;0.7431782268163778;5.063206049983162;0.5417117342699898;0.753970796227656;0.02985945457649153;-0.2862461272761907
876511;412;199;213;27.745067484315694;5.5810084503079755;0.9185609903362391;8.025560746591491;23.537534724895036;3.180561823097537;0.8711653211225804;10.094284342924691;0.5913817369428904;0.9251505988299948;-0.047395669213658675;2.0687235963332
876701;370;170;200;11.034691325073949;0.6469799796094535;0.12355000925483628;7.296394110547546;10.03905321523071;0.4100524990290094;0.16041331175250884;7.1413034204637;0.15322359991673506;0.16375258290899208;0.036863302497672557;-0.15509069008384557
876790;902;359;543;27.39532979989384;2.8570236053957636;0.7573198088358098;7.32425833365557;24.62808966359409;1.6059427579625007;0.7131598684906303;7.962811704918213;0.4619022925202426;0.7644717223581817;-0.04415994034517956;0.6385533712626428
877099;1036;473;563;22.8748517562853;2.0903676525493244;0.5131632147829248;8.948902520901978;20.849177713623867;1.1885047970381335;0.5207382840440604;8.87900812942772;0.3844965279490583;0.5342184267051693;0.007575069261135603;-0.06989439147425713
877172;711;339;372;9.605390001693234;1.0781342372221483;0.10964416925121889;13.273110208310115;8.204085763522507;0.6559486018085249;0.12812230863426644;13.134655293241643;0.10863953935520909;0.128137153951138;0.018478139383047543;-0.13845491506847196
877510;1117;478;639;11.428896795717659;1.4634501118154493;0.6095083196273747;5.258695403436235;9.754747367681542;0.8592362278072087;0.6402219657010002;5.0476524649541386;0.4881195624092507;0.6482132361808237;0.030713646073625478;-0.21104293848209643
877669;1002;466;536;9.390447135808394;3.1162849695986;0.922775015366037;4.007092926144435;7.200339916063802;1.691784328064403;0.8542449006947412;5.505064066938702;0.5694612655464416;0.9264051216541946;-0.06853011467129577;1.4979711407942666
878482;380;170;210;12.593436340840832;2.7368530737810897;0.744712892966076;6.792723697566867;9.573916794095185;1.5688033937053736;0.7869421606683447;6.205521259139238;0.6017217436256774;0.7976193693402228;0.04222926770226865;-0.5872024384276289
878751;340;164;176;9.810325872164654;4.148349207547234;0.800315535604264;8.755008435378633;5.660827477179485;2.349125493431199;0.8303824012420817;8.069003156113018;0.6192630801824093;0.8474319791189182;0.030066865637817686;-0.6860052792656148
879894;412;174;238;11.482507359035159;2.178209554343325;0.4204144451431516;11.742745361983104;8.831745587426111;1.3064834899273838;0.45162759056151647;11.422171189705976;0.3551668339224937;0.45416628684830085;0.03121314541836484;-0.32057417227712826
881001;620;289;331;10.028638595023404;2.4347644287216834;0.8961245290001829;3.704737712011329;7.71082860723469;1.3879728356164613;0.8984476039202952;3.663077023249084;0.6469674077332216;0.927003817249449;0.0023230749201123;-0.04166068876224527
881020;583;252;331;13.883521080076187;2.8825398633509742;0.7463315555578756;7.597428549218201;10.811085028929092;1.6620172618588085;0.7467085152714024;7.591781435209382;0.5250062285784589;0.7719432175968197;0.00037695971352680324;-0.00564711400881901
881022;376;166;210;2.113682597448012;3.1991077007739728;0.6765429335136613;9.389829589711796;-0.5790137012944978;1.71292562997638;0.6176323414307434;10.2091589291549;0.3839559736377669;0.6804329448368471;-0.058910592082917934;0.8193293394431027
881037;871;340;531;8.611450887974742;2.28683296255225;0.816960241264768;4.911323194637046;6.052568139367061;1.3273839951423667;0.8196312218221778;4.8753576289250935;0.5859497634833006;0.8444059218803582;0.0026709805574098855;-0.03596556571195286
881048;455;171;284;24.060245737603182;2.247765048581947;0.6407706106417488;8.03184155111596;20.421912134246774;1.4341306902463593;0.7309759982646692;6.950638739037558;0.603560455036894;0.7310157182109831;0.09020538762292041;-1.081202812078402
881108;442;166;276;19.992304342858635;3.0857310009817387;0.8787944934924428;5.3174662019230485;16.44195983946411;1.7866914665942015;0.8402413534763744;6.104860564319455;0.5347507139475506;0.891989277565951;-0.038553140016068355;0.7873943623964061
881126;1240;488;752;1.3322079102080462;3.8422351558651875;0.7133255943839574;11.156926034573038;-1.8820659742259203;2.112609462265313;0.6359198839795613;12.573279618863047;0.3782853537794646;0.7135676472254693;-0.07740571040439603;1.4163535842900092
881211;672;336;336;15.207720126926638;2.082181051139274;0.7944901195285566;4.6421648395664;13.44571389353054;1.1631586648206287;0.7790258126124341;4.813655183743743;0.5442870753326644;0.8143662808407346;-0.01546430691612255;0.171490344177343
881223;1206;480;726;15.102782491769045;7.001807185134276;0.9243988832227716;9.372402162807814;8.018799481215467;4.03495881840569;0.8932339879548008;11.137900163026393;0.6049337925556184;0.9387034228831892;-0.031164895267970838;1.765498000218578
884673;653;322;331;42.23354795027397;1.9786505483393428;0.3932149208655309;10.863692074683108;40.69910541561858;1.0933083451096972;0.3771376124506679;11.00667274117072;0.25996080918078046;0.398938716381086;-0.01607730841486299;0.14298066648761143
886783;683;336;347;26.19007480182955;1.4037208455841421;0.4715379541654786;6.4740542620467565;24.909098262721738;0.791748477341441;0.4733554073532028;6.462912095307836;0.3402027804834814;0.4889789465846417;0.001817453187724194;-0.011142166738920878
887646;898;361;537;6.585532180493686;3.633564612389354;0.6455726844359673;12.164723265404923;2.5961124480280624;2.102443219564458;0.6489195693336349;12.107150810481402;0.46556995743176244;0.6681715787858461;0.003346884897667657;-0.05757245492352148
887788;858;335;523;1.6978990307148845;1.7688367526726299;0.45010524576438893;8.95443548163591;0.11231773210903206;0.9844988024781364;0.4109083743836053;9.268081576747987;0.2540756929018425;0.45123634554783265;-0.03919687138078365;0.31364609511207675
887911;619;288;331;29.569154032515904;3.534255339597665;0.7748329252895939;8.517576576947915;26.069090343605218;2.0315846501550605;0.7894004414624591;8.237441287519411;0.5801890514343293;0.8085401467136826;0.014567516172865225;-0.28013528942850385
888887;483;166;317;14.293969466677076;4.842893809838826;0.886486304112018;8.09339036853629;8.676985340327377;2.7917826502128924;0.816977567788425;10.276814499456947;0.4800459341791261;0.8911298711343263;-0.069508736323593;2.183424130920656
888888;625;294;331;15.319415958872554;0.4340604752207852;0.03519582312536351;10.140055424811688;13.671549286511729;0.40909828492687944;0.09673984979466466;9.8113138099117;0.16138723964379176;0.1834633427515513;0.061544026669301144;-0.32874161489998777
891001;415;166;249;0.24810806433488963;5.203484294213874;0.7077080445595552;14.972303791758335;-3.2673009893392226;2.7565900173836435;0.6025947075931712;17.458101831272245;0.34062455701673355;0.7090812862168218;-0.10511333696638392;2.4857980395139094
891031;365;163;202;8.335545085930686;1.2795922333100447;0.39811785992806914;7.270749511557473;6.693745048916245;0.7844994995838966;0.4456887180247342;6.977507524714332;0.3667293365875792;0.4458754197793453;0.04757085809666506;-0.2932419868431415
891046;679;336;343;1.7733668635438882;1.5989053914412423;0.5724121149152814;6.035880863393589;0.5141545328828734;0.8777815898750556;0.5443747656180874;6.230628362262112;0.3660525587348795;0.5801257333007319;-0.028037349297194036;0.19474749886852294
896771;885;353;532;15.360878563133056;1.5378719519232003;0.512876442039558;6.791073430657214;14.04749328841554;0.8468886104695458;0.4648491733557204;7.117983225111432;0.2862341400405979;0.5137762577940583;-0.048027268683837554;0.3269097944542185
896968;344;165;179;1.8799094991249117;2.7540049375288493;0.8337654641067447;5.169333866065734;-0.24457295259397682;1.4640164126178128;0.7635079614834929;6.165697549786356;0.48163848122013164;0.8391508236866144;-0.07025750262325181;0.996363683720622
897166;383;166;217;11.558094752103894;1.2533630528427484;0.6632094821064306;3.845836098861868;10.136548676605605;0.7198253830642887;0.6865333902282331;3.7102783074133683;0.5037830955365474;0.7011573244786217;0.023323908121802517;-0.13555779144849955
897237;645;171;474;26.613582522704885;4.515759577931315;0.38973925557289524;27.546966243976183;18.071767863568326;2.958639519918661;0.42484000199201;26.743016751411666;0.3272672867848426;0.4254102421574193;0.03510074641911476;-0.8039494925645165
897276;445;166;279;34.20425001710996;0.5203048234337383;0.07221751962482093;8.861059844470281;33.335735095127674;0.33193162685702354;0.08172845276225293;8.815524360784215;0.06524414303162485;0.08174599809621397;0.00951093313743201;-0.045535483686066414
897410;652;322;330;12.87641141154619;3.182825464604046;0.865164809439722;5.556329881720132;10.343467989311003;1.7681890345109743;0.8383374060003671;6.084027480285913;0.585741986162203;0.8809532563443847;-0.026827403439354858;0.5276975985657808
897731;212;68;144;36.62661174408672;9.559822349593547;0.5925373537348252;36.87141863156372;24.09718295842451;5.530377811567676;0.53069945426471;39.57049439419712;0.27626572454107023;0.594178306272005;-0.0618378994701152;2.6990757626333988
898181;403;166;237;27.647752817892773;4.153017293626044;0.4757476412750078;19.82558919877124;23.558140920020005;2.343159087586481;0.4498910059526269;20.308613722564818;0.2900661208214518;0.48117351353172877;-0.025856635322380916;0.48302452379357774
898879;401;166;235;30.478391871462335;2.5734793064698245;0.6950212443071364;7.693319994880512;27.652460672418563;1.4832031797568108;0.6911155711067698;7.74242506213216;0.4796440700716026;0.7168425526293232;-0.0039056732003666106;0.04910506725164776
899787;353;154;199;20.521280817905833;3.212850624442926;0.7679934673186919;7.7035085757130055;18.64388856277518;1.6540941516518948;0.6393214306891695;9.605027944269844;0.35341311279897825;0.7710768532374355;-0.12867203662952242;1.9015193685568388
901037;552;217;335;23.64362612332482;3.0838008547287648;0.7201318743926269;8.799668052487172;19.400024037682304;1.858454278447795;0.7583945087502046;8.176039303114772;0.5521390786325755;0.7691165565017599;0.03826263435757771;-0.6236287493724006
901166;466;166;300;28.923490709714827;1.1613876125770919;0.04509329506570525;24.246929066944226;27.62545661152176;0.6695190873492141;0.043811589093982084;24.26319610765861;0.02970401393427724;0.04592821160741567;-0.0012817059717231682;0.016267040714385672
901187;1448;649;799;14.876838939096373;4.173819998073769;0.3622408759283898;24.27264703356976;11.249448560927586;2.318108122378979;0.3522947305030276;24.46118630809875;0.24800239966438065;0.3693505196029706;-0.009946145425362207;0.18853927452898844
901207;617;286;331;7.028026589396309;1.951487030059856;0.7426628192324058;5.1389324224614175;5.382494387552493;1.08395235003373;0.7056175498892876;5.49639068714227;0.47148554263915654;0.7517328904186582;-0.03704526934311825;0.3574582646808526
906707;467;174;293;13.37802018493496;2.409233359243135;0.7856683631104514;5.931271054678938;10.049057182079457;1.4727283744296797;0.8330450325861383;5.234850744318918;0.6295106885428159;0.8402590104000613;0.04737666947568686;-0.6964203103600193
907759;1025;472;553;22.854463985760233;2.025386091684482;0.5329521527369288;8.368905481645728;20.895976156752695;1.156762318046617;0.5453703348187711;8.256896883696136;0.40932314142906157;0.5571055801350169;0.01241818208184231;-0.1120085979495915
908310;657;326;331;10.98761685206242;0.05042644908076251;0.0013736035700009364;6.001135738466155;11.371729353437651;-0.0301983727480835;0.0015505800572903627;6.0006039545150935;0.01392072466871308;0.0467059358102051;0.0001769764872894264;-0.0005317839510610156
908510;401;170;231;21.871911421470067;4.102947154491402;0.6871809190017041;12.41393161876957;17.501035821313756;2.3628808744311356;0.6930247391633664;12.29743170655814;0.4989030386359923;0.7130943359339047;0.005843820161662294;-0.11649991221143097
908741;757;339;418;13.722498058694082;2.248725744750653;0.24085720549866518;17.424469091572984;10.34896204721859;1.4144381617827901;0.29795696677230965;16.75636007425033;0.2709536417902626;0.30041116013523916;0.05709976127364447;-0.6681090173226529
911510;447;166;281;13.393262102107196;2.7345695766121714;0.8146124433143902;6.221989751016022;9.352548799128002;1.6893729451612238;0.8612561339369027;5.382646971869473;0.627650402676418;0.8707985571763697;0.0466436906225125;-0.8393427791465484
912170;385;170;215;16.21493284556501;2.2790014259409386;0.6996678077599956;6.522621509482678;13.425444542796162;1.3504243314878355;0.7665240819284711;5.750985612428292;0.6096516005343153;0.7696774339705612;0.0668562741684755;-0.7716358970543862
966771;679;336;343;20.810853933873087;5.098033681776845;0.9150408065535455;6.784959575880183;17.334792520352543;2.724068236905204;0.824390146371792;9.754758333711074;0.5136056825299596;0.9167676620203958;-0.0906506601817535;2.9697987578308904
966791;373;166;207;10.604531579296303;4.228509707151279;0.8075750475327338;8.793144027998634;5.881507090562259;2.4227453275076387;0.8435422644228964;7.928883066095928;0.6281331234963065;0.8589847652601025;0.03596721689016258;-0.8642609619027066
968749;664;333;331;28.511652425938095;3.019576488626821;0.3000465226055147;20.306279697355897;25.80866254679929;1.7239810501899;0.3088917825278722;20.17756730079145;0.23450466397313674;0.31475503872056165;0.008845259922357518;-0.128712396564449
970807;847;340;507;16.770887228005087;2.785076347354591;0.8372199751287012;5.638700117116752;13.723731215285387;1.6228201906634465;0.8435646753781031;5.52771771507141;0.6103183867169032;0.866535166414589;0.0063447002494019245;-0.11098240204534182
970979;340;173;167;10.028716480330267;3.608586219941037;0.7531475355418367;8.656033600980921;7.570433092184864;1.913331815505794;0.6977234858330863;9.578608049813639;0.46154092997722107;0.7584457603565586;-0.05542404970875037;0.9225744488327177
971044;641;317;324;22.644734469839634;4.3458891273253615;0.8096911071953834;9.304263637593339;18.83001398084064;2.459829197690755;0.8143988789177392;9.188460738507088;0.5959074401714075;0.8386684692218613;0.0047077717223558135;-0.11580289908625119
971071;1566;640;926;20.755425328165302;3.3051012952053225;0.7059234119215281;9.699408929769946;17.62770770867836;1.8683974205515812;0.6779889315317663;10.14963546004033;0.4609779988442658;0.7158161569556116;-0.027934480389761762;0.45022653027038295
971151;372;170;202;26.134507590822423;3.949882099781593;0.7862521904427647;8.701288354206579;23.257472235252173;2.078543475939843;0.7046362541906994;10.228485131956678;0.4368200169017613;0.7878447450735625;-0.08161593625206531;1.527196777750099
971201;668;335;333;20.452684864114925;1.2229698224491146;0.3865073602731207;6.7739022531890125;19.06196765333293;0.738027316800358;0.44435248825162577;6.446647652567899;0.38248122283308705;0.4444165003481183;0.05784512797850505;-0.32725460062111367
971206;448;166;282;27.250029147518045;2.0733812853799773;0.6003623204388591;8.081263611494908;23.32363119579476;1.3740190574741364;0.7292114191763865;6.6521377290694605;0.6366650108977262;0.7338473989123561;0.12884909873752748;-1.4291258824254474
971217;679;331;348;19.943402258084568;1.082976059051924;0.10178813461497627;14.110252889550445;19.012530058877275;0.6018971691647977;0.09830282366567888;14.137602230197666;0.06663693047976649;0.1037903718917994;-0.003485310949297382;0.02734934064722161
976510;665;333;332;10.701105827189071;3.899594067074518;0.8514374138701029;7.169430997776327;6.917437115216099;2.2640733756236187;0.9057491119780375;5.710480977795396;0.7140232838340705;0.9135341221313408;0.05431169810793468;-1.4589500199809304
976612;748;308;440;14.416088116590078;1.9810028731586113;0.7246560872681438;5.395780690221799;12.024659506587833;1.1629790308324008;0.7654770530661766;4.979769273621907;0.5831908229696823;0.7745164273549722;0.04082096579803285;-0.4160114165998925
977777;555;224;331;26.751622832141006;1.6161577735181512;0.6100623151058806;5.886718748226801;24.34510063187789;1.0010705114824086;0.6883403025905122;5.262789563234696;0.554831650604299;0.6887509570205697;0.07827798748463155;-0.6239291849921047
978182;648;336;312;15.284076245183146;5.098113959331437;0.8708587064424661;8.268956551202967;11.596668683448222;2.7450090333218666;0.8253741960610437;9.615510647196217;0.558826009395469;0.8824843199543836;-0.04548451038142243;1.34655409599325
978246;913;377;536;3.615680425170045;1.7250387419646571;0.7816299830456358;4.026667450762375;2.002778901945266;0.9648039158298077;0.7569598280008328;4.24803701374294;0.5258108839396742;0.7954985277826623;-0.024670155044802966;0.22136956298056543
978482;505;189;316;12.804766687266854;1.4697508977700684;0.6773445764353629;4.699059461972138;11.078835792369699;0.8576730120338423;0.6617580947470421;4.811219398222826;0.4408260909587507;0.692397787601329;-0.015586481688320886;0.11215993625068776
978870;689;339;350;82.12002589479694;9.447876833028504;0.6731639351256005;28.604059413452845;72.1523058345463;5.505077416194679;0.7220184375593164;26.379750325050285;0.5616142333642493;0.7283103583092507;0.04885450243371592;-2.22430908840256
981068;431;166;265;10.95786677663543;2.5822723291942795;0.7943475766945317;5.998521890865141;8.308123905817432;1.4570969239780471;0.7370507871576113;6.782866508498146;0.4535942363610844;0.7998289609157629;-0.05729678953692041;0.7843446176330051
981227;417;166;251;18.105954380617234;3.3883853689583106;0.7096830838140187;10.023807160097075;15.634541948001054;1.819109238510021;0.5952069868691883;11.83622019394117;0.3129202546202654;0.7119970487112997;-0.11447609694483041;1.812413033844095
984977;485;171;314;4.564752233432639;2.25202013811398;0.5741875028025909;9.190218200635536;1.6378034899630993;1.3432853623559464;0.5648003309238055;9.290966610919932;0.371867311179218;0.5884768046963758;-0.00938717187878535;0.10074841028439607
986988;498;182;316;12.46058855208959;1.3738348254092312;0.21720503103409528;12.095944159097309;10.782748810017;0.8061884625619596;0.21289546062655984;12.129194739100114;0.14143628205380476;0.22238596879191797;-0.004309570407535435;0.03325058000280556
987461;623;292;331;19.425384110680387;5.642555319268697;0.7337950802026711;15.173937063870918;13.407296634244688;3.304148284568038;0.7776654397628242;13.86735800327249;0.6019159413833595;0.7855103035743123;0.04387035956015306;-1.3065790605984287
987611;583;252;331;15.383752871567612;3.2269132131469944;0.6713929581994871;10.20613501065373;12.310370730831263;1.8159810739384696;0.6399171220318195;10.683759709836382;0.4203687883481432;0.6807538087080023;-0.03147583616766758;0.4776246991826518
987810;1240;459;781;6.99505722989899;2.222261261457164;0.7380249003775032;6.399280547233964;4.295180110216805;1.3240921887134063;0.7231135409610123;6.578880560167063;0.4798327098255789;0.7540146268705918;-0.01491135941649091;0.1796000129330988
988456;343;153;190;11.359645426329328;2.8051004008294202;0.46926488476205985;13.058374204209924;8.582043602502516;1.5851011675856534;0.4677886831896272;13.076522058324477;0.3319729994922881;0.4848059112915001;-0.0014762015724326671;0.01814785411455233
989768;488;169;319;12.648885465835631;2.320737434443875;0.6446096359823995;8.033213090939123;8.620148349318304;1.4762044806595758;0.7253261965455802;7.062282466647276;0.5717356673499727;0.7257807620179249;0.08071656056318066;-0.9709306242918467
991051;574;239;335;15.238345765805864;5.802510262485966;0.725219575660355;16.25389626149709;8.917400401936195;3.3356224588269403;0.7088157193772909;16.732026808800274;0.4734732828738649;0.7428139224820738;-0.016403856283064067;0.4781305473031843
991071;237;71;166;3.138385921399818;1.7157206089699313;0.6532528198782792;5.817252236175025;0.0240634590434059;1.0818787474577598;0.6881578591090751;5.516693145907783;0.47378472391598103;0.6979846960731995;0.03490503923079591;-0.30055909026724237
991118;1569;640;929;26.63952752653838;6.15761941608729;0.9344908205288404;7.415385589957092;20.65405347627686;3.4996485894718687;0.9068538273206246;8.842298384612779;0.6259855129619523;0.9510163434973312;-0.027636993208215777;1.4269127946556868
991119;616;285;331;8.658494980147456;4.831708317351907;0.7025265886108095;14.069730587377041;4.088710352083581;2.7467021324832226;0.6987269660081978;14.159301681935993;0.496812438458343;0.7239283880675651;-0.0037996226026116853;0.08957109455895207
991158;486;172;314;16.7585657012763;3.604785555209005;0.7463411026070201;9.766092480998621;11.65347850291581;2.1847549512871494;0.7731249875055752;9.23611040243861;0.5539376296117191;0.7867672434145473;0.0267838848985551;-0.5299820785600105
991816;1551;631;920;10.935567910184474;3.3610311918257554;0.7409735483362054;9.03723490538805;7.342058240457966;1.9451157581608904;0.7444448209331531;8.976475632785858;0.5375307017811272;0.7660705297144668;0.003471272596947683;-0.06075927260219238
993650;513;191;322;33.316142216830045;3.5661685421788767;0.7847917295679876;8.663345233608169;30.089934126545355;1.967598709916992;0.680199559302433;10.56077212369193;0.368040807558219;0.784850120388843;-0.10459217026555456;1.8974268900837608
995696;383;166;217;24.256353872122464;1.7809605736642586;0.5308488376785376;7.209158718214089;22.721359775170217;0.9620891130593233;0.4861869087187044;7.544505361177739;0.30283412425172074;0.5339302979907399;-0.04466192895983323;0.3353466429636507
996711;448;171;277;7.375572733229623;2.219089217018205;0.9145926409782882;3.227520344038353;4.841021857523609;1.300636529421004;0.8832637420911674;3.773325111166156;0.5754580908082729;0.9299458406679001;-0.03132889888712076;0.545804767127803
997102;550;235;315;16.41848356540906;4.628667542794348;0.7717082056574784;11.252700676540295;11.67563709641049;2.626335863778512;0.7527632149268844;11.71030373629174;0.5091082937323974;0.7897449156032192;-0.01894499073059408;0.45760305975144533
997610;387;166;221;15.978335081147481;1.7872636368390598;0.785654762823544;4.076765688169539;14.310218507163665;0.9856592451451702;0.7394784307883049;4.494492654061828;0.47731814365436465;0.7949798322128605;-0.046176332035239076;0.41772696589228886
998181;377;170;207;6.353547815620507;1.7462265201023628;0.8338463094959887;3.316362804018116;4.740436283962157;0.9631989120594591;0.8138605234265103;3.5101549141296173;0.563996565327079;0.854430785419445;-0.01998578606947843;0.19379211011150144
998988;807;312;495;25.54212362262411;2.63605394627437;0.2807105294677811;19.25917266181852;22.196786920509965;1.573161881559877;0.2949938150180753;19.06699439116251;0.22307179297929114;0.29846023714377623;0.014283285550294234;-0.19217827065601156
1001109;437;233;204;13.716706385146892;0.24580537830057228;0.05572370119889836;4.18363466766568;13.32719871107298;0.1649811030440367;0.08361981635418614;4.121374248352923;0.09132194853676645;0.0919336270982185;0.027896115155287782;-0.06226041931275628
1001118;917;374;543;16.089282127532165;3.798200790536728;0.8878770086151307;6.10031958548017;13.044761675256133;2.068548066260294;0.7911484820452068;8.3257634497085;0.47482948015094306;0.8882459844039801;-0.09672852656992392;2.22544386422833
1001121;369;166;203;22.134002338519835;2.967565623128238;0.7156009470868974;8.002893702261234;19.12382495633169;1.6665762076000963;0.71613552224852;7.995368781882112;0.5055355532336063;0.7424531286709208;0.0005345751616225858;-0.007524920379122335
1001167;505;189;316;23.55874215155362;1.140996062657174;0.4704614716015093;5.607553774698118;22.248071362580223;0.662654189493987;0.4552639384402227;5.687451787979333;0.2989775746416481;0.4791246404110433;-0.01519753316128658;0.07989801328121438
1001188;1444;644;800;3.6303022960164997;1.1182022052437803;0.6360164514270377;3.8034597300201862;2.7247728606791766;0.6176536656542614;0.5965254699979017;4.004478877662688;0.3961438542909883;0.640740628747084;-0.039490981429135985;0.20101914764250184
1001228;295;170;125;17.310061572191756;2.7317087963230007;0.73165028262372;6.376190365193027;15.6554372083179;1.426126134205665;0.7106594840856788;6.620874096548925;0.5149763948900563;0.7483208672584483;-0.0209907985380412;0.24468373135589783
1006811;399;159;240;11.165230151792604;3.033374477739023;0.7317218084114427;8.940763782093981;7.261842388554854;1.831572789326911;0.7327753341125955;8.923191369711136;0.49015033392972673;0.7568315696480268;0.001053525701152802;-0.01757241238284557
1007079;451;171;280;15.28700191514669;1.1102326506783413;0.6813166537304876;3.6181145287428365;13.642525256381386;0.6917972957412329;0.7426633147752614;3.2512732949687653;0.5765940610269507;0.7450508254250263;0.06134666104477382;-0.3668412337740712
1008075;1546;648;898;6.6490862951169305;1.013284065018364;0.34414969198772805;6.377897043449772;5.258672741114571;0.6262944716021026;0.39658731878695075;6.117618032832703;0.34310044488433644;0.39686336886886664;0.0524376267992227;-0.2602790106170687
1008890;540;209;331;45.017236972652846;2.7847278903952883;0.24751590314989036;22.20248643714413;42.23886586024054;1.5575395979415763;0.22446266346535437;22.54002045799413;0.13161144734751062;0.24830978977245788;-0.023053239684535987;0.3375340208500006
1009851;1113;456;657;18.254597379981217;2.064548023600928;0.6893168061426849;6.233742344019137;15.990713307351855;1.1912592306389505;0.6914107056113482;6.212700174086689;0.4910959696412688;0.7133835590705708;0.0020938994686633405;-0.021042169932448118
1011001;636;305;331;21.34437116745339;3.1486713990778075;0.6111347052751028;11.165621857723018;19.56011379742048;1.6437598227190058;0.5185817306733074;12.423518376589199;0.2957704349745044;0.6123196948405975;-0.09255297460179546;1.2578965188661808
1011048;419;166;253;22.319294457738728;3.0092516867411585;0.8438651911620862;5.974358380335269;19.169145948833446;1.721981778212143;0.8050041063967773;6.6765812078693;0.5224923609864802;0.8552154243224873;-0.03886108476530892;0.7022228275340314
1011058;429;171;258;9.233294808291541;0.694168394273901;0.39070377353303387;3.9398657691184598;8.392465464590803;0.40967472951301537;0.4040614937628739;3.896439214356875;0.2977695513902765;0.4113213688045736;0.013357720229840053;-0.04342655476158486
1011091;632;301;331;21.000849636875138;2.4589242694730182;0.7711742887800896;5.962498544135463;18.605517410777267;1.4148137933799687;0.7931525549942877;5.668928193817082;0.5936705712453969;0.8090147288365778;0.021978266214198072;-0.2935703503183813
1011106;668;335;333;16.286594539686362;2.9738025074459746;0.7795430581566203;6.952665718357559;13.81363812882893;1.6682066950858936;0.7744119343098399;7.033111782699463;0.5596488302543607;0.8023794038802881;-0.005131123846780383;0.08044606434190449
1011196;474;166;308;15.256736971651867;3.350318323626733;0.7875759733821657;7.832818983685;10.675407085789296;2.0084778227212468;0.8282036133461804;7.044063855826922;0.6232532887220992;0.8378988939124998;0.04062763996401475;-0.788755127858078
1011223;677;336;341;39.473530822977835;4.36581462009818;0.7018542505400032;12.443917038320802;36.34205882051209;2.3594880043905686;0.646999801451476;13.54036185972367;0.4178331364912392;0.7055442759072359;-0.05485444908852721;1.0964448214028693
1015877;864;342;522;9.924979069221408;3.4742558047368512;0.871516066246465;6.033622927698188;6.546004321518037;1.9601393392502369;0.8306716126048231;6.926576564667224;0.5536179763363039;0.8821551055867342;-0.04084445364164191;0.8929536369690361
1017510;1212;474;738;11.73292030652992;4.28603284771777;0.7734430286873831;10.768888865987314;6.9191048020190316;2.503569914610399;0.7678372461269088;10.901304062764774;0.5352431157448674;0.7950832490150743;-0.005605782560474282;0.13241519677746005
1017710;406;170;236;28.209451569929183;3.09822887747653;0.6335730236286246;10.848982484496531;24.338542685607656;1.8621753209824452;0.6772496186701551;10.181896324485164;0.522570532630716;0.6822691331701942;0.04367659504153054;-0.6670861600113671
1018211;1130;471;659;9.317927984440336;2.273569398378242;0.18958608786785858;21.027599813472815;6.871627888443008;1.3061524815588164;0.18984295142962615;21.024267163233983;0.13462958573917905;0.1961076006568323;0.00025686356176757297;-0.0033326502388320023
1019880;664;333;331;12.909814579019466;1.4280315883637913;0.594924455240232;5.1882268351027365;12.022469348218744;0.7610740593204893;0.5336848617803416;5.566608783127636;0.33645026548630586;0.5953618031487341;-0.061239593459890385;0.37838194802489955
1019970;1361;588;773;15.06008423779798;0.914224303468144;0.33196201730893515;5.895971397303425;14.548716175984618;0.4762687282988706;0.2722559060694587;6.15381073165757;0.14409520471517623;0.3349187828532728;-0.059706111239476445;0.25783933435414497
1020729;775;311;464;18.875775374100435;1.3960333119373254;0.09746900181396978;19.647756037877727;17.191353593882887;0.8298741820236202;0.10102374312666806;19.60902518141141;0.07497199959634848;0.10265026711451064;0.003554741312698284;-0.0387308564663158
1021031;498;182;316;10.970488106831407;2.161060690632528;0.8307566986784953;4.523785052980925;8.302968676658097;1.2711736929875626;0.8181673108322025;4.689021218722462;0.5474168725876315;0.8523259023707419;-0.012589387846292821;0.1652361657415371
1021061;1153;478;675;34.48843772785898;3.617714568215774;0.6458134155264948;12.248233464788981;30.73133431749955;2.08414028247216;0.6399321826241184;12.349505141521478;0.45050537284945236;0.6634535803719566;-0.00588123290237641;0.10127167673249637
1021114;602;272;330;21.195353024325566;1.6508181995421827;0.6693132741338137;5.218338536607514;19.583989701051955;0.9411106919223682;0.6636423938061458;5.2628924573974105;0.4666880180392293;0.6888735737316871;-0.005670880327667938;0.044553920789896395
1021117;304;60;244;9.587748103505248;1.8815755851601224;0.5161249823385945;8.481975409514279;6.64839206876303;1.1398348094647137;0.44092929357976207;9.117248194142634;0.1857098068941615;0.5168452366074814;-0.07519568875883242;0.6352727846283557
1021178;1183;476;707;17.220214414068444;3.9241666122579923;0.558506458129876;16.300758663892722;12.636113113002867;2.3356460203571197;0.5791642664014509;15.914827827803178;0.43644829133189056;0.5874873169338587;0.02065780827157493;-0.38593083608954437
1027273;682;277;405;17.321562877452163;2.296051557238007;0.8171460580225405;5.698663803051515;14.872662636468284;1.3814519829160117;0.7757881339958796;6.31030236004075;0.48673299180835095;0.8236193276419947;-0.04135792402666083;0.6116385569892353
1028118;657;327;330;24.475936368845733;3.4112066681343665;0.7267591476283805;9.234205758126702;20.641432462646417;2.0522415628736135;0.8278980585388921;7.328576344442621;0.7068042401153495;0.827900443347876;0.10113891091051164;-1.905629413684081
1028411;866;337;529;19.33337651688681;3.837887473149953;0.30707684887237785;26.276990119256375;14.734520873674807;2.2591173498673816;0.31442003113073425;26.137385414208765;0.22929019054440225;0.32112835298059605;0.0073431822583563955;-0.1396047050476099
1031001;856;350;506;19.2865412380423;2.865447679505138;0.7971607787728139;6.5685008273217695;16.36006119222894;1.6474962469854437;0.7943232656203435;6.614284569203812;0.5719301314073257;0.8202211513480319;-0.0028375131524703834;0.04578374188204215
1031061;371;170;201;18.60613770463621;3.62296911604667;0.8839452680272929;5.5510931157769505;15.506914365087972;1.967857871847911;0.84330573868643;6.450206693876189;0.5692129813884099;0.8981938098653902;-0.0406395293408629;0.8991135780992385
1031097;492;177;315;35.93191401370726;5.822673601197553;0.8676957122497737;10.554749305223709;28.412936751260624;3.4567566854462646;0.8667027960098003;10.59428087705089;0.5908675058622941;0.8960669105500676;-0.0009929162399734404;0.039531571827181367
1031221;700;339;361;19.71905156383962;2.2937115054760655;0.7630345632828321;5.559628770344182;17.12996890610905;1.3541913151380158;0.8382955018197418;4.5926604886293685;0.6692417177424903;0.841554451553091;0.07526093853690963;-0.9669682817148137
1037173;724;339;385;16.266821223610414;-0.17893542541438456;0.018211369333179794;5.678287375543568;16.75905147806608;-0.1430443102367039;0.036692139762919074;5.624590654213374;0.0493421041919071;0.050242603550449405;0.01848077042973928;-0.05369672133019421
1037311;1163;472;691;7.455015814799717;0.9977912332254102;0.7468068380802118;2.727955933168306;6.416025794734617;0.578290989792417;0.727579192071267;2.8296420627608776;0.49476773131885976;0.7611514422388648;-0.019227646008944776;0.10168612959257173
1037610;1240;488;752;44.814674085688516;1.1502047461833402;0.05943999275545031;20.957481491914635;44.12277019006812;0.6021196796688495;0.04803282393423669;21.084185285280117;0.024131241617794674;0.06018426207939287;-0.01140716882121362;0.12670379336548265
1038167;471;166;305;19.553270308508495;4.764527443404965;0.49658575014738626;22.667886016226188;13.334942868530437;2.839432146897943;0.4882110289473933;22.855658014841257;0.3204116116545487;0.5089926988739011;-0.00837472119999294;0.18777199861506944
1038174;576;241;335;15.66975040068518;2.6577500538353216;0.6709163233732112;8.465895216627787;12.809663682939377;1.5248422094915866;0.6542600851239455;8.67749713303021;0.4362847459747137;0.6865179477681491;-0.016656238249265654;0.21160191640242232
1041121;1507;638;869;18.492598239022648;1.7878669594781724;0.19827485262236955;16.185111954425178;16.42249608204083;1.0548447876090066;0.21021485184947453;16.064138359957926;0.16336833797393513;0.21212094679894256;0.01193999922710498;-0.12097359446725164
1041141;485;172;313;26.506787957202867;3.131217691518284;0.8374217243101765;6.416204740036467;22.28218640269123;1.8775337892743085;0.8495912423927672;6.171397485020656;0.5920446576117762;0.8717379764824413;0.012169518082590702;-0.2448072550158109
1045107;371;166;205;21.59455562151176;2.0689736420849525;0.1906931493815932;18.18717560904279;19.526749432454746;1.1553478706701386;0.18892342979174803;18.2070497919146;0.13150599363073523;0.19692875238559227;-0.0017697195898451756;0.019874182871809865
1046611;1531;647;884;7.211765516053221;3.034496255428518;0.5748618598245384;11.869173330115292;4.755199052164615;1.6757035435211194;0.5304420193227951;12.473836608200122;0.3428157452076631;0.5769201277201226;-0.0444198405017433;0.6046632780848302
1048611;526;194;332;19.827009053769423;2.385172398241401;0.5304895789294533;10.341274728430337;15.926440217942284;1.493910246126339;0.5904150800117869;9.658805862017514;0.4565179686149665;0.5917063037107577;0.05992550108233363;-0.6824688664128225
1051138;1229;478;751;15.761626014745918;1.3945339432960884;0.3916334529749662;8.078138911722904;14.820805159688451;0.7450641929428217;0.32446594205468904;8.512405022005114;0.16866602335676295;0.39429621179166985;-0.06716751092027717;0.4342661102822092
1051178;436;166;270;4.83815061110996;3.5036437146143307;0.5893361410455905;13.311322565240012;0.8011313967093905;2.018744258937719;0.5692738067948958;13.632597330072311;0.37022459115122763;0.6007877707358793;-0.020062334250694702;0.32127476483229955
1056907;663;328;335;17.03451877057943;1.519926524340915;0.7453395606270536;3.92970918726103;15.913587200077021;0.8308689270338293;0.6974862230381127;4.283041171283035;0.4619084944862185;0.7511671684058627;-0.04785333758894095;0.3533319840220046
1057211;374;166;208;21.688932060192894;3.3488130602383652;0.8484012932905252;6.02264464743358;18.899055545792017;1.7946940048900473;0.775910607316355;7.322344219751936;0.48521924743983624;0.8533405641249783;-0.07249068597417019;1.2996995723183558
1057810;485;172;313;11.42931288636997;1.789216366469271;0.7951222472044519;4.223758874323161;9.045861565216962;1.0696398925382813;0.8018629900643828;4.153694186746725;0.5539544522457192;0.8250112267790322;0.0067407428599308705;-0.07006468757643525
1061006;382;170;212;14.177779865091349;3.858921802188328;0.8441394559116755;7.054330438801893;10.039551886232747;2.198633638481675;0.8784609188740277;6.2293922660835115;0.6602781987811058;0.8946334524874148;0.03432146296235217;-0.8249381727183813
1061088;407;170;237;16.242814655366914;3.3356329372853972;0.7807992610465726;8.15421360027155;11.95205643856687;2.0202116166593798;0.8458528957291896;6.8379947347939;0.6641660163602917;0.8496501719186587;0.06505363468261705;-1.3162188654776505
1061168;962;423;539;20.362878292401334;0.306678977579942;0.09079932836404891;4.430736077590093;20.045921054699367;0.17703006285709585;0.09067548296582129;4.431037830330924;0.06396864146699999;0.09374005556658416;-0.00012384539822762886;0.0003017527408308851
1061228;641;277;364;24.07538536748938;5.153002516609628;0.3831444074655125;34.91595505820316;20.42599183190965;2.9335522460019625;0.3238343310007862;36.55600523462768;0.16341706119922195;0.3858699704763603;-0.0593100764647263;1.6400501764245234
1066796;470;173;297;26.55334135319677;2.3894334503198476;0.26387674983741216;18.797027162568867;23.625021713622544;1.418720955607741;0.26341846044200057;18.802877499348;0.18252375810667565;0.27192636265887227;-0.00045828939541159297;0.005850336779133158
1067471;517;197;320;19.03717543787097;2.6403523925990884;0.7325142010116019;7.360157181804579;15.435718868225843;1.5949720217311105;0.7716397031898354;6.800596749701529;0.5713852600029994;0.7811011512787178;0.03912550217823352;-0.5595604321030496
1068781;376;174;202;7.897956266680147;0.7322547342618831;0.5098896280401417;3.1055001790187;7.463016786005499;0.3789719355397448;0.43532442511244607;3.3333745344643466;0.25307667682830615;0.5103424888973611;-0.07456520292769564;0.2278743554456466
1068884;512;191;321;33.30800664612268;5.376781484334822;0.8023055127312997;12.390751606381016;25.484088525537082;3.29197728482041;0.8567026901033501;10.549196696108341;0.6395097249832855;0.8642100220483249;0.05439717737205041;-1.8415549102726754
1071021;414;159;255;32.646663208634266;5.802469499810245;0.7895560691754586;14.692992956928892;25.49461178192847;3.4786027088554143;0.7739188197229976;15.229101236079817;0.505905224909154;0.8073773306579455;-0.015637249452461033;0.5361082791509251
1071058;1059;469;590;24.831130376121457;2.605636652538196;0.7110312790607148;7.307898875204728;22.07658232459203;1.4966561146138113;0.7292541275400123;7.073722743167306;0.5378536997738139;0.7456406365413111;0.01822284847929745;-0.2341761320374216
1071145;407;166;241;3.633441920545221;1.7281394143907642;0.6497201371395477;5.895799323260016;1.6873654540514327;1.0085420552171624;0.6429107193490362;5.952830464961025;0.43903428378174225;0.667962041965218;-0.006809417790511474;0.057031141701008536
1071156;592;257;335;7.49964114095338;2.0831611481221124;0.785238313666555;4.9319518595324325;5.287359263817802;1.1989922957485875;0.7803188948345947;4.988118686619628;0.5403123463076827;0.8098784955587803;-0.004919418831960343;0.05616682708719534
1071191;582;247;335;14.42848479983574;1.3986662207456633;0.7822078802558046;3.35096850836293;12.795909595148299;0.8196763123242659;0.7997221566697263;3.213406875468006;0.5718092478250754;0.8192018894816243;0.01751427641392178;-0.13756163289492385
1071207;303;142;161;19.64053256163921;3.1866717541679175;0.4581629135369095;16.518535925977105;14.90279310458617;2.0831014973160698;0.5741574450491289;14.644067362595933;0.5493328934198054;0.5872806973069311;0.11599453151221939;-1.8744685633811713
1072861;597;276;321;1.0336012934392285;0.7898898178835798;0.3121786719805185;5.274371486365913;0.6475842520557995;0.4045341227214158;0.2514197640417578;5.502398930746989;0.1301779824463224;0.31623025398009486;-0.06075890793876071;0.22802744438107592
1073767;1079;479;600;27.588415759405734;3.5567763070343235;0.7232241649114988;9.643131031062225;24.005553254832137;2.024979714683936;0.7342873698719178;9.448439405859647;0.5395032274341012;0.7535280949084642;0.011063204960419015;-0.19469162520257832
1075697;545;210;335;14.101605870698037;1.129342902697742;0.5414951119825013;4.764819555341266;12.834431589155438;0.6459946881949118;0.5101830574143792;4.92483148962041;0.3145001708601677;0.5479663129941688;-0.03131205456812214;0.16001193427914373
1076504;487;167;320;14.324954603351017;4.055803698199497;0.7614064355350356;10.584482907368699;8.731780273339762;2.423714863260533;0.7529326780694672;10.770799391044244;0.49196649416894067;0.7835324642507602;-0.008473757465568443;0.18631648367554554
1077199;446;160;286;2.7848509590201243;1.9038012539402474;0.45301284021094723;10.502172694507237;-0.12053722310351311;1.195032672327785;0.4677526662239214;10.35970376300179;0.3225438229461758;0.4760698355206793;0.014739826012974189;-0.14246893150544793
1077210;485;167;318;21.43813258226325;2.125840466844737;0.6975916955901992;6.249998595206547;19.42041550432986;1.1719068285294139;0.6191786297142665;7.013644012468746;0.35831595150872897;0.697868498313813;-0.07841306587593266;0.7636454172621994
1077787;596;265;331;13.787136733506209;1.7304976925595728;0.7790496928762721;4.150171743124017;12.13546342005982;0.9787703427672568;0.7570959631722329;4.351471370764523;0.5156632490650661;0.7951238741038367;-0.021953729704039193;0.20129962764050635
1078861;393;317;76;17.923579875828242;4.314783266532369;0.40879387949689483;8.272172365755294;16.78793976221794;1.6530884736367193;0.45846916587922426;7.917019403949566;0.38656827072702904;0.47261378733893367;0.04967528638232943;-0.35515296180572786
1079731;618;287;331;20.880379972907907;2.9107525407694066;0.7119430614674118;8.280045903000286;17.323479312508272;1.7596426750197471;0.8017452528690221;6.8691875109805896;0.6658847909191007;0.802019123005351;0.08980219140161028;-1.410858392019696
1081057;1199;479;720;17.312949276750494;1.041691920253827;0.510186514835957;4.771305822091154;16.012640071555097;0.6275911482622932;0.5395885972687693;4.625885945496427;0.4144396136977542;0.5443140916636957;0.029402082432812282;-0.145419876594727
1081779;382;137;245;7.190807907029514;1.983147817496441;0.607048154461311;8.061685473256336;5.431998782703728;1.145429908554305;0.5430691362985898;8.693235215298746;0.3171522250457678;0.6070775486668771;-0.06397901816272122;0.6315497420424094
1084671;1371;598;773;23.27070840892533;6.34884865633223;0.39083478341906774;35.99327137472349;17.01986616555633;3.637525417258022;0.38886966046147686;36.051280475013264;0.27783161938671364;0.40224408046117344;-0.0019651229575908813;0.05800910028977313
1087011;665;329;336;24.618694150235022;2.6741094772604463;0.7574509061150287;6.68831092964062;22.45907341802451;1.4859979241452608;0.7323188466864183;7.026281150850121;0.5062620235668092;0.7711536520860793;-0.02513205942861041;0.3379702212095008
1088228;505;189;316;19.757971487489893;2.325879803931289;0.5700400508112605;9.357312521338734;16.518539797805875;1.412496057345785;0.6031688533284774;8.98959257351818;0.44975205725281686;0.6095506215747704;0.03312880251721684;-0.3677199478205537
1088811;762;334;428;14.441031794656647;0.3623006658419752;0.046712793673297504;7.181293038030107;14.262175111341653;0.18104354452162275;0.0360886597648038;7.221198967090775;0.017017868259381452;0.04766679233842541;-0.010624133908493705;0.03990592906066759
1088901;461;166;295;16.785730025099014;2.523804836144794;0.8441627934085936;4.942754798402811;13.77514661903011;1.4777914059539128;0.8443279168976177;4.940135458483453;0.5964275752732466;0.8708261789720043;0.00016512348902408824;-0.0026193399193585876
1090081;1489;598;891;9.331357953195237;0.1707029525271304;0.04874950297706837;3.4602668289962897;9.137134858131096;0.10032767335068152;0.050025927217288824;3.45794449060381;0.03714458450462699;0.050981686832501705;0.0012764242402204529;-0.0023223383924797503
1091011;562;231;331;17.219461802749052;5.920900557870615;0.871462713364386;10.340960546012788;9.98497795375403;3.494628051080479;0.8983225445736285;9.197263978830936;0.6482387933811014;0.9170297589069545;0.026859831209242513;-1.143696567181852
1091151;911;374;537;39.45261215612333;0.7539915167863422;0.041844883326572546;16.273909755210276;38.93740023657943;0.40138653996242235;0.03584460065084438;16.32478651713462;0.0203938147880226;0.04189855401321274;-0.0060002826757281635;0.05087676192434287
1091198;1215;481;734;12.437728804500772;2.661362380864965;0.606674350842627;9.967194310978629;9.213058501976722;1.5881077878417806;0.6311454164241637;9.652157127585106;0.4738895269334743;0.6399466298662724;0.024471065581536666;-0.3150371833935228
1091217;1038;472;566;12.566837192479612;2.0292861086094702;0.7391749635376017;5.294799097415231;10.364398076676672;1.1811484061363908;0.7848484908567298;4.808914394979168;0.610521589807894;0.7925983910803465;0.045673527319128104;-0.48588470243606263
1097185;441;226;215;5.314132633718762;2.0965862780385223;0.6790629283367353;6.32609608973107;3.8841838340536423;1.1309885088755853;0.6213162828435703;6.871699464102409;0.39643146262108275;0.6816626546854583;-0.057746645493164994;0.5456033743713391
1101068;884;351;533;11.97124395420266;3.0204836659838334;0.507220644686786;13.46836562780224;8.641945223682688;1.7460364120952465;0.5066356445688345;13.47635770215267;0.3589781468192441;0.5233789775559918;-0.0005850001179514841;0.00799207435042959
1101116;788;334;454;25.056863896828663;2.7849979528113495;0.26067389946798303;21.27262162910889;21.128577453070303;1.717799180369344;0.29673647503494427;20.74732178756007;0.24530156101798362;0.29675663232957317;0.03606257556696124;-0.5252998415488186
1101151;375;170;205;17.24075143111987;2.2887217352825755;0.6400594622965834;7.22712225328325;14.552353520124784;1.3331148155417265;0.7034582076039557;6.559835893657663;0.5628083419125474;0.7065881950951272;0.06339874530737233;-0.6672863596255869
1101186;1245;479;766;11.380619590708763;2.2532035989501003;0.6938945683278711;6.892710589925513;9.051874238915154;1.2832123049377293;0.6542503413939349;7.325468509736403;0.41759203105397447;0.7006665684165485;-0.03964422693393621;0.4327579198108902
1101758;1518;631;887;10.94860562282474;1.7027700047367773;0.6756389799435443;5.363157618050199;9.104650542931743;0.9893296905320176;0.6857766042861126;5.278681888140244;0.5011121648423507;0.7026248578478198;0.010137624342568374;-0.084475729909955
1103097;482;171;311;11.983879514271056;4.55712112108378;0.8242860035257799;9.802045512612432;5.993540486428049;2.719200281534596;0.8276035674355222;9.709070927300884;0.5690568304312784;0.8530986056622328;0.0033175639097423604;-0.09297458531154845
1105791;503;187;316;11.388672088686626;3.2855254881232834;0.9134172286746189;4.687497837153242;7.79038020712472;1.8874707917244538;0.8629606268426626;5.897229383746425;0.5451504324316336;0.9230486829607425;-0.05045660183195633;1.2097315465931828
1106678;669;335;334;19.667052201492467;3.3805658656450928;0.8060133201907054;7.287400452500168;17.017564215335135;1.8715826345917308;0.779604357152485;7.767623777604199;0.542865854997161;0.8205068479469984;-0.02640896303822038;0.4802233251040313
1107010;499;171;328;30.86181149554205;1.6955425901561174;0.18826595463769413;17.26565839417722;29.248082505081925;0.9541542217886938;0.15776136812702735;17.587084177313454;0.07512691846814379;0.18894466001788857;-0.030504586510666787;0.3214257831362346
1107179;810;340;470;11.670809500937882;1.4236150329609376;0.5867371022794261;5.456619177433597;10.122293887072182;0.8279054173679287;0.5928397153214735;5.416180651743094;0.42694266237877954;0.6089915019365297;0.0061026130420474;-0.04043852569050266
1108849;384;170;214;12.699167726095013;1.1520876186553952;0.6340749158205901;3.764601915122164;11.420480660111851;0.6635370715110438;0.6666599633793187;3.593078516079223;0.5063141791911282;0.6763572104884972;0.0325850475587286;-0.171523399042941
1111201;866;342;524;41.00205282015518;6.8756813944402815;0.5428546575476579;28.672015540169212;34.1683999684077;3.9027205184229876;0.5214943523121572;29.33422424936245;0.3514517036341954;0.5507483821865977;-0.0213603052355007;0.6622087091932372
1111228;962;426;536;17.41800346228337;0.7554655403680663;0.11249114589672704;9.496575177727784;17.040706934853542;0.388536313811823;0.09207049893131503;9.605206967877416;0.04990666766575713;0.1136679452520204;-0.020420646965412015;0.10863179014963187
1113771;450;171;279;13.550073794643971;1.613287659323806;0.5752107562629047;6.608221509351476;11.273918379280467;0.9931122300702312;0.6118546864783649;6.316769213628271;0.45929422903820905;0.6169176223879744;0.036643930215460196;-0.29145229572320464
1114639;646;312;334;14.727346540901703;3.1765287090490313;0.8099084772174613;6.591754555264148;12.098931646315704;1.7588608249975237;0.8073916711944975;6.635248380080631;0.5956711935815996;0.834812208084329;-0.00251680602296378;0.04349382481648245
1114677;500;126;374;28.838414907935572;4.655557176406488;0.6504479052068244;19.79277311498941;21.204961475723913;3.061408789252054;0.608167810577749;20.95563122823757;0.3227508756739207;0.6517771784344433;-0.04228009462907534;1.1628581132481628
1117311;906;350;556;28.801652736095527;5.5740603501449035;0.5448128664117518;24.245803065555524;20.172959101608186;3.523385226366652;0.6147124659876351;22.306635115115462;0.5010698466381902;0.6147594619795191;0.06989959957588332;-1.939167950440062
1118080;858;340;518;14.67608278314514;3.1174286266151525;0.7362901118523038;8.520433994421206;10.314848310101045;1.9165005647823268;0.8273704080963086;6.893759544860271;0.6873571406918768;0.8274885962165635;0.09108029624400482;-1.6266744495609347
1118111;987;444;543;18.509339178112278;2.1359708822328716;0.6671321928338847;6.7446376905352;16.404215637034774;1.2273439472941685;0.6827064641427105;6.584963011728177;0.5133268703412075;0.69681066068741;0.015574271308825827;-0.1596746788070229
1118211;489;179;310;35.35856249615497;5.538427323876813;0.7079893022608955;16.6877972897942;28.402964477790416;3.278368329771749;0.6978837570702111;16.97409671079047;0.464409291852658;0.7265935676719393;-0.010105545190684406;0.2862994209962686
1118682;765;339;426;11.899620224424073;1.9219409692647405;0.7322720778029014;5.115415624739815;9.900085804207512;1.0987577151363557;0.7424357831645636;5.01737839377779;0.5374730784934423;0.7631096706016637;0.010163705361662223;-0.09803723096202521
1118887;1154;470;684;67.15276723165505;4.171137714351779;0.4363021779222016;21.74178360243189;60.5717327880063;2.652504917910558;0.521950529164263;20.0220439950792;0.46116789962939864;0.5241838249732851;0.08564835124206138;-1.7197396073526896
1119757;407;170;237;16.611919472514067;2.6688951891335257;0.8288168567983115;5.596097201242213;13.918765561926964;1.5298710460497331;0.804309899747214;5.983277960361157;0.544209713552281;0.8443475999510863;-0.02450695705109751;0.38718075911894356
1121037;683;336;347;28.351990222100852;3.579226507414922;0.7373334317097466;9.306933967319523;24.715089026088474;2.070079157105752;0.7782465025180723;8.551444307406152;0.5954233319308144;0.7882313269056571;0.040913070808325624;-0.7554896599133709
1121049;319;166;153;16.635535519375516;3.593857300844575;0.6440248281303698;11.750396558843413;13.91772999604426;2.008255052839316;0.6395341915551972;11.82428006622707;0.4708521737691844;0.6615361274345982;-0.0044906365751725685;0.07388350738365723
1121071;647;323;324;16.043945939237506;1.0764863453275135;0.21567015955888125;9.105703636543268;14.861544442573269;0.6450420142956167;0.2425559314583262;8.948277144557133;0.20392844297276813;0.242611787338731;0.026885771899444966;-0.15742649198613456
1121081;527;198;329;8.369148963101694;4.010970417478462;0.7198778053648474;11.479536711618794;3.2117575754879475;2.3671321600483775;0.7198269128374619;11.480579463879618;0.4866574017429044;0.7452468069934896;-5.08925273854377e-05;0.0010427522608242867
1121096;484;171;313;18.263390838504584;2.1776270570024123;0.7517268303752972;5.820727400220055;15.632267858515021;1.2729537911562776;0.7239178645550186;6.138065506402725;0.4661211871220359;0.7642323992421017;-0.027808965820278586;0.3173381061826701
1121132;542;220;322;18.13612268909254;2.7761729009676515;0.6788101395708603;8.726551639538224;15.127523717159422;1.5959780314532626;0.6607097381724404;8.96907069293999;0.4412207512497628;0.6934798157574497;-0.018100401398419952;0.24251905340176627
1121221;528;195;333;21.509969464328453;1.018524055269363;0.1524576502618249;11.05806254402045;20.389103003580324;0.5779495442745042;0.13934397636106766;11.143282590622862;0.08088116277273427;0.1531965882609454;-0.013113673900757239;0.08522004660241222
1125799;965;422;543;21.362043302237968;0.6435326629041371;0.2383007901397124;5.162285570421803;20.76167069302575;0.3638939960086396;0.23407523041859757;5.176584769119742;0.16551203418529747;0.24383361724392327;-0.004225559721114824;0.014299198697939275
1126586;280;143;137;2.674542644009149;1.1995067155823176;0.8250642379736033;2.4789102291792737;1.7437077320113898;0.6774737694074382;0.8241306057403379;2.4855163990775484;0.6138215381571394;0.8487910634644887;-0.000933632233265369;0.006606169898274672
1126821;686;333;353;53.17498274209932;2.6138739340968598;0.17723809076903618;24.606835865176844;51.394434246717275;1.3823628458210941;0.15511401326864893;24.935480262137443;0.09076213423606605;0.1772721454416296;-0.02212407750038725;0.32864439696059833
1127111;649;318;331;30.553455779076643;3.394805124817635;0.7120697910723255;9.554357251186964;26.989581846771287;1.999876013741332;0.774718220151825;8.451248936226143;0.6254669640673627;0.7776813695054343;0.06264842907949952;-1.1031083149608207
1128678;436;155;281;15.786942290641228;1.2464891860961436;0.5296052901432604;5.553540317853956;14.357186487428788;0.727000752283198;0.5030107643950432;5.708371193089113;0.31880358346572313;0.535413267310813;-0.02659452574821719;0.15483087523515682
1128878;531;200;331;17.526751871362407;2.083425851456765;0.8197025980715812;4.477013571748653;14.900062071462907;1.2221810371017838;0.8100429958561315;4.595378969760031;0.53673053104935;0.8441160904073163;-0.009659602215449703;0.11836539801137747
1129912;371;166;205;17.915087749775623;0.8836157304141371;0.29004316367292593;5.898876914176472;16.667407917499304;0.5404823321373644;0.34477349325597795;5.666946213476791;0.29700623443624974;0.345060551208483;0.05473032958305202;-0.2319307006996807
1131027;436;166;270;20.16019542083716;3.8067992564209527;0.5263883670793891;16.695164916864126;14.732052871367241;2.3196067556646005;0.560472776872998;16.083198517066585;0.4165682105491605;0.5659885514589584;0.03408440979360894;-0.6119663997975415
1131098;1159;451;708;13.277012603637269;1.7477190621446654;0.41477963823699515;10.043729636475852;11.077646838929052;1.0555495966109878;0.42167823649552294;9.984356224253581;0.29794669257025697;0.4314878913581568;0.006898598258527788;-0.05937341222227133
1136774;215;81;134;5.984542784981176;1.8359406753700016;0.8171777712202776;3.821493292935698;4.045895440555354;1.0472221851279788;0.816648771557196;3.8270180817640416;0.5955478676127837;0.8420920751024038;-0.0005289996630816196;0.005524788828343397
1137376;1678;793;885;27.705409677766788;3.9526931645097845;0.6397258787913231;13.153771669088894;23.9988138663264;2.2660711665826287;0.6614746235688393;12.750563543447065;0.5092490344388868;0.672168896442463;0.021748744777516205;-0.40320812564182873
1141047;468;160;308;5.90169234234685;1.8705346718975122;0.7329197349385586;5.637999954549569;3.130491597377187;1.1627967386269127;0.7410408102944064;5.5516212887906855;0.49801175805021847;0.7602111141473621;0.008121075355847829;-0.08637866575888342
1141091;662;327;335;20.77691411935762;4.743161831906488;0.7404396862864318;12.425884107433925;17.31574539368466;2.587078973834802;0.689476041173283;13.591134511493296;0.45321460754084597;0.7453811095658929;-0.05096364511314877;1.1652504040593712
1141141;656;321;335;8.306809564276382;2.1881300031051434;0.7536782698490353;5.546486153411689;6.362204692722491;1.2387168610866104;0.7537242769255037;5.545968152972115;0.5444090319786068;0.7785994416030178;4.600707646840174e-05;-0.0005180004395741733
1147810;387;170;217;17.45616500834476;1.78994982832204;0.5775803114855536;6.709003680356081;16.10771955053921;0.9553550270370594;0.5114268247722731;7.215239698907077;0.3056490986647348;0.5779081178339067;-0.06615348671328047;0.5062360185509958
1148546;462;166;296;8.844766784895471;2.1181674009051727;0.5461794725329603;9.201016639990259;6.50924417442779;1.22380616315755;0.5037938680041547;9.621101833980632;0.29953153162326196;0.5486695339040886;-0.042385604528805576;0.4200851939903725
1148611;1358;620;738;21.129210356253495;4.316950286623873;0.5761737369087698;16.3264394181975;17.65940050431636;2.3595245066119235;0.5369510033174467;17.065185852108584;0.3507058384189554;0.5803942761339301;-0.03922273359132311;0.7387464339110856
1148897;1092;478;614;12.56521021665043;0.2650662461739473;0.05579048130654074;4.846813701311189;12.26515814503006;0.15490680939700513;0.0585750038780074;4.839661672694501;0.04439524442049425;0.05937011639231826;0.0027845225714666633;-0.007152028616687289
1149841;782;337;445;11.025105308434176;2.8146110653056264;0.8908742198578345;4.473202309624356;8.14031608963912;1.6147903993175436;0.8814389405919739;4.662575693937264;0.6144646902561566;0.9157507542847451;-0.00943527926586063;0.1893733843129075
1151001;348;147;201;14.159115322865919;1.6758756352974944;0.47537268227007623;8.647529797019603;11.880455107236653;1.0588257735663271;0.5377544696846073;8.117138886516182;0.4589381893055904;0.5379581002405569;0.06238178741453104;-0.5303909105034208
1151067;566;233;333;15.153130020863024;2.1824548018239764;0.7818036793681327;5.228905834851531;12.73688493962825;1.2544836107979538;0.7639278234518929;5.438880432814009;0.508229365795889;0.801008300685011;-0.017875855916239747;0.20997459796247764
1151137;812;335;477;31.140319158961155;2.569513387543579;0.506835644553606;11.620676422411195;29.104355281600007;1.4004453894808213;0.44547596834778724;12.322412834548956;0.25781398790624377;0.5068421595375314;-0.061359676205818725;0.7017364121377607
1154901;722;339;383;15.427704366249127;1.3141033327395797;0.31692235430956295;8.46904754542835;14.156148892652785;0.7458219322739994;0.3191372114997276;8.45530609084865;0.22967993925160468;0.3290952146758934;0.0022148571901646763;-0.013741454579699663
1156791;808;340;468;18.923723019373;3.8851961636130037;0.5823028314764189;14.972651925362523;14.80221193753831;2.24475963600452;0.5828185228008731;14.96340640978766;0.41450035192421075;0.6015138206286397;0.0005156913244541705;-0.00924551557486275
1158410;506;190;316;35.657481780746174;2.88218701580835;0.6164652105621338;10.529187188475552;31.793789454882145;1.7348074208429427;0.641469056641961;10.180187727810612;0.467975309895567;0.6516399713603886;0.025003846079827197;-0.34899946066494003
1158626;478;174;304;7.155325132791821;1.442496672440597;0.5117720572679618;6.548574106644933;5.324922330040191;0.8534994839474543;0.5080604547479;6.573418736207626;0.3428474501621107;0.5270259937160483;-0.003711602520061863;0.02484462956269251
1158778;766;339;427;10.714963624232327;3.512417810431757;0.6034553007175827;12.669238660490999;6.9334373838901975;2.0318815536364494;0.620539806283599;12.393316902981875;0.45755298495969154;0.6336776110405682;0.01708450556601626;-0.2759217575091242
1158812;491;192;299;20.353453383665332;3.8297947700473958;0.629181998791166;13.354816878213144;15.68604375398169;2.2232658047480354;0.6153519488606753;13.601578151203192;0.39936622829007173;0.6458610133291574;-0.01383004993049064;0.2467612729900477
1159664;454;166;288;25.377408655170363;1.9068180731192323;0.6442933227042513;6.806510244158589;23.447423719933767;1.0882555642335021;0.5783240572523549;7.41084800167777;0.3286258067721741;0.6448178790520225;-0.06596926545189641;0.6043377575191808
1161021;468;166;302;22.108320138413127;1.9308358785853013;0.19805909642911868;18.41717588297552;18.879282813038873;1.226754790605938;0.22109127527286754;18.150773489244965;0.17408321599790666;0.2212829299254756;0.023032178843748863;-0.2664023937305551
1161057;370;166;204;16.753459330812486;2.1590309276742383;0.737131873365364;5.508775972170501;13.954889233912104;1.290102124596671;0.835854715021915;4.353117122301847;0.6849553553703074;0.836558201724068;0.09872284165655099;-1.1556588498686544
1161061;449;166;283;29.896279755806308;4.918637222814826;0.7939088644435598;11.980332095410429;25.217263936193238;2.763109779088655;0.692421086589426;14.635834165250936;0.3714457142524469;0.7939299555628107;-0.10148777785413376;2.655502069840507
1161068;485;172;313;23.283523590760073;0.48005597389732463;0.06087044256324359;8.769144170109149;22.328464456302168;0.320119773166056;0.07637733633944344;8.696444826973146;0.06986105873875537;0.07752892063730132;0.015506893776199848;-0.07269934313600324
1161191;626;295;331;10.413242147127226;0.0672035160541342;0.015932370507829807;2.3557924305116287;10.39987486703202;0.03177144903526784;0.011025090665708115;2.3616589766052996;0.00427413537404242;0.017335159127755073;-0.004907279842121692;0.005866546093670877
1161206;1123;449;674;17.75084326986823;0.45420673285023117;0.023127602034087036;13.921854851906415;17.40651060419803;0.24705731834412417;0.019565507758892542;13.94721427159542;0.010328835380227663;0.023183916906021063;-0.003562094275194494;0.025359419689005236
1167377;913;376;537;11.62874476608351;1.383537036276876;0.6419474945815642;4.659330301590861;10.188967780597789;0.7942271249133664;0.6400760235899304;4.671491139555951;0.4572459694997848;0.6615216586550705;-0.0018714709916337613;0.012160837965089932
1168069;761;217;544;12.683745773940082;2.3231829213032054;0.3785533203066024;14.114637100003733;8.381783386670236;1.4967430280422631;0.4125441968379553;13.72319958800537;0.31201468914550823;0.4137131524943025;0.03399087653135291;-0.3914375119983635
1171127;1103;456;647;10.21660574640586;2.958318498878222;0.7950322894922108;6.937171545409225;7.1724524247848365;1.6998268599864534;0.772533767680227;7.307993898759879;0.5218680413966086;0.8104525734117156;-0.022498521811983863;0.37082235335065405
1171168;848;340;508;6.7615779142590124;2.799213181541243;0.8268195982617321;5.830462062671675;3.9206068787866233;1.598795430982125;0.8054097683466774;6.1803649373596805;0.5545079115936236;0.8430631145362958;-0.02140982991505469;0.34990287468800574
1171197;371;166;205;21.56718744700499;3.706599028885714;0.6705620387722667;11.085727172280235;17.167468165055862;2.1595609149593074;0.7231922701187762;10.161702407055586;0.5588910014369544;0.7295596023969467;0.05263023134650946;-0.9240247652246492
1177105;1335;591;744;6.604206734056238;2.869015851433303;0.6489015050395961;9.643764685645316;4.249795127916116;1.5902985798508305;0.6005903465430311;10.28587872488193;0.38495982988419153;0.6520134832416298;-0.048311158496564977;0.6421140392366151
1177982;370;166;204;10.467835807032058;3.8728675817151337;0.7818718636790233;8.7401840434388;6.589223524968336;2.1666865044600856;0.777172809276392;8.833825697626018;0.5439358284742539;0.8085536344015505;-0.0046990544026312975;0.09364165418721804
1178890;180;68;112;17.28818956577525;2.325624723883198;0.33614731333100645;15.146053839301238;14.504057962685636;1.3391765221456717;0.3129847716806574;15.40801950329559;0.1826581025434052;0.33955419129397235;-0.023162541650349033;0.26196566399435106
1178971;381;166;215;18.956534117499054;0.46999349071247504;0.1083346153721566;5.76479909913585;18.11470226430964;0.30843534634688385;0.14746019066641325;5.636902942003845;0.14519496895246897;0.1528030100458705;0.03912557529425664;-0.12789615713200497
1179971;434;154;280;14.401170746956499;1.9615708798137612;0.6085772867208354;7.440374174934431;11.93796887845261;1.1671879706236643;0.601749763923094;7.504984266105627;0.40687789951311437;0.6244185191972408;-0.006827522797741459;0.06461009117119598
1181060;634;299;335;21.534604083447107;4.728756987021587;0.7892687746041729;10.915016115803585;16.26528391879357;2.7978048918081786;0.8519000070393944;9.150344686705084;0.6709893792576573;0.8569937211787578;0.0626312324352215;-1.7646714290985006
1181117;831;335;496;32.20633949436279;1.7337417456908921;0.1877576302264259;16.683804907147653;30.39409152287383;0.9994132073376787;0.18305167786818166;16.73206623911437;0.1247194431321792;0.19153608202131045;-0.004705952358244225;0.048261331966717336
1186910;700;331;369;114.14645631846423;14.009353036244825;0.663644407835509;43.21107443117697;99.86226494323904;7.975829746238065;0.6759776091043828;42.41146261283628;0.4862641544897517;0.6949530066684426;0.012333201268873717;-0.7996118183406864
1189811;500;184;316;10.842379725508529;1.8709049431236888;0.607837098212697;6.967334644907625;9.427858608669236;1.0051980722604;0.5005915443374587;7.862512743323352;0.24922064415108303;0.6116780956182006;-0.10724555387523838;0.8951780984157267
1189907;629;298;331;23.63295234495549;0.9506413818617124;0.311005972771499;6.304943418310625;22.92660883094562;0.5175246200371635;0.2858626286766883;6.418955209402708;0.18340234533298094;0.3122738026707098;-0.02514334409481067;0.11401179109208304
1191021;398;166;232;30.891152792349235;7.955704866819995;0.7870888104342391;19.290527342012062;22.093968300318075;4.656823558238828;0.7870058036162435;19.294287335223437;0.5514458026038122;0.8125175458686172;-8.300681799555676e-05;0.00375999321137499
1191088;365;166;199;18.02174896962051;3.567524896666265;0.5628238212398626;13.251885285370934;14.834729981639239;1.939405474335335;0.5355514999916232;13.658977990372021;0.3547257357853896;0.5722486059938672;-0.027272321248239417;0.4070927050010873
1191127;296;154;142;25.173538171770872;3.335937778736931;0.3631309125732618;18.413856969604204;22.940258207725137;1.8022119592045795;0.3585026311315348;18.48064482087564;0.2703888750988366;0.37181414180491745;-0.004628281441727;0.06678785127143527
1191761;376;170;206;7.4122681455712565;1.4122378194318785;0.6678885770453276;4.189901936626395;5.735562664343366;0.8244072955337732;0.7378722050742553;3.7223609964199715;0.5940774476660551;0.7405198295221338;0.06998362802892777;-0.46754094020642345
1193858;382;166;216;13.996847069176498;3.161513861936253;0.8209124289280177;6.328016325934657;10.276538799913455;1.8306056701092104;0.8679869644169184;5.433044680471967;0.6541667389733492;0.8802227243877351;0.047074535488900615;-0.8949716454626895
1194677;629;298;331;27.27936105296474;1.6786748349163807;0.5949660470420275;6.171735683367432;25.70871355048161;0.9563581288384034;0.5989080958083969;6.1416286149108;0.4354501287314049;0.616623558013704;0.003942048766369388;-0.03010706845663158
1194992;723;339;384;54.0919267923465;6.379711863757212;0.5841670392796298;23.382855644883858;49.50200373480399;3.38055304701302;0.5150475415863484;25.251528757999733;0.30486034096733905;0.5845248099931544;-0.0691194976932814;1.8686731131158751
1197198;436;166;270;16.68840324570236;2.441733911994394;0.5989977454474553;8.775633237206673;13.721440300511327;1.4235425405479323;0.620739178379222;8.534420710991865;0.46301603542264735;0.6316566861663662;0.02174143293176667;-0.2412125262148077
1197401;449;166;283;18.726899741996114;3.3635562515237734;0.7878070494909644;8.345146667692749;14.281904273290525;2.0229207026013745;0.7875409202332038;8.350378207591856;0.5293278970091823;0.8138319418430382;-0.0002661292577605945;0.005231539899106963
1199104;762;334;428;13.376870164019216;2.0825223193968228;0.8128720941043174;4.384170051873629;11.57780831807996;1.1370828005478955;0.7497805247630495;5.069658047339939;0.47192285564942626;0.8181232527748992;-0.06309156934126792;0.6854879954663096
1201117;1189;479;710;14.15563588138318;3.1138997150905072;0.6337087497364473;10.984367968721287;11.061966497250168;1.7845002640702492;0.6115352931263134;11.31195281066703;0.41446344578232386;0.6434219107168802;-0.022173456610133924;0.3275848419457432
1206911;657;326;331;13.882903127614885;2.05483148719371;0.7779785248290975;4.84500407995231;12.281122851983518;1.1378678212439;0.7508985939912964;5.131977511054827;0.5229523829685991;0.7909746218595979;-0.027079930837801025;0.28697343110251694
1207210;696;324;372;5.434189872131313;3.0230023505443993;0.789945961182599;6.7633729585544335;2.5283023434917986;1.694634600319577;0.7791543770899867;6.9349321540907995;0.5386618158635119;0.8135519619309328;-0.010791584092612272;0.171559195536366
1207711;464;171;293;12.571049759418113;1.0650588324323171;0.6063629068524292;4.067505533433706;11.071541771859728;0.6534375441543626;0.6417132735410979;3.8805698393054766;0.4807213058099843;0.6476718215043051;0.035350366688668644;-0.1869356941282292
1211017;854;335;519;12.331588999912276;2.5335584218609353;0.7787381515846438;6.197024716572261;10.098750897694591;1.4073632317099223;0.7075632228532913;7.1243616099698945;0.4342927656936778;0.7801952717009761;-0.07117492873135245;0.9273368933976336
1211111;1524;629;895;15.641206890467402;1.1261875646351964;0.16959887311435262;11.343470427142924;14.418950042045019;0.6545222869356266;0.17189087593676844;11.32780496713999;0.12535693883877785;0.17620817500599184;0.0022920028224158173;-0.015665460002933784
1211151;910;355;555;18.63842946057143;2.8958582483119013;0.6613746122953726;9.847499206892982;14.899321306674711;1.7509966193295214;0.6852536681253409;9.493941155478252;0.49945758542942265;0.6963495791529524;0.0238790558299683;-0.35355805141472985
1214111;492;172;320;35.57424793999338;1.082920741180987;0.13465880747607695;12.789841877133961;33.00762240329045;0.7612547700508225;0.18548603544457176;12.408541960508042;0.18491496754822956;0.19505376546633713;0.050827227968494815;-0.38129991662591856
1218377;706;337;369;8.04164035691017;2.9447722767304825;0.7291048954317919;7.820010218895663;5.660451345063304;1.600057420346862;0.6739068649004452;8.579808019328794;0.4259950836107933;0.7345465984836649;-0.05519803053134675;0.7597978004331312
1221027;556;222;334;13.445357992855676;2.410755534687369;0.6379150535415046;7.978428437606166;10.778907377602167;1.3753380139556362;0.63455672182318;8.015342933845409;0.44341814059792295;0.6584578590240533;-0.0033583317183245587;0.03691449623924292
1221108;1442;636;806;6.634832604835655;1.747441483360127;0.2399496267127912;13.83701415606733;5.456287556844701;0.9272139410838647;0.20853959315325876;14.120035672607541;0.12250677688826583;0.23998030500890866;-0.031410033559532424;0.28302151654021124
1223661;473;171;302;18.23690195777648;1.9926549103528846;0.6691783951457981;6.581206589250219;15.425705496110126;1.2160044187892223;0.702036981214696;6.245824466789392;0.5169172307248339;0.7107196856767108;0.03285858606889791;-0.3353821224608273
1227981;345;169;176;9.451576975676312;4.145737985156149;0.8300685910459256;7.797585540938214;6.48489390488947;2.1841204856040197;0.7604174444919026;9.258719246034858;0.48960752313024325;0.8348982660888868;-0.06965114655402294;1.4611337050966435
1228011;678;336;342;14.677134235609161;2.28786584259845;0.44402180088717613;11.189088993507628;12.020985205895888;1.3758481801954692;0.5067228071803747;10.53929024293558;0.4272183596386553;0.5067413034014235;0.06270100629319852;-0.6497987505720477
1228108;661;330;331;15.654699154720205;1.6847540660742033;0.5775268035862974;6.351108564098167;13.966704272775772;0.9857811805066192;0.6235692919849923;5.995045430056428;0.501049737889773;0.626734387161734;0.04604248839869496;-0.3560631340417393
1228211;519;193;326;14.31269934362201;2.0012723706663675;0.7795391430991773;4.919745583533798;11.927856285825472;1.163461805110338;0.7508929789632478;5.229616992189728;0.48082268821419294;0.7936423199678113;-0.028646164135929464;0.30987140865592977
1228997;563;246;317;16.75131430517633;4.5152879780733155;0.8609957371522832;8.30476021877342;11.69833106586993;2.6493223164475013;0.8838438834883865;7.591613336044624;0.6437177724921523;0.9026765949222735;0.022848146336103325;-0.7131468827287968
1668910;1208;482;726;16.91005260517168;1.6733712412125845;0.32646732063702766;10.911674358363314;15.610514451695389;0.9121136049068929;0.29101519283936517;11.195165673485729;0.17699439846303577;0.3265205972872329;-0.03545212779766249;0.283491315122415
1678757;1437;608;829;11.20948967326602;1.6631097099054228;0.7145663602596894;4.939707938085769;9.853830120429603;0.9224225948905541;0.6392463427825927;5.553337464039983;0.3795280602449044;0.7148912448600597;-0.07532001747709671;0.6136295259542139
1691194;439;178;261;10.02266708407376;4.106261993594706;0.7767188685650934;10.38169200110507;5.583031576618925;2.397121873448958;0.7629195105794389;10.697690667509686;0.5215465230772585;0.7945180048764804;-0.01379935798565457;0.3159986664046155
2103971;392;166;226;23.66122807270414;2.5026994959013957;0.5993775109086419;9.043331070452995;19.829161145468717;1.56579968829887;0.7166994098933388;7.604742399294046;0.6221864169373676;0.7181945008977347;0.11732189898469692;-1.438588671158949
2119808;909;366;543;11.224416887246708;2.687397111378672;0.6667725798965316;8.595840271365681;8.63696102654415;1.5111177302390717;0.6307050558688005;9.049084681920748;0.41270544464205317;0.673821074647461;-0.03606752402773106;0.45324441055506703
2701087;500;184;316;51.71211679846026;3.2790764763972664;0.3463059812925271;20.887386387335486;49.51821309107041;1.7310795402002719;0.2753514739630688;21.991788575597244;0.12811109849748836;0.3516543507353127;-0.0709545073294583;1.1044021882617585
2737946;441;166;275;29.229983813348873;3.541202600486938;0.7372724859182853;9.78217913417323;24.91367855802473;2.0753438235237502;0.724180546956491;10.022943441100658;0.4802832180182889;0.7561707346931038;-0.01309193896179428;0.2407643069274279
2767178;470;171;299;22.668592287896313;1.9547498529362308;0.5957962178326023;7.588567504709589;19.717879407020874;1.2155834304390842;0.6483495407669926;7.07807580870753;0.5024689126403148;0.6506326242722742;0.0525533229343903;-0.5104916960020587
2794690;1214;481;733;12.062410168987583;2.5964970534849403;0.8241331891553785;5.579743374654304;9.355657059039219;1.5005358581257735;0.8040777365211458;5.889306754224784;0.5518113677720236;0.8402129956551614;-0.020055452634232696;0.30956337957048063
2808310;701;339;362;11.623507634735194;1.9520202294460665;0.722195826393387;5.262315297028055;9.317604766764928;1.165403912240549;0.8114005925149264;4.335883899004025;0.663906792440387;0.8123298682010736;0.08920476612153938;-0.9264313980240297
2887690;542;211;331;29.540495672227728;3.939764372059863;0.7724405671127115;9.773590543763019;24.901978106011786;2.285357000083858;0.754975851307474;10.14170943818285;0.49752514297287564;0.7913578812240895;-0.017464715805237452;0.3681188944198315
3699704;483;171;312;13.002014239620348;0.9714471760804615;0.43883074400227473;5.112454847309924;11.80678312835866;0.5707362834735559;0.427259728981113;5.164893975288349;0.28047757958751895;0.4478845873679086;-0.011571015021161757;0.05243912797842487
3737828;943;400;543;16.848973781839266;0.41226616895077617;0.023586245356774893;11.943241104391683;16.834123739416874;0.18805509986005345;0.014931011257500626;11.99605861005408;0.0045998545143334235;0.02753442563847408;-0.008655234099274267;0.05281750566239651
4113691;736;339;397;17.074599505087996;1.092415851759517;0.4866736512575275;4.890813744249625;15.914739993008935;0.6279651709403016;0.503501339694941;4.809981278760403;0.37202836184084176;0.513814412594224;0.016827688437413557;-0.0808324654892223
4115111;363;166;197;11.856171880874804;2.776931036755464;0.5040905802480758;10.999592665219026;8.597615252452185;1.6044373594381773;0.579957111249893;10.123303146271518;0.49736886534775604;0.5799944824668674;0.07586653100181717;-0.8762895189475088
4118210;666;334;332;21.999830599258406;1.8035186732739454;0.672469710105243;5.537893526598719;20.236265992762092;1.0493712220282798;0.7188013562708818;5.1312772123795884;0.5701090623449477;0.7241143582357162;0.046331646165638785;-0.40661631421913036
4120571;437;166;271;47.53680428345977;2.9585658882280783;0.4550515613446453;14.775094983125143;43.046807787194524;1.826175605707584;0.5030711374297527;14.109112170745583;0.39334743373130987;0.5043712298646534;0.04801957608510743;-0.6659828123795606
4461098;625;271;354;12.926609149256514;1.7875922481239357;0.4129388061912459;10.593059240875103;10.399607073467395;1.139180322700676;0.46581256010586414;10.104772741170992;0.38486869109802846;0.4658157859503873;0.05287375391461824;-0.4882864997041114
4510365;474;171;303;19.008399468350227;2.4326237132478443;0.3751916870984695;14.735791690742875;16.282398945254684;1.4098047121868302;0.3551280767724495;14.970517334020538;0.22460522278101025;0.3790400825250573;-0.02006361032602;0.2347256432776632
4610233;483;171;312;9.863395324774324;1.7112588679201346;0.2661131329530969;13.681278110454736;8.251431552034889;0.975348163497565;0.23946925753991288;13.927414473817935;0.1411931413199018;0.2661920445868413;-0.026643875413184026;0.246136363363199
4610310;416;155;261;17.554613070591138;2.379015252089338;0.7287283525770718;6.641167463082852;14.642890717600935;1.4012048351109414;0.7368926846295729;6.540465975190266;0.5239877568238193;0.7567346679428956;0.008164332052501111;-0.1007014878925867
4610411;498;182;316;24.166555957805965;4.723682332178342;0.8355585263936567;9.718832680399728;19.379997626009377;2.6666399050122456;0.757943201464784;11.791446038803121;0.4459603092805733;0.8374884684467757;-0.07761532492887269;2.072613358403393
4612011;854;340;514;13.205809410949051;1.777444469879831;0.7836181021203469;4.27183485379415;11.21919719857481;1.037447803384465;0.793208648806873;4.176093151786707;0.5762507294886801;0.8133330043725101;0.009590546686526147;-0.09574170200744359
4614611;288;97;191;13.439188353760786;1.6957253474370968;0.3995785523088823;9.223470364070195;10.68888159149045;1.0304626868254096;0.41962357252121185;9.068201054017674;0.29178645582686125;0.42725000548885717;0.020045020212329567;-0.1552693100525211
4646467;448;166;282;21.159213831576142;1.0829016574352521;0.3736603824151299;6.725551683227787;19.981301183046803;0.6268807421216822;0.3464402081234036;6.87014077036421;0.20847946052404887;0.37567798222614035;-0.027220174291726296;0.14458908713642327
4657676;523;194;329;75.998392792015;1.4611926670126185;0.0573824359979026;27.334765743017254;74.4509931611429;0.8257618353821449;0.05212920781977237;27.410828537248577;0.030211816584746254;0.05757855478469143;-0.0052532281781302315;0.07606279423132278
4675102;499;183;316;22.270519120258413;2.538526958236269;0.6649731622158876;8.355373313704186;18.588560407977447;1.552788185744559;0.7090250278459107;7.7867077888808165;0.531246819665739;0.715185113404952;0.04405186563002306;-0.5686655248233699
4675977;431;166;265;20.640101331200007;2.6586261885974083;0.6739808932874078;8.441810343729083;16.572648843421092;1.6501042154202366;0.7566060595754838;7.29405351389676;0.6061936364515152;0.757236557722643;0.08262516628807592;-1.147756829832323
4676816;447;160;287;14.696337570241777;4.372476545461286;0.7354985236665488;13.179896914150037;8.497362536986955;2.696728706168778;0.7322532605791525;13.260504847465203;0.47667517404441695;0.7573640310580771;-0.003245263087396255;0.08060793331516614
4679573;370;170;200;10.493968873158451;0.5218812793633759;0.031396129152394536;12.273884382383061;10.15002581740271;0.2703962026968595;0.02724170134166537;12.30017810725127;0.01611959172737365;0.03139637381916516;-0.0041544278107291666;0.026293724868208912
4682731;455;166;289;21.18502858435383;2.121058769331806;0.6301663535249009;7.439630478892712;18.03383866953421;1.3101848058166914;0.7000751751455968;6.699684664617159;0.5679162678114748;0.7006512328481624;0.0699088216206959;-0.7399458142755533
4685312;541;210;331;13.918203491756302;1.5090600889358163;0.7304609700067555;4.190729417457297;11.775004415785144;0.9164215877206372;0.7817008037493538;3.771419640889647;0.5835011338179072;0.788919566952887;0.05123983374259833;-0.41930977656765034
4698365;468;166;302;10.571086002974699;3.7485162011082185;0.6357884575226681;13.439119280095621;4.778721023113761;2.3342613273579476;0.6834335618522052;12.529287964163279;0.5135885453342979;0.6877400712052608;0.04764510432953706;-0.9098313159323421
4710670;1154;468;686;17.126153966917848;5.040642375486787;0.7934435695791613;11.964362120296876;12.738790931853814;2.826537177531486;0.7332770279403731;13.595663285648678;0.4674602444703776;0.7963302652642787;-0.06016654163878821;1.6313011653518021
4788699;661;330;331;17.379796941594776;3.3249805202734724;0.6629149588227956;10.450316684872941;15.153264944923354;1.7929252741425672;0.6078949602117383;11.2709603895099;0.3950536795890862;0.6651085191558879;-0.05501999861105733;0.820643704636959
4828868;426;166;260;12.630625943418638;2.2172708430202106;0.7493187546206563;5.882721754309532;9.567773698687692;1.3432382973013735;0.7998450588845532;5.256546896541388;0.6014420318841296;0.8071064156654375;0.050526304263896815;-0.6261748577681443
4911611;370;170;200;8.926247442028055;1.8470501028906479;0.7819467926374069;4.129966961525257;7.321134269979159;1.0079784268834715;0.7527013677813325;4.398212363721343;0.5146839214974299;0.796893135291107;-0.029245424856074398;0.2682454021960856
5011111;1150;390;760;28.2483593215034;4.356642254341802;0.8512657876428968;10.330571370081316;21.76610765633472;2.8341963584963046;0.8600677707049931;10.020232070380011;0.5841888244860116;0.8769753269546128;0.00880198306209623;-0.3103392997013046
5101791;381;165;216;25.651102409899153;3.7427948797343444;0.7397723563166047;9.71257648624311;21.6082391057665;2.139397094318248;0.7489476476589199;9.53981350600279;0.5359715920334851;0.7711416017315469;0.009175291342315206;-0.17276298024031966
5102111;711;339;372;17.287707107252004;2.731648974230319;0.7399960839510726;6.995374249092572;14.502067951887756;1.5581863829272637;0.7600877241845375;6.719659155145745;0.55462598423814;0.7785360946416748;0.02009164023346488;-0.27571509394682714
5109103;1560;640;920;12.664492922450986;3.487940184217313;0.7478333452367019;9.206086194116258;9.336212695537988;1.9745196769597424;0.7205200221553104;9.69184719465072;0.49165159626012656;0.7592210764675349;-0.02731332308139145;0.4857610005344615
5122717;677;336;341;28.203598824031253;2.5723068735655183;0.6650689745354024;7.9830361492554385;25.962196727862104;1.4451857737146014;0.6625531678633787;8.012962015570505;0.47526413579983817;0.6863849510738248;-0.0025158066720236683;0.02992586631506633
5411784;784;348;436;5.41475386139355;1.8357784390023693;0.4644611559982943;9.182187384287225;4.486776670941854;0.9646360307712577;0.383701771572289;9.850224359946852;0.208836037314038;0.4695045649741809;-0.08075938442600528;0.6680369756596267
5586109;470;166;304;10.201338864725622;2.6299562273318804;0.7441515944119741;7.2944318506102555;6.518597123315683;1.5943130953912958;0.756742814027918;7.112674804831196;0.5227271529899506;0.775689646924839;0.012591219615943894;-0.18175704577905982
5610182;373;154;219;27.568977736722406;1.0473751620834102;0.2733538671240734;7.45729498456045;26.76022666037966;0.5592881840271604;0.2419379388375862;7.61679417961768;0.1452475535583737;0.2734573395459926;-0.031415928286487205;0.1594991950572302
5657284;1523;640;883;41.613190075821805;3.9297012522993384;0.7629502267987074;9.928206924299811;37.71567924512222;2.243337808216739;0.7513714674447487;10.167789145498245;0.528559148054438;0.7815281494230035;-0.01157875935395869;0.2395822211984342
5661171;561;252;309;34.600236780457806;4.262729788529523;0.493418113610949;19.756602668437406;30.066196656488543;2.496682629369026;0.5102988350267172;19.42464121464316;0.3823068079828502;0.5189764676649882;0.01688072141576824;-0.33196145379424635
5707486;1131;478;653;18.935246172684753;2.866234068580331;0.4301375562678895;14.775735809591797;16.103712660566284;1.6249205943843854;0.42134894687364033;14.889238038878247;0.2927154452733277;0.4400870557464671;-0.008788609394249192;0.11350222928644982
5769106;582;251;331;18.060247485292436;1.4792063644838518;0.5752651078982164;5.7478414922477015;16.189707178161168;0.8882887111672478;0.623865043567404;5.409008471183988;0.4867574828275262;0.627218509582181;0.04859993566918763;-0.3388330210637136
5831058;1118;465;653;9.889568202035957;3.7749910088679304;0.879119497302915;6.279783842603355;6.912229349795069;2.0463428880464916;0.7832580048075393;8.408878934205328;0.47136579513253196;0.8795678739462434;-0.09586149249537579;2.1290950916019726
5845834;557;263;294;21.362582017211516;1.6320578722361818;0.277293430986407;11.534995739502442;19.340381405871256;0.9841078795174063;0.3155679308862661;11.225394496550292;0.2623440942393197;0.31563772881657215;0.038274499899859094;-0.30960124295214975
5849911;640;309;331;19.7833915617004;5.6733737330326175;0.7909428270879486;12.94909030974205;14.092268745033465;3.2955711876410616;0.8327666293279001;11.581590224403165;0.6440353807106445;0.8424817242800101;0.041823802239951524;-1.367500085338886
5858421;1387;593;794;11.709275604506939;1.486454021727414;0.5397674730371708;6.533256051275606;10.383483528924241;0.8464785275053707;0.506707658383901;6.763838218244366;0.32831952058323033;0.5433526598248024;-0.03305981465326979;0.23058216696876066
6110784;664;333;331;13.516958377158698;3.6728396760253466;0.6354906658460018;12.247452115326476;9.046780881689106;2.260988822174765;0.7605835282223851;9.92586665085947;0.6864527915187675;0.7641057653745678;0.12509286237638328;-2.321585464467006
6118658;442;171;271;13.277486819130301;3.230014518224362;0.8776462091310927;5.571403027301702;10.677693777387358;1.7597330881258244;0.7557654400914912;7.8715348035573935;0.41592270029768086;0.8781508191301052;-0.12188076903960154;2.300131776255691
6121113;562;227;335;17.80413849253884;2.1380733259440463;0.4097114385423479;11.716932870671585;16.046226066375517;1.1568866162962;0.35110275904290045;12.284846144436354;0.18886760226664645;0.409819956690867;-0.05860867949944748;0.5679132737647699
6283122;1025;466;559;42.09105168243227;2.1323838863919993;0.3263851209962887;13.559184289785845;41.07257497254207;1.0810792082257519;0.2614136120510535;14.198039414996277;0.1354663786274567;0.33095229731748776;-0.06497150894523518;0.6388551252104318
6510689;556;225;331;11.925486384304463;2.0114292875433324;0.6840571663407158;6.226300224034407;9.617555245175799;1.1667076820646403;0.6774333346621034;6.291229753357813;0.4604974735255164;0.7045774837680374;-0.0066238316786123574;0.06492952932340579
6511010;385;166;219;24.695843041391473;2.3434513504465024;0.64333557421415;7.61049218620715;21.939971218386336;1.361833186857885;0.6727287179200088;7.290155569725438;0.4982837628221026;0.6843092181870041;0.02939314370585877;-0.3203366164817121
6511379;665;333;332;10.291291116159536;2.513234469933895;0.8255994849536102;5.084041773908117;9.0017811988793;1.2997887684458433;0.6968863394502092;6.702517914432586;0.39941726948750966;0.8279171707094606;-0.12871314550340107;1.6184761405244688
6512274;377;163;214;6.807184114834088;2.188977894170731;0.5298849750855759;9.691151380575885;3.918979313642806;1.3494604246161412;0.587910013434827;9.073385071890751;0.47668254089945994;0.5884549778090495;0.0580250383492511;-0.6177663086851339
6531091;1213;453;760;22.066320446627017;3.3533768815436513;0.7083174060903112;10.561158791221736;17.709954818011198;2.0447916218396127;0.7213246698132586;10.322991694191632;0.5115421390396696;0.7367528287451386;0.01300726372294736;-0.23816709703010375
6569121;719;277;442;16.709917222532255;1.952313119348777;0.777467829209713;5.500678258214553;14.474030603959607;1.1865921187682038;0.7442361152777885;5.89711301467127;0.47032045684302926;0.7853215005566916;-0.03323171393192448;0.396434756456717
6577811;698;339;359;30.70141936378388;0.27381686030001634;0.015505535427346562;9.491385910608553;30.64792002203511;0.12673141052047873;0.010466774931975897;9.515643935869758;0.003858216314006624;0.016911707586028002;-0.005038760495370664;0.024258025261204352
6584119;394;170;224;23.18033150402101;5.624515122737317;0.7039047359757764;16.040405235498426;18.551258179935488;3.0550919918864152;0.6437239686859725;17.59514735532759;0.40514850347155307;0.7067114314477398;-0.06018076728980393;1.5547421198291644
6591818;1536;628;908;25.262769064048896;2.406415120986245;0.5034662764348917;10.878930575621359;22.76465423891444;1.3843811003036501;0.49937316185695335;10.92367810915883;0.35368114290080377;0.517306728518784;-0.004093114577938373;0.044747533537471185
6611384;499;183;316;26.037737941331855;5.297762154089185;0.48359363190757343;25.386001605084857;18.931430340051175;3.1785350816947484;0.4960737533952767;25.07737059410642;0.3524194150301717;0.5067519091189785;0.012480121487703277;-0.3086310109784378
6667870;860;335;525;17.21982964226517;4.804943366446932;0.8566899680901093;8.992557471423364;12.07308944270434;2.76618322588172;0.8369693442431754;9.591346117812053;0.5726566989721298;0.8748156693900662;-0.01972062384693396;0.5987886463886891
6681117;478;171;307;16.498922592652978;3.327434940205805;0.8528595978347964;6.4621965359141935;12.813323500515128;1.918011081337762;0.7987332430930357;7.557883915590712;0.49487791922085256;0.8594866609118236;-0.05412635474176064;1.0956873796765185
6683113;322;170;152;12.987980760893507;3.2402058954246704;0.8766067015858642;5.169184976709945;10.55412334924145;1.7789469326607694;0.859257465305596;5.520634190882417;0.6129208497534979;0.8980383523456122;-0.017349236280268188;0.35144921417247144
6687105;489;174;315;27.650861889605324;6.136115247553609;0.9020628886828833;9.389665829445157;20.96968477561761;3.506714363291973;0.831886075101097;12.302073998708707;0.49947744251800796;0.9065550352248336;-0.07017681358178629;2.91240816926355
6687651;683;336;347;25.9538210117655;1.4132429802359394;0.16751301878065417;13.725503724896303;25.091696636027127;0.7379819216759903;0.14413320708130606;13.916904751192153;0.08339232710787514;0.1675430239477096;-0.023379811699348108;0.19140102629584987
6690866;424;166;258;19.613135797352097;1.3999853574520718;0.24976669258720163;11.145184270357957;18.72415524395676;0.7321791394318056;0.1989330910185243;11.516578672783412;0.09451565757345226;0.2532506083429592;-0.050833601568677333;0.3713944024254552
6697809;830;338;492;16.797619986402015;4.41613426771032;0.8460356020432368;8.726975331443382;12.546711271068755;2.514771073351555;0.8080905296940786;9.743204042486179;0.5391113791290043;0.8562656888186845;-0.037945072349158226;1.016228711042796
6736812;540;210;330;20.006136571482646;2.138597965169517;0.641511492210927;7.315062662315686;16.68866390079082;1.3314310574253985;0.7214868317454362;6.447677378836011;0.5743527163453119;0.7221452229532508;0.0799753395345092;-0.8673852834796749
6769114;1303;530;773;30.916497271160623;1.4302678028335554;0.275856543758088;10.600519666216453;29.58808207580447;0.8018273674884894;0.25696325550169574;10.73791585228971;0.1636042896665021;0.2776592924020196;-0.01889328825639225;0.1373961860732571
6771838;661;330;331;11.652279791079954;2.224568026842841;0.8463251591810358;4.178091691337428;10.327261711484923;1.1768142686781438;0.7469409615756528;5.361514778680913;0.4590112443497918;0.8463491377379797;-0.09938419760538297;1.1834230873434848
6773102;1438;645;793;25.716818006397446;2.846636177628166;0.6825535159169336;8.683153475533842;22.61475128679973;1.6674187593593954;0.7225616628906191;8.117558983941462;0.5621437787852983;0.7295785585740083;0.04000814697368549;-0.5655944915923801
6808461;1177;472;705;10.825607795809944;1.3818111254733745;0.5614790680408235;5.653731776951739;9.034320557252844;0.8349487831509128;0.5999826353294778;5.3998221860883415;0.4623047072039329;0.6042847618328657;0.03850356728865434;-0.2539095908633975
6810697;545;210;335;72.95092769591216;3.3539978220980737;0.17154440732126797;33.795200575327385;66.1523786356514;2.2607867889289897;0.22443752765231673;32.698573338220335;0.21066011924656836;0.22977000065965303;0.05289312033104876;-1.0966272371070502
6810810;709;336;373;13.884626245573276;1.8774097791661324;0.5350111471449097;7.563538294337167;11.625006084203314;1.1157089160018285;0.5957662551627521;7.052125325968646;0.47807376313180294;0.5973023878882924;0.06075510801784234;-0.5114129683685213
6810910;1238;391;847;15.567906614795906;3.1360393368134742;0.77175670660842;9.658442788362892;11.625466233866419;1.963172132508049;0.7092236693483713;10.901534283250513;0.3920180689311318;0.7721824091647125;-0.06253303726004866;1.2430914948876204
6816582;637;302;335;8.551811147024688;2.4260770028813923;0.873742674148166;4.115585500006846;6.3351832471460074;1.372925962159219;0.8642482231466424;4.267525221347805;0.6099290433465827;0.8982540245520532;-0.009494451001523574;0.151939721340959
6868115;535;204;331;9.984714229404158;2.2942706323586424;0.7154220195306309;6.591208120853702;7.223823905054083;1.3382474317356516;0.7097217078542315;6.656894252094584;0.4827567164081594;0.7371562373020975;-0.005700311676399394;0.06568613124088163
6870806;1206;453;753;8.00970125787155;1.7127281496467546;0.7311629362256726;5.091451452069495;5.61609817240663;1.0619692462988712;0.7710780296030113;4.698300310838196;0.5750308535892863;0.7781604820039764;0.03991509337733867;-0.39315114123129913
6873269;376;159;217;17.371077827911524;2.366630703526992;0.744712260483986;6.216863825750943;14.209203307514112;1.4241701527719046;0.80724416488094;5.402069194676634;0.6162448616231152;0.8128506476031822;0.062531904396954;-0.8147946310743093
6885841;1288;601;687;12.660487600398541;1.7292352457853342;0.7781732888483264;4.1441954017946845;11.194649347485344;0.9714796668021923;0.7615918683762796;4.296292452141613;0.5420319166391305;0.7944418255757463;-0.016581420472046804;0.15209705034692877
6891687;415;170;245;19.37602263661826;2.7255753442328667;0.7559180507419101;7.127165735877124;16.701183894132807;1.5500655139527133;0.7222477279541468;7.602874762328154;0.4783008512497158;0.7658355398129567;-0.033670322787763274;0.47570902645102997
6901131;504;187;317;21.566636794757557;3.313443701673295;0.727306113390921;9.394706237083618;16.544978651920353;2.05237017604979;0.7984478458335145;8.07679808453295;0.6228621312409017;0.8007416193774748;0.07114173244259347;-1.3179081525506682
6910490;517;197;320;27.162103163343673;2.964590686836288;0.7369176293221253;8.17116527887693;23.144061664398503;1.7880026315026918;0.7738235433073802;7.576381235551504;0.5705631950192587;0.7840730069142738;0.03690591398525489;-0.5947840433254266
6911148;658;328;330;1.3678502537031019;2.000865081743647;0.754448785538633;5.038339035887999;0.004643750102147237;1.0822799523010191;0.6950945151153157;5.6143432827827136;0.4543885790225155;0.7575340568964398;-0.05935427042331731;0.5760042468947146
6946989;362;164;198;8.793887179823933;2.4011477077132777;0.5436552678298716;9.406243971203986;6.160635663990835;1.375662375116561;0.5668701493534931;9.163866969068206;0.42139100539987995;0.5775257281182662;0.0232148815236215;-0.24237700213578073
6970105;887;351;536;19.350629591725625;5.398219223629651;0.6996447222723411;16.00453488779399;13.706050665784755;3.086333790240536;0.6833721629051581;16.432361133356302;0.46972827841497367;0.7146068141145463;-0.01627255936718297;0.4278262455623114
6970113;661;330;331;29.25463457802107;2.2984064175828314;0.6552748944242794;7.347693522013398;27.241546187107065;1.3048265984938503;0.6660395761179297;7.232060963534761;0.4970493699265912;0.6822732650491723;0.010764681693650302;-0.11563255847863729
6975801;622;291;331;18.35679050378289;2.392531082917005;0.600315742182965;8.719076472849213;16.123667935547278;1.3590680551804293;0.5983302398271136;8.740706421970241;0.42793638392865063;0.6191487458882359;-0.0019855023558513762;0.02162994912102789
6981151;1059;478;581;26.52525989198922;8.97188170854422;0.7538388007880419;22.05045571276547;18.045571287572265;5.032710926028339;0.7603646089627591;21.756210340413887;0.5605031766784244;0.7825559534413523;0.0065258081747172625;-0.29424537235158255
6988111;1299;538;761;29.211287436029764;3.2111906150495213;0.33892709849673475;20.572139416292803;26.395128173083233;1.794041571167406;0.31531928739247017;20.936246757728846;0.20324648819749247;0.3407837897507001;-0.023607811104264576;0.36410734143604273
6988311;344;166;178;32.269312001994706;4.620159896320303;0.7725465035480998;11.360801687534375;28.12307483663791;2.6128047007326867;0.747953470842389;11.959224840225403;0.5032819482699245;0.7877614102448603;-0.024593032705710893;0.5984231526910282
7011879;1160;389;771;17.233122794967326;4.74187580288435;0.9174534657168617;8.109351244771474;11.491658643488769;2.970099539593542;0.8549409998110292;10.75001399126302;0.497365546586489;0.9190498480672213;-0.06251246590583248;2.640662746491545
7011912;551;220;331;30.769020323733855;4.348642860496178;0.3288903948332189;28.329855440861497;26.112747356249088;2.478789417455266;0.3131066324327346;28.661062924846366;0.20012682020582095;0.3336161246771926;-0.01578376240048429;0.3312074839848691
7046666;485;172;313;27.04069721384115;1.333611297776165;0.12627421166416286;16.314182521962675;26.153899438430763;0.7038585277506069;0.09925301139555387;16.564531196846588;0.04463247541890569;0.12875918503148254;-0.02702120026860899;0.250348674883913
7048688;981;338;643;9.394875579730222;1.705947189878036;0.43432640063706685;9.060143187454484;6.739443401835818;1.0563535591311122;0.4658647091689768;8.803953556557952;0.34890242688682704;0.46920058903624173;0.031538308531909975;-0.25618963089653235
7069107;659;328;331;31.65361992386717;2.791933494062229;0.6570488812073967;8.89661091762088;28.900441563781403;1.6263682350305346;0.702475201914944;8.286479689578005;0.5574819784742191;0.7075605791335742;0.04542632070754726;-0.6101312280428743
7069411;997;454;543;16.453417249758424;3.700996699191059;0.7864074143568804;8.607209196935251;13.216099730556138;2.079612878087216;0.7725136121441549;8.882740593437108;0.5523360056351998;0.8042879212141398;-0.013893802212725515;0.2755313965018562
7085118;426;171;255;23.195411101694564;1.8946962349660486;0.5554463939204226;7.581475266595736;20.776518738523365;1.1259447244263974;0.5904695114982408;7.276705077661563;0.4496742417302724;0.596388494503088;0.035023117577818175;-0.30477018893417274
7086681;1396;615;781;16.744101254255554;3.159331194915877;0.7969393542103389;7.211755615571158;14.523992443979965;1.6995941152933767;0.7018848573867201;8.738162926741248;0.41944514297129243;0.7969424367109541;-0.09505449682361877;1.5264073111700904
7099511;291;154;137;15.598223250612461;2.2075167538903755;0.7567486844738904;5.540850740469229;14.03864345377574;1.2307473331913954;0.7465987110672831;5.655268931555815;0.5508932318542004;0.7739744287047199;-0.010149973406607282;0.11441819108658624
7101116;613;311;302;16.100306155711415;1.537868211881299;0.5318902456364317;5.9571353552965265;14.501025172638478;0.893451924361868;0.6029021057060284;5.486715160373122;0.512779991696392;0.6030773477813185;0.0710118600695967;-0.47042019492340437
7104988;498;182;316;19.440372476406804;3.240690633735913;0.859315739841935;6.081351770314493;15.514912017680949;1.8982237343440547;0.8391987406482417;6.5016276372209;0.5544853216720567;0.8784803566682404;-0.020116999193693252;0.4202758669064073
7110973;495;180;315;7.564307725200127;2.59427961611173;0.7234671615539487;7.442383246115727;4.5495987771726565;1.506528002556728;0.693912902581364;7.829989615702006;0.44668008302267337;0.734517541956609;-0.02955425897258479;0.3876063695862788
7111010;569;247;322;21.829048805818587;2.958088764249287;0.75747978792627;7.5915242317203155;18.429892827536236;1.7425878100169279;0.7916185530101628;7.036951173605072;0.5937987334443257;0.8031442797574712;0.0341387650838928;-0.5545730581152437
7111111;758;339;419;14.551978018080515;2.8875267533507167;0.6297616007942448;9.631309534855623;11.589660247988116;1.6425450765779317;0.6403657795474058;9.492380001448561;0.46719877957143574;0.6575331254402269;0.010604178753160998;-0.1389295334070617
7111711;585;263;322;23.204705018821716;2.4644534210795364;0.5688275118336586;9.68428363354276;20.29131403829248;1.4716661545416923;0.617870256935392;9.116904398365252;0.4907621081306588;0.6205429460138797;0.04904274510173334;-0.5673792351775084
7115691;678;336;342;16.698206088823948;4.309779798681267;0.5986728160370991;15.422225184939427;12.306271915571113;2.5069431838033527;0.6392262462154623;14.622284139335441;0.4990737971544893;0.6449518843561695;0.040553430178363215;-0.799941045603985
7146661;421;166;255;12.505253241573378;2.580898744470469;0.7966913762711219;5.806342024172478;9.964798672261116;1.454006552575306;0.7692827399058049;6.185356803251691;0.5269512555623443;0.8099653723429461;-0.027408636365316985;0.37901477907921244
7179878;549;218;331;22.47765151958282;1.318130973430838;0.4797546972326231;6.263089291949333;21.307825073773262;0.723057232631668;0.42218271581802025;6.600544812434431;0.23800039337848278;0.4798788403269876;-0.057571981414602846;0.33745552048509797
7190105;534;203;331;34.78044229539475;3.296459441762857;0.39831574984845697;18.551497454884807;30.81704053095148;1.9148855941953993;0.3872127699942207;18.721881953466507;0.25119405255288296;0.40727469382244563;-0.01110297985423625;0.17038449858170068
7210073;499;183;316;18.196984077988134;1.9740421085057438;0.6209751757522091;7.151538140309289;15.77664659699194;1.1599362778913493;0.610978950933559;7.245230087557372;0.40865784348892664;0.6368068638204355;-0.009996224818650035;0.09369194724808327
7211010;579;248;331;21.25646961409022;2.2710320470661562;0.4784706486403605;10.731597273079945;18.98386385334747;1.289502278217724;0.4628401438692621;10.891225829289855;0.30967626491080724;0.4876844093596574;-0.015630504771098397;0.1596285562099098
7211189;1132;479;653;28.111421574025442;2.7845640832387097;0.5780243163689897;10.654366326726775;25.733337169445598;1.5344102248754667;0.5351530900996906;11.182499473260714;0.3432552983222973;0.5811569960503637;-0.04287122626929907;0.5281331465339392
7211375;469;166;303;17.213197610672577;1.6933103724065073;0.7157337992618553;5.052391117790293;14.813928056788685;1.0303615214178423;0.7335383349084492;4.89160881685113;0.5133347570204623;0.7493491411667208;0.0178045356465939;-0.16078230093916357
7211510;861;342;519;14.33331613546024;4.178250372072987;0.5873178902055415;15.901544353119684;9.982780236412637;2.3953357563703523;0.5768717480603855;16.1015429837603;0.40197692748800473;0.6009037889724943;-0.010446142145155934;0.19999863064061607
7212284;726;339;387;25.70741528233355;3.294887642978965;0.755876522303037;8.120383467302636;22.04427996802002;1.9148209988831952;0.8023900549844619;7.305941037506967;0.6097524931431616;0.8123181178159953;0.046513532681424885;-0.8144424297956689
7268767;1239;479;760;16.48449161572011;3.0791944749520543;0.39868426731848927;17.284203401966185;13.306997363377876;1.7493915882720388;0.37710618019051656;17.591590061583005;0.24259883803312765;0.4030175714338857;-0.02157808712797271;0.3073866596168209
7286748;437;166;271;9.187457767563359;0.44920109377950557;0.058475187161438735;8.225693322140502;8.516261085271505;0.2760998904559122;0.06410157324623644;8.201078848448871;0.049585157421448645;0.06434806918287661;0.005626386084797708;-0.02461447369163139
7296899;486;167;319;30.299604056374115;3.425572938544375;0.744016911329672;9.371047842579062;24.545092941629687;2.1562904870302444;0.8173405823619346;7.9159592887636725;0.6225869530228807;0.8200257049105909;0.07332367103226267;-1.455088553815389
7311879;663;332;331;17.013790270914672;1.5075271301033657;0.7337048701336235;4.000203553915725;15.85932920501725;0.833404557858136;0.7078512671024783;4.1898886649283025;0.4939334021269861;0.7457612576029211;-0.025853603031145256;0.18968511101257768
7368811;499;183;316;34.102932335290134;5.09482323744089;0.8248240628695671;10.88759665030653;27.397254172474096;3.042985559222895;0.8384929863635884;10.454192480527286;0.5880969430413834;0.8597923423808592;0.013668923494021268;-0.43340416977924434
7374981;1159;390;769;9.877054533047708;3.224658419462149;0.7718150640055366;10.034400795019707;6.128953807672563;2.0066768255529546;0.7077503542185881;11.355988791922925;0.39676555355260335;0.7720250082167833;-0.06406470978694845;1.3215879969032187
7390756;512;195;317;36.11796571607533;1.7137134330425106;0.12625414927061496;20.84975441638297;33.982961826258624;1.014976569665063;0.1277647939843859;20.831722744539793;0.08985357389159865;0.13124752671157014;0.0015106447137709367;-0.018031671843178998
7410610;365;166;199;20.171001370504477;2.9368173953690384;0.6851278585778036;8.391254532681995;17.060269400772228;1.6606364629510668;0.7053301343544784;8.11759983320802;0.5164816613215282;0.7225670634610819;0.020202275776674883;-0.27365469947397436
7410986;499;183;316;19.529994639321465;4.728106761929991;0.6848728957607657;14.872072811123275;10.709508747095178;3.1029143794236926;0.8405655471545033;10.578393340116108;0.7502141113500764;0.8478339609810674;0.15569265139373756;-4.293679471007167
7411010;1553;640;913;14.10517652541413;2.5695073575145453;0.8139083860720734;5.5927402379545725;11.919015077969922;1.425221367860427;0.7523252336006603;6.452115427183664;0.48311212468813347;0.817301192586906;-0.061583152471413105;0.8593751892290911
7411491;1132;478;654;13.006486984642768;2.065031064759701;0.7233088369418925;5.71552061088554;11.300183595908994;1.1306018769004145;0.6613481634582364;6.323170149396478;0.41648693992588415;0.7256269031015776;-0.06196067348365608;0.6076495385109375
7411610;678;336;342;15.877157351262232;2.0650694723024956;0.3864560995213684;11.372209306969912;14.445958030813472;1.1078582935418928;0.350982528933945;11.696346262075565;0.22153997071313447;0.38755605984385966;-0.0354735705874234;0.32413695510565255
7411611;777;334;443;26.874716741868994;3.5438203043321566;0.6672577129041506;11.268526750393658;23.20348574032925;2.025203016850464;0.6574180890080257;11.433925419928928;0.45219458779372057;0.6853377421662117;-0.009839623896124916;0.1653986695352696
7412010;783;277;506;22.264074926300317;2.0002910137367076;0.624637167906587;8.650620016621785;20.127734067507546;1.2203348806509504;0.5679821393443041;9.280523038580737;0.31962234255678457;0.6246796755840327;-0.05665502856228288;0.6299030219589525
7437311;530;195;335;32.236178058924054;2.528371397712903;0.5776102659615825;9.94661874629724;28.827031781411744;1.500195778287668;0.5761399572321382;9.96391544469772;0.3809803838012743;0.5978807934957242;-0.001470308729444314;0.017296698400480537
7474976;1075;556;519;20.907734420369138;3.5272802258885294;0.7093196117970175;8.946930056980028;18.470803879455357;1.8446423730846746;0.6763305832094206;9.440978510994114;0.47226801173468214;0.7210586212262237;-0.03298902858759689;0.49404845401408615
7482109;418;166;252;13.505122772088264;2.6813364583069403;0.8568609478579531;5.0634626730189;10.787450655937565;1.5250469656037948;0.8070545490142549;5.878761159653785;0.5137221922592587;0.8651404509760995;-0.049806398843698196;0.8152984866348856
7510211;738;339;399;12.76445065022613;3.0368812490700194;0.5897075502496336;11.033402982647937;9.17629727548684;1.792116887059865;0.643479688308277;10.28501328029198;0.507478552970666;0.6468435979801239;0.05377213805864334;-0.7483897023559578
7511311;414;170;244;11.640184782480624;1.7851094737856923;0.7866596472597712;4.279969277277721;9.581359749560084;1.0508189380814839;0.8049854484278838;4.092019140696043;0.5868986095429827;0.8222802341996523;0.018325801168112554;-0.18795013658167825
7511880;379;166;213;24.230278917433914;3.3187928271250358;0.599470866714444;11.543881839902967;20.16205439446018;1.9391951410512243;0.6497245461190242;10.795423137423933;0.503597945458182;0.6548398496054217;0.05025367940458014;-0.7484587024790343
7511977;371;166;205;25.33856202880884;1.8861111582546928;0.4046231570835729;9.762456825819086;22.069141446842593;1.2319274744228588;0.548430446409861;8.502085794363238;0.5382085936414318;0.5672347921529699;0.14380728932628817;-1.2603710314558487
7567787;558;223;335;18.3693557502261;0.6405490549098957;0.04188511203497547;14.001734956173186;17.61575509112462;0.37235986109404934;0.04127696710850903;14.006177916727612;0.02754230984256001;0.043073399283650615;-0.0006081449264664363;0.0044429605544262785
7569701;673;331;342;35.33917658465853;2.6567899793314047;0.5499335213063121;10.584165580610259;32.48118850516865;1.5644404284649247;0.5960389633338414;10.02739286696401;0.4711199647038179;0.5994232678625575;0.04610544202752931;-0.5567727136462484
7571827;1214;453;761;11.730206027354539;2.4098070618119887;0.7865991125746624;6.157800214836954;8.96236773389901;1.4310518260643403;0.759877993427848;6.5319592367825035;0.49675521714211157;0.7983596854649692;-0.02672111914681441;0.37415902194554906
7574841;682;336;346;19.71922132967816;2.4454990566556423;0.7673336394858224;5.870869950518118;17.850383702873522;1.3303471294311697;0.7163480757348161;6.482291085112274;0.46754622097947285;0.7739712521962527;-0.05098556375100638;0.6114211345941554
7584888;421;166;255;42.586480000914065;4.400327051045342;0.5989279594750513;16.583623958343555;36.92225620889752;2.6325404702169126;0.6246472201696993;16.0430916995446;0.4591668881037966;0.6342489588889328;0.025719260694648027;-0.5405322587989545
7610179;1135;390;745;16.930958844396326;3.0275910099243566;0.8437449767867047;7.2443353009469025;13.06960740797448;1.901809875531187;0.8105033732791753;7.977784322123615;0.5061464727810621;0.851230688589142;-0.03324160350752936;0.7334490211767122
7610646;590;255;335;15.142167942656606;2.281908273101192;0.616881814975538;8.145938962758395;12.695722681916985;1.315200779263255;0.6137980673117431;8.178656901241727;0.42519874277179115;0.6366599612876884;-0.0030837476637948225;0.03271793848333182
7611412;434;171;263;20.078793970371137;3.2326953878398537;0.7697973474638702;8.300927957665746;15.68375233475053;1.9735896548398697;0.8227909276275638;7.2830695794728255;0.6260224980272511;0.8288584889234879;0.0529935801636936;-1.01785837819292
7612088;593;264;329;13.637150912640463;1.5406056590963295;0.6345081138447934;5.309238903258328;11.990429852433653;0.8958120809360256;0.6467558037253629;5.219524200437249;0.46922184193523764;0.6624752489925909;0.012247689880569457;-0.0897147028210794
7646451;341;165;176;8.37095735082855;1.7594203219103102;0.6797185778916524;4.866056881466593;7.480105009312995;0.8757058742254473;0.5818013559837241;5.560356247204755;0.35759967910151425;0.680089694630329;-0.09791722190792829;0.6942993657381615
7679818;821;336;485;2.407492692142961;3.4091556034603747;0.7301827925151076;9.258866693392886;-0.6660181689899218;1.8815654023298607;0.6727566389061357;10.196671591258875;0.4220654960736795;0.7339583885030815;-0.057426153608971964;0.9378048978659894
7686412;668;335;333;17.765389451575555;2.914560447816553;0.7601536994768314;7.197576062848368;15.247181096169783;1.6481202031773903;0.7673429393728152;7.088883996183991;0.5660753826562952;0.7887835157755189;0.007189239895983746;-0.1086920666643767
7687011;517;197;320;7.0915831783259495;3.2778349826899316;0.7629400694578381;8.428568194891623;3.209094938651905;1.915114085791695;0.7518335796105102;8.623751565405941;0.5071142272900013;0.783104727109106;-0.011106489847327872;0.195183370514318
7699120;663;319;344;51.04251566624707;2.424412052043718;0.1824047155073859;23.067041209052228;49.267585361206784;1.3275375407288739;0.16895308761285865;23.256024304495593;0.11027410435704954;0.18329597281851062;-0.013451627894527252;0.18898309544336556
7710311;437;154;283;5.675493732865711;4.228848997090144;0.7656579771174442;11.11864492048799;1.0826098157451192;2.44911757268881;0.7144943663570931;12.272530353308746;0.44244985151985106;0.7701318655097874;-0.05116361076035114;1.153885432820756
7710486;654;323;331;22.480113825343825;2.2774660080785583;0.5299291931745245;9.477207804685733;20.312140132829803;1.313691015763947;0.5541659667323203;9.229652967129034;0.42734549409632794;0.5616739033771976;0.024236773557795854;-0.24755483755669871
7710511;1237;490;747;31.542655623330862;6.953136680419124;0.8120107521052606;14.988792739434745;23.819590480221883;4.011763172122364;0.8147755566353406;14.878162518588232;0.5815646424989627;0.840123163691223;0.0027648045300799895;-0.11063022084651308
7710710;370;166;204;14.296819996012793;2.66699918690751;0.8438811936116862;4.901282305059871;11.628985510882359;1.4916568351350008;0.8383561207107846;4.987256889804565;0.5863490697879747;0.8724535661209991;-0.005525072900901651;0.08597458474469377
7746610;379;166;213;18.823274983559372;1.499984403747591;0.40223600906789303;7.7812588082025815;17.01787535780616;0.8722186604782206;0.4317542857462725;7.5867027745175815;0.33086137357930223;0.4361750653670803;0.029518276678379474;-0.19455603368500007
7747482;383;170;213;14.31417712933941;2.694853465306988;0.6649775740364883;8.740174309150884;11.334119942822321;1.5844298171192428;0.6903372660129967;8.402869646572158;0.5152455704370567;0.7016235180172761;0.025359691976508447;-0.3373046625787257
7751047;470;166;304;15.18427136740809;0.8857698436072545;0.4512411680278522;4.620506616443994;13.785642389263494;0.5534796437474483;0.4875362830966029;4.465091839821342;0.3670870264088485;0.4902226764258907;0.036295115068750716;-0.1554147766226519
7771161;887;368;519;45.14286786599243;6.654977011756275;0.7623771023948062;16.68317667200111;38.61272486936394;3.7626460959527455;0.7389280074467783;17.486977333743027;0.5048038662263357;0.7766521537978145;-0.023449094948027827;0.8038006617419171
7778706;397;197;200;15.667358200329609;0.23317449648119565;0.006919258325754685;12.159117338761115;15.400820427425263;0.13895778367821265;0.007740279063256472;12.154090078018251;0.006303954944076318;0.007752134034563429;0.0008210207375017875;-0.005027260742863859
7809983;365;163;202;6.980952280541753;1.8238435870260667;0.5498845648013613;7.72480639870545;5.008937732182607;1.0711827021720108;0.5542260096352031;7.687462555619887;0.39067720935264394;0.5703497201039972;0.004341444833841801;-0.037343843085563044
7810010;655;324;331;16.001853703189656;2.071768259705555;0.5557677396000642;8.18097419526613;13.929440085506613;1.2091712278122526;0.5953076152408096;7.808407894375067;0.472818314199578;0.5993912654887575;0.03953987564074535;-0.37256630089106224
7811190;535;204;331;15.49592303647879;1.1576198304156495;0.4424939927013348;5.948419771629816;14.336316775633275;0.6467847970915064;0.39836854723234216;6.1793401065863796;0.2295375771762025;0.4435067071226374;-0.04412544546899266;0.23092033495656317
7811599;626;295;331;12.510517956994033;3.615392954076969;0.8334648583696931;7.208378090262283;9.688873308367677;1.9842205514185485;0.7772628023135636;8.3364469013641;0.508349456970065;0.839343272128059;-0.05620205605612949;1.1280688111018176
7836781;513;180;333;26.380792122034027;3.2036897934054553;0.3497240949535405;20.30369237599139;21.321292357569796;1.9877505533064665;0.3769291487658415;19.874440476032067;0.28156821826225964;0.37948211558627765;0.027205053812300983;-0.429251899959322
7846661;447;166;281;9.924670579541214;0.12173609982203641;0.044304860410438573;2.696676988629864;9.935401864372716;0.05469222498402669;0.02477262124591073;2.7240945868225643;0.004034401809132504;0.056748906263002885;-0.019532239164527843;0.02741759819270051
7857510;471;171;300;13.082286407971512;1.0638786001627945;0.4961183502864007;5.048096137263251;11.59071768436485;0.6491391261255536;0.5199591614831258;4.9272254998263625;0.38273661031819917;0.5264841127206741;0.023840811196725098;-0.1208706374368882
7870998;1169;479;690;37.138707656871745;7.678323985957382;0.8634712418877901;14.022602299145538;28.377756046735342;4.5163896257060765;0.8869543903955494;12.759786189802027;0.6554388515852811;0.9040976731010142;0.023483148507759233;-1.262816109343511
7873107;670;330;340;45.84808521785138;5.312218257894367;0.5542682154107224;21.008950681392815;42.16374421516616;2.854794308718135;0.5003741571201681;22.242828148100816;0.31149660128961765;0.5553724403650153;-0.05389405829055427;1.2338774667080017
7873786;610;294;316;9.25831532365321;3.270852848091658;0.7721030342320955;7.783870936741953;6.177848098707685;1.8624922446222933;0.7902059063959602;7.468321122459116;0.5894126997954634;0.8080247711575856;0.018102872163864747;-0.31554981428283657
7878467;429;166;263;27.013489732727535;3.6054355876292656;0.4301688673658842;19.247616018820043;23.673485231111865;2.004159369396427;0.3817243242539833;20.049102673535128;0.21681407458127733;0.4303765543588701;-0.04844454311190094;0.8014866547150845
7890681;667;335;332;28.418737662849615;2.310464619082;0.33975321531414315;14.166180072213502;26.59477044455517;1.2842450313173013;0.33157744159028757;14.253619453160418;0.2346497042958855;0.34691322240243927;-0.008175773723855584;0.0874393809469165
7899341;1246;479;767;14.039131462128271;1.1556229260675828;0.6759121869383247;3.684093841127521;12.973778199541204;0.6436965058261848;0.6097364670776435;4.042763348677076;0.3630662044584312;0.676911369562349;-0.06617571986068116;0.3586695075495556
7899997;503;190;313;10.085137720436595;1.2387545951126944;0.3707013015576903;7.491956926433388;9.020360931534507;0.6812700536227694;0.32165586921025546;7.778428982350727;0.17722415131137614;0.37076127833640593;-0.04904543234743486;0.28647205591733904
7906883;362;154;208;13.684327303724837;1.8840145788094915;0.39364001836807916;11.681171902927208;12.575272100091093;1.0505660451434726;0.3481340266072911;12.11156615210548;0.21564896748526863;0.3944297806278877;-0.04550599176078807;0.4303942491782724
7910273;469;171;298;16.98589329560445;2.7785765605798636;0.7185513750050344;8.203755126903774;12.4257045430675;1.7680851458577616;0.8189214563546612;6.580314025806592;0.6749006319518784;0.8189392038836806;0.10037008134962677;-1.6234411010971819
7910512;383;166;217;8.611737801533701;0.10936966482574377;0.017708789268173875;3.50737251352125;8.51414659927371;0.05949903291069054;0.01644846296232405;3.50962185505925;0.010452740286646;0.017866590592849896;-0.0012603263058498237;0.002249341538000049
7911610;478;205;273;11.572403419071243;4.322369892867521;0.6781272376617467;13.201330328415292;7.844206389354355;2.370469025417924;0.6257765515049982;14.234462837623244;0.39618206385734045;0.6819919586370826;-0.05235068615674843;1.0331325092079524
7968691;809;339;470;24.00269186247118;2.18535592173076;0.5640428526298694;8.762853412524628;22.885466234848163;1.1217628227422118;0.44440951265403006;9.892385821255026;0.21550751113290278;0.5754357176701983;-0.11963333997583936;1.1295324087303982
7976811;381;164;217;26.954186072089;2.2806995958374308;0.1906518549100913;21.53839675545002;24.27145646419934;1.3505500800144064;0.1985675143604242;21.432812077319795;0.14699273069237062;0.2017310600539689;0.007915659450332901;-0.10558467813022432
7978677;672;335;337;19.41086246996523;4.61871192966073;0.5660222334747249;17.74202792135006;15.059613087122766;2.6494588254707914;0.5871902356485627;17.30392000928704;0.445005910280988;0.5973419639130937;0.02116800217383774;-0.43810791206302113
7984107;712;314;398;21.96946304602894;2.331535601038461;0.545391132184115;11.535689338676871;20.018028825578078;1.3909159105657267;0.5100150919468857;11.976114846373008;0.3269848836414253;0.5465263828541429;-0.03537604023722929;0.440425507696137
7997585;679;336;343;12.431539277294764;1.6927839344467939;0.5888194841426782;6.17854637315603;10.822648818489407;0.967542246680104;0.6069889092399525;6.040493902365836;0.4533799333718156;0.6194370532762806;0.018169425097274372;-0.13805247079019445
7999741;422;170;252;11.054927248455058;2.015949680292494;0.8645991335801617;3.646158431212106;9.267846280372341;1.119555339215735;0.7900866485195259;4.539884929554116;0.48875165086115924;0.8671303414388529;-0.07451248506063579;0.8937264983420103
8010411;1126;482;644;15.055259983307671;4.4233245780103445;0.8679676235104308;7.68229116758825;10.91953672277473;2.485126291233185;0.8436900587110314;8.358798251627102;0.5855710724953838;0.8848966885343261;-0.024277564799399354;0.6765070840388514
8011069;538;204;334;7.418197913170744;1.2357352935383248;0.5311278410798768;5.333375174045935;6.070496200189875;0.7015981450385644;0.4903787662784692;5.560305704468773;0.2916812686608503;0.5347423942800256;-0.04074907480140755;0.2269305304228375
8011310;457;171;286;16.40811597986843;4.299491608512405;0.8610334632719039;8.228747014092802;11.154398148502004;2.5582522703032886;0.8550113211599324;8.405153314382044;0.5833806857352815;0.8851988974271754;-0.006022142111971496;0.17640630028924242
8011668;475;171;304;17.024269176824326;1.3450076103501911;0.4910654462200068;6.357824915942771;15.424610870950092;0.7857529417086171;0.47624377139413776;6.449739814338483;0.31283357243912724;0.5003537817038646;-0.014821674825869047;0.09191489839571165
8061051;505;189;316;28.929079444198983;1.6319758277425254;0.1733870921725713;16.506651493641492;26.869332177231694;0.9679159015843175;0.1749839246570758;16.49070019467282;0.1221954312304595;0.1799786369155405;0.0015968324845044846;-0.0159512989686732
8070101;370;168;202;17.059275594229156;1.3418837724181814;0.5153681663805121;5.570636353243806;16.62474687637946;0.6378838177432374;0.37147137840813105;6.343973637674871;0.1586888220733893;0.5409833903999015;-0.14389678797238104;0.7733372844310651
8079897;541;210;331;25.79274503945976;3.3687955033491375;0.8075616240101555;7.518018995588272;21.846454464292705;1.9510641286252444;0.7860233558089126;7.927582370331208;0.5143527508053645;0.8259576309423113;-0.02153826820124294;0.4095633747429357
8081081;517;197;320;26.34275793654382;3.311611446083268;0.7556974745409876;8.685847953979966;22.60014207985574;1.914997244631779;0.7294939473729751;9.139800958268854;0.4773015713431201;0.7692346361690393;-0.02620352716801244;0.45395300428888774
8086103;302;147;155;6.817005004878787;1.9348533094807594;0.714093846717021;5.7601899190989805;5.57543389115401;1.0871977542027562;0.6898619055075437;5.99932802803109;0.5114984184777815;0.7207259731951401;-0.02423194120947736;0.23913810893210918
8087988;387;137;250;21.85603556417883;2.345683527434233;0.8141608073691742;5.839353354474658;19.064591597209443;1.4347016141023778;0.7912278462393161;6.189169648496718;0.5237842924961384;0.8253131786126343;-0.022932961129858098;0.3498162940220606
8111796;505;189;316;9.715178669479696;0.9203474974506971;0.21660761662302552;8.107877842765747;8.775687960728582;0.5217139350923743;0.19969560647822526;8.19492767362352;0.1216655915139353;0.21763419420398955;-0.01691201014480026;0.08704983085777229
8112146;1126;478;648;22.117837481733762;2.3987022787332655;0.6351318724461346;8.109679650672614;19.94824058148264;1.33419409592529;0.6012461428176465;8.477897930056097;0.39824256061394414;0.6421759743537998;-0.033885729628488015;0.3682182793834823
8116101;401;159;242;9.04609536244984;0.9902993705499842;0.4979768440345741;4.747852484988677;7.841643089265627;0.5893272305773499;0.49560259489626735;4.759066398060565;0.33518077857733775;0.5132028738521354;-0.00237424913830675;0.011213913071888015
8175708;449;155;294;17.643106532811096;5.009406176991617;0.7203058424557429;14.712480144201004;11.978957946743272;2.911248648951522;0.6780637584134794;15.784438132854344;0.42489550142571986;0.7261902074889316;-0.042242084042263484;1.07195798865334
8190108;760;339;421;28.826487582129072;2.633829027174723;0.7186687088034074;7.200036432117399;26.014402536150293;1.5119927833262725;0.7399330255239329;6.922584679258532;0.5462527615514522;0.7559504214302417;0.021264316720525533;-0.2774517528588669
8190120;674;336;338;23.56894601302868;4.649903075703529;0.8072389467208158;9.957374816912603;19.19577229164493;2.6648822942903196;0.8365486635407982;9.169157818731712;0.6329165193160544;0.8514046206700406;0.0293097168199824;-0.7882169981808911
8210485;811;322;489;25.948374115671353;2.646456465809358;0.6822297780897629;8.561405794510694;23.241605672286312;1.5231640781732887;0.6440607291996814;9.061006393408245;0.41013452437451137;0.6885652474782642;-0.03816904889008155;0.49960059889755115
8211908;439;166;273;66.59068626887084;2.8982548440877234;0.2765149347404877;21.60915950808916;62.41864697393788;1.7671647345000474;0.2951735001972773;21.328690982788405;0.2200148801651458;0.2979089569018629;0.018658565456789566;-0.28046852530075483
8212283;823;340;483;33.47880153721011;3.4121655582742854;0.4909694893910802;15.62917331384635;29.658043983977276;1.9913310009523857;0.5079736924876468;15.365909185717854;0.38244356096426757;0.5164907700084259;0.017004203096566584;-0.26326412812849576
8270738;445;174;271;11.286234637951459;2.311016798694633;0.7751786020361263;5.927399627341043;9.099978774680176;1.311615067337587;0.7071496341767836;6.7650073371957395;0.4255645542357781;0.7768940807371306;-0.06802896785934276;0.8376077098546961
8272971;534;189;345;20.538780115137214;2.298946293917591;0.7536905713191113;6.358643793119807;17.5347064089176;1.3659506778704251;0.7122315370251332;6.872987861978111;0.42031474628441545;0.7627222778813683;-0.041459034293978125;0.5143440688583043
8280779;680;336;344;22.79502440164427;7.221337598998208;0.8435617853524938;13.575650402358832;15.78350218991051;4.143216601194009;0.8759255732606426;12.09011296578246;0.6589787823067752;0.8916436236217028;0.032363787908148756;-1.4855374365763723
8310587;496;180;316;17.129926062078628;3.7987262315421533;0.807402433636618;8.607371753226339;12.99278131703711;2.173550058308198;0.7506273292555716;9.79421405257116;0.4584738970667218;0.8127904295901962;-0.05677510438104638;1.1868422993448213
8311087;352;164;188;0.5526054633388657;1.866006162886425;0.6992882821072783;5.271057574539408;-0.7007118111473316;0.9749241058257224;0.605343646709724;6.038542585321607;0.3515538475020513;0.6992885138557443;-0.09394463539755438;0.7674850107821989
8311865;526;198;328;18.67545161025855;1.6122563937106393;0.7374926364620853;4.415972703285357;16.39331573339085;0.9755772003234945;0.7757465379748872;4.081550866618644;0.5640573132149984;0.7866096895870667;0.03825390151280195;-0.33442183666671266
8312167;449;166;283;12.29718278769344;2.740653861140368;0.8455745585101729;5.599089309163153;8.87858981526026;1.6265228675723098;0.8231079869875956;5.992555723204596;0.5310944237691645;0.863186184559384;-0.02246657152257736;0.393466414041443
8351121;660;329;331;18.534966843320852;2.4256012720202818;0.837128336381928;4.7173395256519886;16.407759925336304;1.3769665712704093;0.8503851637706357;4.521283085519605;0.6339100248340217;0.8713500632378681;0.013256827388707704;-0.19605644013238344
8354610;1213;483;730;9.070711172161998;2.1582780931967105;0.17770142409829948;21.052438448044217;6.645067890086976;1.2589567479390709;0.1813022626005969;21.00629365083336;0.13368009686536153;0.18527525349623408;0.003600838502297421;-0.04614479721085729
8369469;459;174;285;15.476681063012004;2.500604023617121;0.7394251433173661;7.051296592572578;12.733044280933989;1.45960293537398;0.7132956612623351;7.396390996118264;0.4717801866851502;0.7506896287555751;-0.02612948205503096;0.3450944035456853
8369717;415;170;245;16.928806386465702;3.4740629148429902;0.8051074991978506;7.8656840954582545;13.193356678862294;2.0133238459388334;0.798791678767127;7.992118318292052;0.5584331324587335;0.8278435524421738;-0.006315820430723651;0.12643422283379735
8382841;612;281;331;18.787163061516658;4.687663505421257;0.8735489589174439;7.991446389268203;14.761358055557697;2.6089745726742986;0.8307282938523031;9.246052849802359;0.5542010490959106;0.8845499305367512;-0.04282066506514082;1.2546064605341556
8399121;478;202;276;19.620224428185473;1.9209335115252792;0.7000840830744262;6.960358853859552;17.794712171425637;1.1780905331829223;0.6803189308584736;7.186051627954385;0.4694013752015892;0.7072205978871791;-0.01976515221595254;0.22569277409483313
8410090;485;172;313;24.20502816822873;2.3402792788297058;0.6520801964547259;7.949916427840196;20.514770367826266;1.4592072130009899;0.7153463684885214;7.190868600175964;0.5552537095831112;0.7173837768180202;0.06326617203379548;-0.7590478276642321
8410411;658;336;322;5.702345975132228;2.420717318226143;0.6853910244916424;7.220877978740197;3.8808881242067024;1.3438847657272814;0.6699104533819127;7.39639910742132;0.48060186242276104;0.6994825540397258;-0.015480571109729668;0.17552112868112246
8410565;1241;459;782;11.957416328056569;3.2136612629886856;0.722188491260255;9.636640948440707;7.645621501009444;1.9580587437997279;0.7396917853477933;9.328128028676616;0.5248974841884315;0.7546016736047334;0.017503294087538368;-0.308512919764091
8410610;917;374;543;14.492542036052793;3.4601012694447575;0.37516756973692644;20.181882845625193;11.620417672997299;1.8958253603225679;0.3383561870088402;20.767873391461233;0.20693472941282087;0.3756736040247134;-0.03681138272808626;0.5859905458360402
8411812;361;170;191;31.330625805866678;3.9115586431915657;0.4057008459876724;19.595447088233627;24.427792938544208;2.598213314355461;0.5910434104307218;16.255159151279237;0.6206314289581167;0.632647074038859;0.18534256444304942;-3.3402879369543896
8412079;679;333;346;8.370009084263584;0.9635516261392082;0.17806619547078584;8.746341931445341;7.510430144824317;0.5384183796045785;0.18218549913053816;8.72439728503177;0.13723546044195312;0.1864627417422683;0.004119303659752327;-0.02194464641357108
8412266;895;359;536;12.852352678003271;1.8991933557638543;0.6277736605345128;6.610281343728658;10.631916981653124;1.113863982212499;0.6475746305469905;6.432058345446785;0.4803922025262264;0.6594884484582237;0.019800970012477714;-0.17822299828187305
8461026;365;166;199;14.98624661523803;3.9996664918298945;0.5015331465777599;16.03716857080279;11.492380099402588;2.1555032265047576;0.49847220467994857;16.086333035040223;0.36437013247176;0.5181507542877638;-0.0030609418978113645;0.049164464237431815
8466897;596;264;332;0.5611279172621231;4.393276210891213;0.8553939980999944;8.124426732344682;-2.519624643196803;2.335004113446088;0.7315332990585193;11.069927589224635;0.4064684335296618;0.8558427665419016;-0.12386069904147512;2.9455008568799528
8469114;471;171;300;14.021450577891603;2.602280838447935;0.7526858481788004;7.023210589206673;10.547583736832728;1.5693910670398536;0.7706555183369325;6.763248644045958;0.5488646576886868;0.7868796063697062;0.01796967015813211;-0.2599619451607156
8478885;665;333;332;29.750786709296403;1.9856883535585794;0.461811026761362;9.434812308054273;27.76794166568029;1.1606683004331368;0.4979335180987753;9.112687589070278;0.3988921433814743;0.5006632566642322;0.0361224913374133;-0.32212471898399464
8486107;363;166;197;17.93745723569532;8.98708300342838;0.6600386560731404;27.64661356744904;6.812921161751859;5.352143378607789;0.7470971766697216;23.845367074452525;0.6193159276924749;0.7475292706656936;0.08705852059658126;-3.8012464929965155
8487107;366;170;196;23.55064637935323;2.2250765382470337;0.37647494070100873;12.02227487219951;21.253759507413164;1.2603729223220363;0.39368961709291495;11.855153998564502;0.2984417379271106;0.4004697490865531;0.017214676391906214;-0.1671208736350085
8498411;677;336;341;10.626422146665718;2.4868624763869285;0.556333952179553;9.712098015570977;8.35768811835736;1.4113028813356376;0.5654897402370602;9.61136293562999;0.4162056149832962;0.5802462565183186;0.009155788057507275;-0.1007350799409874
8498710;539;176;363;2.2926899188258396;2.1341310944105336;0.6599454275222345;7.2257477310191485;0.3012398884449734;1.1952851995636709;0.5683293337480689;8.141131214934973;0.3014931769052521;0.6606637880174147;-0.09161609377416557;0.9153834839158241
8511911;626;171;455;7.284818536329454;1.2347638489834303;0.5409461527726278;5.560820149527416;5.043466809495859;0.7851144931895176;0.5416719358042419;5.556422467813775;0.33619542077565423;0.5592978389796879;0.0007257830316140801;-0.004397681713641077
8546677;404;170;234;24.355023855464538;3.0579033461019827;0.7902530183284198;7.172545842217656;20.968168698133773;1.78257673076604;0.803905193931082;6.935192464666763;0.5829806923148707;0.8236121697604435;0.013652175602662187;-0.23735337755089336
8566105;407;166;241;13.216636875721976;1.785977189763974;0.7310097637052801;5.0338708946937185;11.28641071369274;1.032957760308297;0.7104448210097163;5.222752952053983;0.47262257694204535;0.7458167692294586;-0.02056494269556386;0.18888205736026453
8610383;679;316;363;9.233587175346472;2.285046556681432;0.8662280123697985;4.151538489117515;7.25372396497437;1.2787067728978314;0.8009688985423913;5.063921350165874;0.49485984820365914;0.8715784235472375;-0.06525911382740723;0.9123828610483589
8611006;563;233;330;19.13022888037136;2.7985510876966786;0.8213072876219473;5.93833085959006;16.252222462231508;1.5903611732133176;0.7858859595545367;6.500302147100607;0.5119128332532384;0.8341742996823576;-0.03542132806741061;0.5619712875105467
8611610;757;334;423;21.469531236397778;3.6875484690743687;0.6928488538057324;10.747121844508786;16.41590251467456;2.2469459252685393;0.7974579293346404;8.727175817352043;0.6647947283333707;0.7974741682959177;0.10460907552890808;-2.0199460271567435
8611670;534;203;331;26.10144057595666;2.268574269537421;0.5966965637942403;8.539901212768457;22.883599487759742;1.372496779128467;0.629219542813563;8.18832937082312;0.4579287230819281;0.6377743780847973;0.03252297901932266;-0.3515718419453382
8611772;715;317;398;19.004719476641284;1.4813918764350003;0.2794246031356864;10.428521230020928;17.6062417582706;0.8230921460201026;0.266811297620394;10.519398244083327;0.17553103127500747;0.2840286591738631;-0.012613305515292383;0.09087701406239823
8612210;582;251;331;10.953772257600344;3.91597874202389;0.6744590561758869;12.303152365636864;6.478604597220052;2.2936330401121987;0.6958164277485409;11.892727590412484;0.5093732159689228;0.7097086087634978;0.02135737157265405;-0.4104247752243797
8627071;270;136;134;73.64218075751528;2.4159296246961195;0.19545090952461142;20.92899353899953;72.92256859132443;1.1979731819762809;0.16064425931381154;21.37691854266697;0.09629474888054101;0.19867927671531338;-0.03480665021079987;0.44792500366743937
8646105;505;189;316;13.41208591917638;3.7386519439194488;0.6546282915342199;12.579505819349675;9.50225388574082;2.1294687538607477;0.6093135371901452;13.379330518667642;0.37690070260488573;0.6590196183835892;-0.045314754344074615;0.7998246993179663
8646701;669;335;334;24.213641959296456;2.2183845395813333;0.3119171000383206;14.47791451437104;23.061885776464212;1.1465617154340961;0.26293792173377617;14.984341393714042;0.1498693926800534;0.3127655907664064;-0.04897917830454446;0.5064268793430013
8646875;379;170;209;7.539438301939422;0.3272244448502163;0.10982807320885246;3.934853830260954;6.925155380030953;0.2201185973768645;0.1603949423777974;3.821458786064325;0.16973040106030712;0.17270863945481507;0.05056686916894493;-0.11339504419662916
8671139;371;137;234;14.178322710651164;1.7737987809854088;0.8584550679615452;3.6508138786767117;12.262251654759238;1.0596826807050947;0.8226512503388876;4.0865479225338515;0.5399275253352792;0.866781386368265;-0.03580381762265761;0.43573404385713976
8673111;475;171;304;14.451798207695507;1.6308790378392242;0.6361051871126815;5.784177762239966;12.783352544688947;0.9277617084001251;0.5802476378424808;6.212269290659057;0.34547613384476294;0.6377214093759103;-0.0558575492702007;0.4280915284190909
8678172;508;191;317;20.79058960395529;3.640713599454777;0.8534434950928945;6.982706345039395;16.969881239458616;2.0743542770838364;0.7958652425404034;8.240996073767192;0.49355974289688853;0.8596216854702741;-0.05757825255249116;1.2582897287277977
8681127;913;453;460;8.107437218164439;2.056844033787625;0.7815884019843071;4.768812461221348;6.793813887974018;1.1169755969390156;0.7449134591953039;5.153664794445906;0.5357179281160579;0.788507386367977;-0.036674942789003184;0.3848523332245586
8682112;490;175;315;13.899109441401215;2.5958656610459436;0.7588595274544507;6.794845469383093;11.064802479540905;1.4849444245025158;0.7020492712645356;7.552952552594721;0.42426648662098787;0.7630958578655729;-0.05681025618991509;0.7581070832116286
8701118;1163;479;684;94.36427167395941;1.4251570895520274;0.0710713866951952;23.626517877023836;94.72567989721279;0.6082250449910884;0.038494700420906525;24.037228399137597;0.006981985754309528;0.09546784014097764;-0.03257668627428867;0.41071052211376013
8710527;337;170;167;12.35699482061635;0.5786219119652752;0.2695929317020982;4.027501487867116;11.660171670556492;0.34920807227454603;0.3188772619277044;3.8892504910528287;0.2776299974964347;0.31915218944506785;0.04928433022560619;-0.13825099681428688
8766671;742;339;403;14.000850368599238;1.3083921783021806;0.48885285711900706;5.628463286508255;12.490912463487094;0.7614298820801781;0.5389721333661663;5.345403051880048;0.4359177894354831;0.540879500505907;0.05011927624715928;-0.2830602346282074
8773113;457;155;302;13.001286657063293;3.725328623274979;0.8452131199203897;7.455640137009324;8.746928764817309;2.1597443848141618;0.7929145464868306;8.623680563291774;0.4924469603802404;0.8516776793229115;-0.05229857343355915;1.1680404262824506
8778168;538;194;344;36.76887436398215;4.993535474996716;0.7802777722815131;12.815165146943997;30.756191732732056;2.9220450747006;0.720009633293915;14.46634290073202;0.4116382278601679;0.784811516229911;-0.060268138987598086;1.6511777537880228
8781751;372;166;206;32.796199733805146;3.3527964062755897;0.4268258317487632;16.562912530870857;28.36439471931433;2.0103670762201973;0.4879531005974236;15.654827048602035;0.4031199111205791;0.48814021855316114;0.06112726884866038;-0.908085482268822
8785461;631;296;335;14.403672440358982;2.5084913941645453;0.6804640574799998;7.686484720668942;11.815435178459898;1.4554055656174587;0.7050359720149908;7.38503295701297;0.5271032067159245;0.7176349435571039;0.02457191453499097;-0.30145176365597237
8790869;662;331;331;41.800874177191766;1.5497031768557263;0.34823910993807206;9.341180609913929;40.753787314377476;0.8371542644215174;0.32064455196696773;9.536876358655118;0.20969025788973483;0.34962426499885524;-0.027594557971104328;0.19569574874118878
8811970;848;328;520;35.57032210212769;3.7994586319372656;0.8382991915683365;7.624357697688142;31.519504696705663;2.186061293812345;0.8195701624324668;8.05380938346406;0.5636324441261346;0.8560034283925735;-0.018729029135869713;0.4294516857759181
8849888;651;320;331;22.651812427649272;2.895732334569948;0.7254076930603326;7.879833316160556;19.98389548614138;1.6565417123029822;0.7449997718712706;7.593519848396526;0.5610835450098677;0.7600385810788739;0.01959207881093805;-0.28631346776403
8877761;657;322;335;12.948279031645036;1.8532385272152978;0.8028404635223774;4.070636162217446;11.82722828714835;0.977977591562046;0.6980322646369175;5.037715797631301;0.4135714272061557;0.8029263323640997;-0.10480819888545989;0.9670796354138549
8882112;375;174;201;8.883082777365317;0.3156277701187563;0.12070560066729974;3.6077024226863936;8.744425335615205;0.15479330824269416;0.09403300434900785;3.662011829676268;0.047097809000191226;0.12283843742634648;-0.026672596318291886;0.05430940698987419
8884861;308;156;152;9.105079046058677;2.4417614388324163;0.6028229397543523;8.805434364452056;7.152560652520002;1.3626505092238212;0.5847083115924314;9.003996662387209;0.4051757938643351;0.6144113974310229;-0.018114628161920887;0.1985622979351529
8898468;677;331;346;8.90041709925031;3.390112624241795;0.8463647099634402;6.342905665113529;5.729196083010139;1.923521551506122;0.8521292306584257;6.2227725359982005;0.6121501914288083;0.8789824402764923;0.005764520694985564;-0.12013312911532825
8910098;665;333;332;12.729627077718009;1.0636924416026576;0.17473625378649993;10.174378134745895;11.653902339237812;0.623626373902277;0.1895452105270663;10.082677758046854;0.15292972374969926;0.19036376073080108;0.01480895674056637;-0.09170037669904119
8910697;497;181;316;13.484946773553983;0.9773928494820655;0.37180643615487263;5.89307882231472;11.848074680276547;0.6207000550698201;0.42631053285908216;5.631627836340844;0.3502518537850451;0.4263179329393456;0.054504096704209526;-0.2614509859738767
8910784;638;307;331;23.664073457034696;2.782484521405849;0.7941597028711125;6.293260275208685;20.968908220411933;1.6023341214553757;0.8208805826649896;5.870591040568244;0.6199310024067564;0.8356091018665219;0.02672087979387716;-0.42266923464044126
8910987;590;246;344;22.766918780910935;3.2383649561216847;0.7457046686647337;9.036213699123655;17.995549351873365;2.035312952950361;0.8331069918555725;7.32042627114456;0.6616593626473741;0.8338439352515613;0.08740232319083874;-1.7157874279790954
8911412;781;339;442;22.853006117177387;2.347118183617303;0.5154076353475104;10.259763446067328;20.50162196195147;1.3391258030654591;0.5086756359254636;10.330782410977445;0.35487435155461544;0.5292362044296891;-0.0067319994220468304;0.07101896491011672
8946986;1198;479;719;3.545679670801407;2.4287383212456897;0.8311751998655615;5.117521279103399;1.649306363015011;1.3360056899115542;0.7325768424058469;6.4408182063412776;0.4290859194420602;0.8311947811627236;-0.09859835745971468;1.3232969272378785
8966100;725;276;449;15.255249068579902;2.4174601103595457;0.7270475069379996;7.861516816250253;12.769191120568099;1.4431695935643;0.6661130299359748;8.694859138371589;0.38807367662652537;0.7278452151471511;-0.06093447700202481;0.8333423221213359
8969472;665;333;332;30.19816458931271;2.75141263429951;0.633833928247899;9.204367794548299;27.73616209563298;1.5686505069229015;0.6501737181865541;8.996656328423795;0.4901842799685163;0.6636091415706555;0.016339789938655147;-0.20771146612450408
8971777;801;335;466;25.800506045708886;3.386994256769071;0.7957312992441083;7.808213972692906;21.995397979432077;1.972203205189738;0.8039601683314128;7.649322178976025;0.5717192992452059;0.8269137375134517;0.008228869087304469;-0.15889179371688122
8976851;526;198;328;24.66115255796518;1.764066870993179;0.2679320442316482;13.38686196380842;23.016744314954586;0.9732068104353493;0.23426744317852155;13.691204042727152;0.12859253453962316;0.2679488610230094;-0.03366460105312663;0.304342078918733
8985109;363;154;209;16.95184037915186;2.4949794733484953;0.5855927723470116;8.895490607424918;14.232238828925095;1.4178267772587498;0.6065138518018602;8.66804124393693;0.4553049203317969;0.6184378674862894;0.020921079454848668;-0.22744936348798817
9010312;544;213;331;15.53280848606008;1.1396753155052814;0.46459343478543813;5.589199852671947;14.301453408749317;0.649103481538091;0.4386298763121478;5.723114577328099;0.27504061288672443;0.4701615962956939;-0.02596355847329035;0.13391472465615184
9011071;623;288;335;9.679975461969248;4.04217655322879;0.8457978504027491;7.737952554449363;5.86107674965092;2.292986886190055;0.8337061220330759;8.035612379207812;0.5814515396534223;0.86843195103509;-0.012091728369673205;0.29765982475844943
9011284;686;338;348;19.7437287223205;2.2196145219213257;0.4448252830819567;10.790259301395727;17.686509603042197;1.2556684138163807;0.4494604785709032;10.745120543751728;0.3253723441159925;0.46294212585949746;0.004635195488946531;-0.04513875764399877
9011578;630;299;331;18.043733924421527;2.0152950790356523;0.749459985664856;5.1903858808243335;16.306481457980716;1.1290008504196234;0.7299051245250583;5.389137569134233;0.5081437263264392;0.764980334560076;-0.019554861139797763;0.19875168830989942
9011921;432;155;277;13.531429166703537;3.257667694142445;0.532352010661881;14.37887911833354;8.170593500083758;2.0672550300360295;0.6011225322108873;13.279607807329224;0.48710984330685825;0.6011813520780891;0.06877052154900631;-1.0992713110043155
9072837;670;335;335;5.960105254911278;0.9102283716848771;0.4434132598508178;4.478813422622046;5.450998227250615;0.47490397931569345;0.3807351552433993;4.724270500084372;0.2228912697689026;0.44372854161874553;-0.06267810460741852;0.24545707746232548
9074807;377;159;218;13.079240807627158;3.08399971001693;0.7526413985717743;7.9779101410965945;8.477873795637576;1.9148601847479874;0.862693408657385;5.943897682147467;0.7028286884807593;0.8628057497102968;0.11005201008561072;-2.0340124589491273
9075869;513;193;320;15.309714679205626;3.456055950582962;0.8979465399900064;5.376942221321787;11.575854458002063;1.9768853705400167;0.8451944347439694;6.6223905250633885;0.5305921642146914;0.9068007168555398;-0.05275210524603702;1.2454483037416013
9097118;678;336;342;18.523286615572992;2.8700520252308945;0.7424086785816942;7.388755609798172;16.26275983364203;1.577354389397144;0.7076333593711912;7.871719269792105;0.4779541181007878;0.7528390638903059;-0.03477531921050303;0.4829636599939331
9097838;944;401;543;15.345961767451852;2.3324201746838193;0.719247799163146;6.560236320596809;13.114033649402174;1.3197946477088542;0.7009590183660492;6.770539161676676;0.4863417807877032;0.7338210887037406;-0.018288780797096726;0.21030284107986663
9100837;657;326;331;18.529866665657543;4.328594198046361;0.7455391648658564;11.161597653625677;15.157285194518735;2.3967441895847523;0.7194532153127533;11.71975511115837;0.5009260227061265;0.7579423329227198;-0.02608594955310306;0.558157457532694
9111107;496;180;316;16.863632169641292;0.8296919027915294;0.22794289223484476;7.084035543907704;15.96529840158241;0.4741690801404597;0.21141209461327826;7.159473316472729;0.12863766610358607;0.22934607192777323;-0.016530797621566506;0.07543777256502526
9115910;558;227;331;12.231493331358852;3.2415796630985563;0.9137136008810111;4.5348665519323825;8.906737941426037;1.8357861861006541;0.8641259643614004;5.690646078776363;0.5503048421023393;0.924801100312185;-0.04958763651961062;1.1557795268439808
9383109;1025;472;553;17.87034992954661;0.6166148282296101;0.124485055534306;7.217908962610391;17.25041580925274;0.35520139189953454;0.12958933992499033;7.196837868780937;0.09937157451932976;0.13153181042782425;0.005104284390684333;-0.021071093829453602
9483106;424;171;253;18.045137670513927;2.1772330438333682;0.5668781769971574;8.695496395031942;15.372949890979735;1.293550421553528;0.5928786992097662;8.430459743707129;0.4442262766136904;0.6010218731037393;0.026000522212608845;-0.265036651324813
9710869;602;272;330;13.073982327142279;2.427360263605308;0.8337485189286317;4.874597956328257;10.572636179151775;1.4004528698960492;0.8466918106476822;4.681000826561154;0.6147122949638122;0.8687126522255614;0.01294329171905051;-0.1935971297671033
9711086;1140;479;661;12.678146112457537;2.0772984025269814;0.5892209406590547;7.822058476436865;10.50205235860088;1.19477935386962;0.5900975724227677;7.813707603824106;0.42227403169042954;0.6088311859685434;0.0008766317637129983;-0.00835087261275902
9770887;536;205;331;6.111920777559327;0.09995777994208549;0.0218438922505495;3.061422803464292;5.783210902064314;0.0814674020710321;0.04188987011479772;3.029890568192769;0.0554106382503069;0.0557636432658144;0.02004597786424822;-0.031532235271523046
9776611;1246;488;758;15.928546752743152;1.6800043498874966;0.7396268462336609;4.59778407219191;14.390001914068797;0.9403745888520382;0.6781735794980082;5.111652442799818;0.4201808212826448;0.7419502543273313;-0.06145326673565277;0.5138683706079075
9812028;407;166;241;26.436355483469395;0.5076764726709256;0.030744567191698602;13.24467979155534;26.726097828632223;0.19694303478380498;0.013442171317285312;13.362373742748504;0.0006932920046583968;0.049301998709163075;-0.01730239587441329;0.11769395119316428
9816877;550;223;327;12.087597853738131;5.24748958000095;0.7827208012870904;12.685317685741385;6.226260120776221;3.0239584810112468;0.7574021709688112;13.404040381567595;0.49266156661571836;0.7987379078201151;-0.02531863031827919;0.7187226958262105
9831192;656;325;331;30.64472862261637;4.078010907350544;0.5508297643513471;16.259235574501066;26.434496557794674;2.398899241018677;0.5996721278911596;15.349794038479768;0.48571628959462976;0.6018534703445672;0.04884236353981253;-0.9094415360212977
9871788;453;157;296;10.536198829688512;2.9849451505405016;0.7270547906623038;8.60155354877249;6.789036542067883;1.7713283636451764;0.71532610333967;8.784417781474625;0.48035770348044227;0.7443037108256081;-0.01172868732263388;0.18286423270213525
9880798;587;277;310;31.630048960464677;3.4283646734958775;0.39579906030664713;18.59452121683422;29.04425715333054;1.8682815079680326;0.37149774473015396;18.964776214760445;0.24953799297033485;0.3990239612844598;-0.024301315576493177;0.3702549979262244
9889114;874;441;433;20.552423603241493;4.899664459830632;0.7174066553895315;13.119129891688535;17.10410392804912;2.6268767743275685;0.6677077186644915;14.22604551780004;0.4420877172208577;0.7228970956133055;-0.04969893672504;1.1069156261115047
9889190;1158;430;728;10.386176170164566;1.9265233782970062;0.6761148244431491;6.2166831130938265;7.842154846438486;1.1579732973745516;0.6970883744060187;6.012030372225018;0.5033233108901627;0.710094019996152;0.020973549962869598;-0.20465274086880836
9894115;815;340;475;24.70513259246441;1.301426220142083;0.33360745835732053;8.43343558450667;23.27370604615189;0.760230827665857;0.33924068034384813;8.397714716474486;0.2473225111586449;0.3473040061907231;0.005633221986527603;-0.03572086803218433
9911510;1050;460;590;15.574412041811634;1.2172692167112433;0.2133166078162383;10.284818372633014;14.639126198390233;0.6528199646713836;0.1899809622162063;10.436244585735734;0.11439408896700032;0.21351488537274577;-0.023335645600031985;0.1514262131027202
9970781;468;171;297;14.247357665757072;3.9055232048157826;0.7741276707273516;9.960172366557499;10.430787835301107;2.213579993468904;0.7003337196761832;11.472399912705983;0.4132590613928959;0.775142105341168;-0.07379395105116837;1.512227546148484
9975101;449;171;278;25.050641803060483;2.4722928426381747;0.6394072970453422;8.843653742696592;22.004603623638452;1.4736515999173152;0.6381347322656061;8.859245032341546;0.4371322231452458;0.6592453149378372;-0.0012725647797360295;0.015591289644953932
9980121;492;177;315;10.777237411533896;1.4385476607072454;0.1883407382990011;13.863128155956838;9.270016428166585;0.8168552887256162;0.17210600495357775;14.00108621781908;0.10220806335816746;0.18896661053854202;-0.016234733345423358;0.1379580618622409
9981041;1168;483;685;14.651492515346833;3.1640405983515003;0.7431100493329669;8.321679473766004;11.175995055982973;1.8344878863473544;0.7623745395842991;8.003573029400728;0.5672113953842978;0.7779078619097494;0.019264490251332256;-0.31810644436527546
