household_id;schema_version;generated_utc;phys_status;phys_status_reason;phys_no_result_reason;phys_no_result_fix;phys_no_result_is_fixable;phys_excess_confirmed;phys_era;phys_rank_fleet;phys_rank_in_era;phys_rank_on;phys_rank_scope;phys_rank_bias_note;phys_rank_value_kwh_yr;phys_rank_value_lo_kwh_yr;phys_rank_excludes_vintage;phys_deficiency_kwh_yr;phys_deficiency_lo_kwh_yr;phys_deficiency_hi_kwh_yr;phys_deficiency_band_kwh_yr;phys_deficiency_pct_of_reference;phys_deficiency_pct_lo;phys_deficiency_pct_hi;phys_group_house_kwh_yr;phys_group_house_lo_kwh_yr;phys_group_house_hi_kwh_yr;phys_group_house_owner;phys_group_heat_pump_kwh_yr;phys_group_heat_pump_lo_kwh_yr;phys_group_heat_pump_hi_kwh_yr;phys_group_heat_pump_owner;phys_heat_pump_point_is_no_claim;phys_term_envelope_kwh_yr;phys_term_emitter_kwh_yr;phys_term_dhw_kwh_yr;phys_term_vintage_kwh_yr;phys_vintage_factor;phys_unit_recommendation;phys_unit_age_years;phys_unit_age_reference_year;phys_unit_service_life_basis;phys_scenario_capacity_lo_kwh_yr;phys_scenario_capacity_mid_kwh_yr;phys_scenario_capacity_hi_kwh_yr;phys_scenario_never_sum_into_total;phys_context_e_as_built_kwh_yr;phys_context_e_reference_kwh_yr;phys_level_is_not_a_prediction;phys_appliances_excluded;phys_completeness_tier;phys_geometry_reconciles;phys_pv_level;phys_n_meter_days;phys_hdd_normal_per_day;phys_weather_basis;visit_status;visit_technician_recoverable_kwh;visit_slope_excess_lo_kwh;visit_slope_excess_hi_kwh;visit_slope_excess_pct;visit_step_kwh_day;visit_rank_in_era;visit_never_sum_with_phys_deficiency;visit_hidden_from_building_pages
661091;physical_baseline_v2;2026-09-17T07:56:10Z;INCOMPLETE_AUDIT;never computed - see phys_no_result_reason for this household's cause;"building data missing: no_footprint;no_storeys";record the missing building data - an auditor can do this;True;;;;;phys_rank_value_lo_kwh_yr;fleet;"ranked fleet-wide; per m2 the physics under-predicts newer construction eras by 24-53% (P9/P21), so this order tilts toward older houses - filter by phys_era or use phys_rank_in_era";;;False;;;;;;;;;;;builder;;;;installer;False;;;;;;;;2024;measured failures, Weibull fit (ZHAW Hubbuch & Vecsei): air 20 yr SD 7, ground 26.7 yr SD 4.7;;;;True;;;True;True;;;Unknown;;;station normal year (record length does not enter);NOT_ASSESSABLE;;;;;;;True;True
120701;physical_baseline_v2;2026-09-17T07:56:10Z;EXCESS_CONFIRMED;confirmed excess over code, ranked below the action cut;;;;True;1976_1990;75.0;23.0;phys_rank_value_lo_kwh_yr;fleet;"ranked fleet-wide; per m2 the physics under-predicts newer construction eras by 24-53% (P9/P21), so this order tilts toward older houses - filter by phys_era or use phys_rank_in_era";1365.0;1125.0;True;1588.0;1306.0;2297.0;991.0;78.3;64.4;113.2;1365.0;1125.0;2061.0;builder;222.0;159.0;256.0;installer;False;1365.0;0.0;0.0;222.0;0.867;KEEP_IN_LIFE;17.0;2024;measured failures, Weibull fit (ZHAW Hubbuch & Vecsei): air 20 yr SD 7, ground 26.7 yr SD 4.7;0.0;0.0;0.0;True;3616.0;2029.0;True;True;T1;True;no PV;576.0;3.717;station normal year (record length does not enter);USES_LESS_THAN_MODELLED;-950.0;-1881.0;-691.0;-31.3;7.17;;True;True
412211;physical_baseline_v2;2026-09-17T07:56:10Z;INCOMPLETE_AUDIT;never computed - see phys_no_result_reason for this household's cause;meter record too short or lacks season coverage;"none - needs a longer meter record; a visit does not help";True;;;;;phys_rank_value_lo_kwh_yr;fleet;"ranked fleet-wide; per m2 the physics under-predicts newer construction eras by 24-53% (P9/P21), so this order tilts toward older houses - filter by phys_era or use phys_rank_in_era";;;False;;;;;;;;;;;builder;;;;installer;False;;;;;;;;2024;measured failures, Weibull fit (ZHAW Hubbuch & Vecsei): air 20 yr SD 7, ground 26.7 yr SD 4.7;;;;True;;;True;True;;;Unknown;;;station normal year (record length does not enter);NOT_ASSESSABLE;;;;;;;True;True
706646;physical_baseline_v2;2026-09-17T07:56:10Z;HIGH_EXCESS;confirmed excess over code, in the worst 25% of the fleet by lower bound;;;;True;2001_2010;18.0;5.0;phys_rank_value_lo_kwh_yr;fleet;"ranked fleet-wide; per m2 the physics under-predicts newer construction eras by 24-53% (P9/P21), so this order tilts toward older houses - filter by phys_era or use phys_rank_in_era";2939.0;2718.0;False;2939.0;2718.0;3973.0;1255.0;86.5;80.0;116.9;2939.0;2588.0;3667.0;builder;0.0;6.0;451.0;installer;True;489.0;0.0;2450.0;0.0;1.0;RECORD_INSTALL_YEAR;;2024;measured failures, Weibull fit (ZHAW Hubbuch & Vecsei): air 20 yr SD 7, ground 26.7 yr SD 4.7;0.0;0.0;0.0;True;6338.0;3399.0;True;True;T2;True;Unknown;939.0;3.723;station normal year (record length does not enter);INCONCLUSIVE;913.0;-460.0;1584.0;36.1;8.0;;True;True
1078861;physical_baseline_v2;2026-09-17T07:56:10Z;EXCESS_CONFIRMED;confirmed excess over code, ranked below the action cut;;;;True;pre1975;64.0;24.0;phys_rank_value_lo_kwh_yr;fleet;"ranked fleet-wide; per m2 the physics under-predicts newer construction eras by 24-53% (P9/P21), so this order tilts toward older houses - filter by phys_era or use phys_rank_in_era";1424.0;1387.0;False;1424.0;1387.0;2286.0;900.0;99.1;96.5;159.1;1424.0;1335.0;2056.0;builder;0.0;5.0;313.0;installer;True;1170.0;254.0;0.0;0.0;1.0;RECORD_INSTALL_YEAR;;2024;measured failures, Weibull fit (ZHAW Hubbuch & Vecsei): air 20 yr SD 7, ground 26.7 yr SD 4.7;18.0;36.0;55.0;True;2862.0;1437.0;True;True;T2;True;PV;393.0;3.723;station normal year (record length does not enter);INCONCLUSIVE;1405.0;-2635.0;4144.0;61.5;9.44;;True;True
190821;physical_baseline_v2;2026-09-17T07:56:10Z;INCONCLUSIVE;band straddles zero - the excess cannot be resolved at this precision;band straddles zero;none - the sources disagree too widely to resolve this one;False;False;post2010;;;phys_rank_value_lo_kwh_yr;fleet;"ranked fleet-wide; per m2 the physics under-predicts newer construction eras by 24-53% (P9/P21), so this order tilts toward older houses - filter by phys_era or use phys_rank_in_era";41.0;-43.0;False;41.0;-43.0;396.0;439.0;1.9;-2.0;18.3;41.0;-94.0;174.0;builder;0.0;5.0;288.0;installer;True;41.0;0.0;0.0;0.0;1.0;RECORD_INSTALL_YEAR;;2024;measured failures, Weibull fit (ZHAW Hubbuch & Vecsei): air 20 yr SD 7, ground 26.7 yr SD 4.7;;;;True;2202.0;2161.0;True;True;T2;True;PV;1292.0;3.717;station normal year (record length does not enter);INCONCLUSIVE;128.0;-395.0;157.0;12.2;4.51;;True;True
105898;physical_baseline_v2;2026-09-17T07:56:10Z;EXCESS_CONFIRMED;confirmed excess over code, ranked below the action cut;;;;True;1976_1990;117.0;46.0;phys_rank_value_lo_kwh_yr;fleet;"ranked fleet-wide; per m2 the physics under-predicts newer construction eras by 24-53% (P9/P21), so this order tilts toward older houses - filter by phys_era or use phys_rank_in_era";851.0;373.0;False;851.0;373.0;2029.0;1655.0;38.3;16.8;91.2;851.0;279.0;1814.0;builder;0.0;8.0;344.0;installer;True;851.0;0.0;0.0;0.0;1.0;RECORD_INSTALL_YEAR;;2024;measured failures, Weibull fit (ZHAW Hubbuch & Vecsei): air 20 yr SD 7, ground 26.7 yr SD 4.7;37.0;75.0;112.0;True;3076.0;2225.0;True;True;T3;True;Unknown;789.0;3.717;station normal year (record length does not enter);INCONCLUSIVE;759.0;-696.0;1368.0;31.7;20.88;;True;True
889410;physical_baseline_v2;2026-09-17T07:56:10Z;INCOMPLETE_AUDIT;never computed - see phys_no_result_reason for this household's cause;meter record too short or lacks season coverage;"none - needs a longer meter record; a visit does not help";True;;;;;phys_rank_value_lo_kwh_yr;fleet;"ranked fleet-wide; per m2 the physics under-predicts newer construction eras by 24-53% (P9/P21), so this order tilts toward older houses - filter by phys_era or use phys_rank_in_era";;;False;;;;;;;;;;;builder;;;;installer;False;;;;;;;;2024;measured failures, Weibull fit (ZHAW Hubbuch & Vecsei): air 20 yr SD 7, ground 26.7 yr SD 4.7;;;;True;;;True;True;;;Unknown;;;station normal year (record length does not enter);NOT_ASSESSABLE;;;;;;;True;True
1178890;physical_baseline_v2;2026-09-17T07:56:10Z;EXCESS_CONFIRMED;confirmed excess over code, ranked below the action cut;;;;True;2001_2010;109.0;21.0;phys_rank_value_lo_kwh_yr;fleet;"ranked fleet-wide; per m2 the physics under-predicts newer construction eras by 24-53% (P9/P21), so this order tilts toward older houses - filter by phys_era or use phys_rank_in_era";683.0;443.0;False;683.0;443.0;950.0;507.0;28.5;18.5;39.7;476.0;288.0;756.0;builder;207.0;125.0;228.0;installer;False;476.0;0.0;0.0;207.0;0.908;PLAN_REPLACEMENT;15.0;2024;measured failures, Weibull fit (ZHAW Hubbuch & Vecsei): air 20 yr SD 7, ground 26.7 yr SD 4.7;71.0;141.0;212.0;True;3077.0;2394.0;True;True;T1;True;Unknown;180.0;3.717;station normal year (record length does not enter);INCONCLUSIVE;138.0;-1402.0;1014.0;5.0;2.98;;True;True
731201;physical_baseline_v2;2026-09-17T07:56:10Z;EXCESS_CONFIRMED;confirmed excess over code, ranked below the action cut;;;;True;1976_1990;65.0;15.0;phys_rank_value_lo_kwh_yr;fleet;"ranked fleet-wide; per m2 the physics under-predicts newer construction eras by 24-53% (P9/P21), so this order tilts toward older houses - filter by phys_era or use phys_rank_in_era";2502.0;1340.0;False;2502.0;1340.0;5828.0;4489.0;56.1;30.0;130.7;2502.0;1078.0;5228.0;builder;0.0;17.0;888.0;installer;True;2086.0;417.0;0.0;0.0;1.0;RECORD_INSTALL_YEAR;;2024;measured failures, Weibull fit (ZHAW Hubbuch & Vecsei): air 20 yr SD 7, ground 26.7 yr SD 4.7;0.0;0.0;0.0;True;6962.0;4459.0;True;True;T3;True;Unknown;539.0;5.349;station normal year (record length does not enter);INCONCLUSIVE;1161.0;-2193.0;2607.0;19.5;15.86;;True;True
1194992;physical_baseline_v2;2026-09-17T07:56:10Z;INCOMPLETE_AUDIT;never computed - see phys_no_result_reason for this household's cause;"building data missing: no_footprint;no_storeys;no_emitter";record the missing building data - an auditor can do this;True;;;;;phys_rank_value_lo_kwh_yr;fleet;"ranked fleet-wide; per m2 the physics under-predicts newer construction eras by 24-53% (P9/P21), so this order tilts toward older houses - filter by phys_era or use phys_rank_in_era";;;False;;;;;;;;;;;builder;;;;installer;False;;;;;;;;2024;measured failures, Weibull fit (ZHAW Hubbuch & Vecsei): air 20 yr SD 7, ground 26.7 yr SD 4.7;;;;True;;;True;True;;;Unknown;;;station normal year (record length does not enter);NOT_ASSESSABLE;;;;;;;True;True
1228011;physical_baseline_v2;2026-09-17T07:56:10Z;EXCESS_CONFIRMED;confirmed excess over code, ranked below the action cut;;;;True;2001_2010;42.0;13.0;phys_rank_value_lo_kwh_yr;fleet;"ranked fleet-wide; per m2 the physics under-predicts newer construction eras by 24-53% (P9/P21), so this order tilts toward older houses - filter by phys_era or use phys_rank_in_era";2103.0;1958.0;False;2103.0;1958.0;2728.0;770.0;93.5;87.0;121.3;2103.0;1862.0;2549.0;builder;0.0;4.0;269.0;installer;True;265.0;0.0;1837.0;0.0;1.0;RECORD_INSTALL_YEAR;;2024;measured failures, Weibull fit (ZHAW Hubbuch & Vecsei): air 20 yr SD 7, ground 26.7 yr SD 4.7;75.0;149.0;224.0;True;4352.0;2249.0;True;True;T2;True;no PV;678.0;3.723;station normal year (record length does not enter);INCONCLUSIVE;402.0;-410.0;999.0;26.9;10.83;;True;True
114117;physical_baseline_v2;2026-09-17T07:56:10Z;EXCESS_CONFIRMED;confirmed excess over code, ranked below the action cut;;;;True;1991_2000;60.0;8.0;phys_rank_value_lo_kwh_yr;fleet;"ranked fleet-wide; per m2 the physics under-predicts newer construction eras by 24-53% (P9/P21), so this order tilts toward older houses - filter by phys_era or use phys_rank_in_era";1714.0;1582.0;False;1714.0;1582.0;2571.0;989.0;55.5;51.2;83.3;1714.0;1512.0;2204.0;builder;0.0;15.0;549.0;installer;True;489.0;0.0;1225.0;0.0;1.0;RECORD_INSTALL_YEAR;;2024;measured failures, Weibull fit (ZHAW Hubbuch & Vecsei): air 20 yr SD 7, ground 26.7 yr SD 4.7;145.0;290.0;434.0;True;4801.0;3087.0;True;True;T2;True;Unknown;340.0;3.723;station normal year (record length does not enter);SLOPE_EXCESS;1712.0;313.0;2536.0;59.1;3.05;8.0;True;True
758039;physical_baseline_v2;2026-09-17T07:56:10Z;INCOMPLETE_AUDIT;never computed - see phys_no_result_reason for this household's cause;meter record too short or lacks season coverage;"none - needs a longer meter record; a visit does not help";True;;;;;phys_rank_value_lo_kwh_yr;fleet;"ranked fleet-wide; per m2 the physics under-predicts newer construction eras by 24-53% (P9/P21), so this order tilts toward older houses - filter by phys_era or use phys_rank_in_era";;;False;;;;;;;;;;;builder;;;;installer;False;;;;;;;;2024;measured failures, Weibull fit (ZHAW Hubbuch & Vecsei): air 20 yr SD 7, ground 26.7 yr SD 4.7;;;;True;;;True;True;;;Unknown;;;station normal year (record length does not enter);NOT_ASSESSABLE;;;;;;;True;True
8627071;physical_baseline_v2;2026-09-17T07:56:10Z;HIGH_EXCESS;confirmed excess over code, in the worst 25% of the fleet by lower bound;;;;True;2001_2010;31.0;8.0;phys_rank_value_lo_kwh_yr;fleet;"ranked fleet-wide; per m2 the physics under-predicts newer construction eras by 24-53% (P9/P21), so this order tilts toward older houses - filter by phys_era or use phys_rank_in_era";2570.0;2356.0;False;2570.0;2356.0;3431.0;1075.0;107.3;98.4;143.2;2570.0;2253.0;3090.0;builder;0.0;9.0;484.0;installer;True;364.0;214.0;1992.0;0.0;1.0;RECORD_INSTALL_YEAR;;2024;measured failures, Weibull fit (ZHAW Hubbuch & Vecsei): air 20 yr SD 7, ground 26.7 yr SD 4.7;79.0;157.0;236.0;True;4965.0;2395.0;True;True;T2;True;Unknown;270.0;3.628;station normal year (record length does not enter);INCONCLUSIVE;1608.0;-2396.0;3907.0;76.3;-4.25;;True;True
867211;physical_baseline_v2;2026-09-17T07:56:10Z;EXCESS_CONFIRMED;confirmed excess over code, ranked below the action cut;;;;True;1991_2000;50.0;6.0;phys_rank_value_lo_kwh_yr;fleet;"ranked fleet-wide; per m2 the physics under-predicts newer construction eras by 24-53% (P9/P21), so this order tilts toward older houses - filter by phys_era or use phys_rank_in_era";1988.0;1806.0;False;1988.0;1806.0;2894.0;1087.0;87.8;79.7;127.7;1988.0;1673.0;2504.0;builder;0.0;15.0;557.0;installer;True;424.0;236.0;1328.0;0.0;1.0;RECORD_INSTALL_YEAR;;2024;measured failures, Weibull fit (ZHAW Hubbuch & Vecsei): air 20 yr SD 7, ground 26.7 yr SD 4.7;6.0;12.0;18.0;True;4254.0;2266.0;True;True;T2;True;Unknown;718.0;3.723;station normal year (record length does not enter);USES_LESS_THAN_MODELLED;-845.0;-1960.0;-818.0;-36.0;6.89;;True;True
1114677;physical_baseline_v2;2026-09-17T07:56:10Z;EXCESS_CONFIRMED;confirmed excess over code, ranked below the action cut;;;;True;post2010;49.0;1.0;phys_rank_value_lo_kwh_yr;fleet;"ranked fleet-wide; per m2 the physics under-predicts newer construction eras by 24-53% (P9/P21), so this order tilts toward older houses - filter by phys_era or use phys_rank_in_era";1969.0;1811.0;False;1969.0;1811.0;2968.0;1157.0;46.6;42.8;70.2;1969.0;1650.0;2453.0;builder;0.0;13.0;736.0;installer;True;132.0;0.0;1837.0;0.0;1.0;RECORD_INSTALL_YEAR;;2024;measured failures, Weibull fit (ZHAW Hubbuch & Vecsei): air 20 yr SD 7, ground 26.7 yr SD 4.7;88.0;177.0;265.0;True;6199.0;4229.0;True;True;T2;True;Unknown;500.0;5.349;station normal year (record length does not enter);SLOPE_EXCESS;5377.0;3485.0;6070.0;160.9;3.79;1.0;True;True
611797;physical_baseline_v2;2026-09-17T07:56:10Z;EXCESS_CONFIRMED;confirmed excess over code, ranked below the action cut;;;;True;1976_1990;57.0;13.0;phys_rank_value_lo_kwh_yr;fleet;"ranked fleet-wide; per m2 the physics under-predicts newer construction eras by 24-53% (P9/P21), so this order tilts toward older houses - filter by phys_era or use phys_rank_in_era";2339.0;1715.0;False;2339.0;1715.0;4084.0;2369.0;80.1;58.7;139.9;2339.0;1553.0;3692.0;builder;0.0;6.0;514.0;installer;True;1114.0;0.0;1225.0;0.0;1.0;RECORD_INSTALL_YEAR;;2024;measured failures, Weibull fit (ZHAW Hubbuch & Vecsei): air 20 yr SD 7, ground 26.7 yr SD 4.7;168.0;335.0;503.0;True;5258.0;2919.0;True;True;T3;True;Unknown;1130.0;3.628;station normal year (record length does not enter);SLOPE_EXCESS;3021.0;1245.0;3733.0;90.1;6.97;5.0;True;True
1137376;physical_baseline_v2;2026-09-17T07:56:10Z;HIGH_EXCESS;confirmed excess over code, in the worst 25% of the fleet by lower bound;;;;True;1976_1990;5.0;1.0;phys_rank_value_lo_kwh_yr;fleet;"ranked fleet-wide; per m2 the physics under-predicts newer construction eras by 24-53% (P9/P21), so this order tilts toward older houses - filter by phys_era or use phys_rank_in_era";4440.0;4269.0;False;4440.0;4269.0;5954.0;1685.0;160.8;154.6;215.6;4440.0;4145.0;5681.0;builder;0.0;7.0;396.0;installer;True;1121.0;0.0;3320.0;0.0;1.0;RECORD_INSTALL_YEAR;;2024;measured failures, Weibull fit (ZHAW Hubbuch & Vecsei): air 20 yr SD 7, ground 26.7 yr SD 4.7;25.0;50.0;76.0;True;7202.0;2762.0;True;True;T2;True;no PV;1678.0;3.723;station normal year (record length does not enter);INCONCLUSIVE;1597.0;-80.0;1886.0;65.5;11.83;;True;True
779742;physical_baseline_v2;2026-09-17T07:56:10Z;INCOMPLETE_AUDIT;never computed - see phys_no_result_reason for this household's cause;meter record too short or lacks season coverage;"none - needs a longer meter record; a visit does not help";True;;;;;phys_rank_value_lo_kwh_yr;fleet;"ranked fleet-wide; per m2 the physics under-predicts newer construction eras by 24-53% (P9/P21), so this order tilts toward older houses - filter by phys_era or use phys_rank_in_era";;;False;;;;;;;;;;;builder;;;;installer;False;;;;;;;;2024;measured failures, Weibull fit (ZHAW Hubbuch & Vecsei): air 20 yr SD 7, ground 26.7 yr SD 4.7;;;;True;;;True;True;;;Unknown;;;station normal year (record length does not enter);NOT_ASSESSABLE;;;;;;;True;True
700831;physical_baseline_v2;2026-09-17T07:56:10Z;HIGH_EXCESS;confirmed excess over code, in the worst 25% of the fleet by lower bound;;;;True;1976_1990;6.0;2.0;phys_rank_value_lo_kwh_yr;fleet;"ranked fleet-wide; per m2 the physics under-predicts newer construction eras by 24-53% (P9/P21), so this order tilts toward older houses - filter by phys_era or use phys_rank_in_era";4196.0;3984.0;False;4196.0;3984.0;6678.0;2694.0;127.5;121.0;202.9;4196.0;3855.0;5830.0;builder;0.0;28.0;925.0;installer;True;2489.0;380.0;1328.0;0.0;1.0;RECORD_INSTALL_YEAR;;2024;measured failures, Weibull fit (ZHAW Hubbuch & Vecsei): air 20 yr SD 7, ground 26.7 yr SD 4.7;0.0;0.0;0.0;True;7487.0;3291.0;True;True;T2;True;Unknown;836.0;3.727;station normal year (record length does not enter);INCONCLUSIVE;1637.0;-1026.0;2148.0;29.3;29.06;;True;True
1191127;physical_baseline_v2;2026-09-17T07:56:10Z;EXCESS_CONFIRMED;confirmed excess over code, ranked below the action cut;;;;True;2001_2010;145.0;30.0;phys_rank_value_lo_kwh_yr;fleet;"ranked fleet-wide; per m2 the physics under-predicts newer construction eras by 24-53% (P9/P21), so this order tilts toward older houses - filter by phys_era or use phys_rank_in_era";246.0;194.0;False;246.0;194.0;819.0;625.0;11.7;9.2;38.9;246.0;88.0;526.0;builder;0.0;5.0;364.0;installer;True;246.0;0.0;0.0;0.0;1.0;RECORD_INSTALL_YEAR;;2024;measured failures, Weibull fit (ZHAW Hubbuch & Vecsei): air 20 yr SD 7, ground 26.7 yr SD 4.7;6.0;11.0;17.0;True;2352.0;2107.0;True;True;T2;True;PV;296.0;3.628;station normal year (record length does not enter);SLOPE_EXCESS;2125.0;700.0;2794.0;143.0;6.66;3.0;True;True
121798;physical_baseline_v2;2026-09-17T07:56:10Z;HIGH_EXCESS;confirmed excess over code, in the worst 25% of the fleet by lower bound;;;;True;1976_1990;33.0;8.0;phys_rank_value_lo_kwh_yr;fleet;"ranked fleet-wide; per m2 the physics under-predicts newer construction eras by 24-53% (P9/P21), so this order tilts toward older houses - filter by phys_era or use phys_rank_in_era";2381.0;2255.0;False;2381.0;2255.0;3368.0;1112.0;143.1;135.5;202.4;2381.0;2226.0;3098.0;builder;0.0;7.0;351.0;installer;True;901.0;152.0;1328.0;0.0;1.0;RECORD_INSTALL_YEAR;;2024;measured failures, Weibull fit (ZHAW Hubbuch & Vecsei): air 20 yr SD 7, ground 26.7 yr SD 4.7;14.0;28.0;42.0;True;4045.0;1664.0;True;True;T2;True;Unknown;424.0;3.717;station normal year (record length does not enter);SLOPE_EXCESS;2575.0;1136.0;2727.0;120.3;13.33;6.0;True;True
114671;physical_baseline_v2;2026-09-17T07:56:10Z;EXCESS_CONFIRMED;confirmed excess over code, ranked below the action cut;;;;True;pre1975;52.0;20.0;phys_rank_value_lo_kwh_yr;fleet;"ranked fleet-wide; per m2 the physics under-predicts newer construction eras by 24-53% (P9/P21), so this order tilts toward older houses - filter by phys_era or use phys_rank_in_era";2213.0;1739.0;False;2213.0;1739.0;3771.0;2031.0;84.7;66.5;144.3;2213.0;1657.0;3344.0;builder;0.0;9.0;511.0;installer;True;1782.0;431.0;0.0;0.0;1.0;RECORD_INSTALL_YEAR;;2024;measured failures, Weibull fit (ZHAW Hubbuch & Vecsei): air 20 yr SD 7, ground 26.7 yr SD 4.7;0.0;0.0;0.0;True;4827.0;2614.0;True;True;T3;True;Unknown;571.0;3.628;station normal year (record length does not enter);INCONCLUSIVE;340.0;-1255.0;846.0;9.3;12.68;;True;True
1121037;physical_baseline_v2;2026-09-17T07:56:10Z;EXCESS_CONFIRMED;confirmed excess over code, ranked below the action cut;;;;True;2001_2010;151.0;33.0;phys_rank_value_lo_kwh_yr;fleet;"ranked fleet-wide; per m2 the physics under-predicts newer construction eras by 24-53% (P9/P21), so this order tilts toward older houses - filter by phys_era or use phys_rank_in_era";201.0;138.0;False;201.0;138.0;639.0;501.0;9.5;6.5;30.3;201.0;80.0;430.0;builder;0.0;7.0;271.0;installer;True;201.0;0.0;0.0;0.0;1.0;RECORD_INSTALL_YEAR;;2024;measured failures, Weibull fit (ZHAW Hubbuch & Vecsei): air 20 yr SD 7, ground 26.7 yr SD 4.7;11.0;22.0;32.0;True;2308.0;2108.0;True;True;T2;True;Unknown;683.0;3.723;station normal year (record length does not enter);SLOPE_EXCESS;2404.0;1768.0;2648.0;208.4;11.72;1.0;True;True
120912;physical_baseline_v2;2026-09-17T07:56:10Z;INCOMPLETE_AUDIT;never computed - see phys_no_result_reason for this household's cause;meter record too short or lacks season coverage;"none - needs a longer meter record; a visit does not help";True;;;;;phys_rank_value_lo_kwh_yr;fleet;"ranked fleet-wide; per m2 the physics under-predicts newer construction eras by 24-53% (P9/P21), so this order tilts toward older houses - filter by phys_era or use phys_rank_in_era";;;False;;;;;;;;;;;builder;;;;installer;False;;;;;;;;2024;measured failures, Weibull fit (ZHAW Hubbuch & Vecsei): air 20 yr SD 7, ground 26.7 yr SD 4.7;;;;True;;;True;True;;;Unknown;;;station normal year (record length does not enter);NOT_ASSESSABLE;;;;;;;True;True
9880798;physical_baseline_v2;2026-09-17T07:56:10Z;HIGH_EXCESS;confirmed excess over code, in the worst 25% of the fleet by lower bound;;;;True;1991_2000;23.0;3.0;phys_rank_value_lo_kwh_yr;fleet;"ranked fleet-wide; per m2 the physics under-predicts newer construction eras by 24-53% (P9/P21), so this order tilts toward older houses - filter by phys_era or use phys_rank_in_era";2859.0;2599.0;False;2859.0;2599.0;3686.0;1087.0;135.2;122.9;174.2;2859.0;2484.0;3528.0;builder;0.0;6.0;266.0;installer;True;203.0;0.0;2656.0;0.0;1.0;RECORD_INSTALL_YEAR;;2024;measured failures, Weibull fit (ZHAW Hubbuch & Vecsei): air 20 yr SD 7, ground 26.7 yr SD 4.7;;;;True;4974.0;2115.0;True;True;T2;True;no PV;587.0;3.717;station normal year (record length does not enter);SLOPE_EXCESS;2972.0;2346.0;3088.0;255.4;4.77;2.0;True;True
680861;physical_baseline_v2;2026-09-17T07:56:10Z;EXCESS_CONFIRMED;confirmed excess over code, ranked below the action cut;;;;True;1991_2000;136.0;14.0;phys_rank_value_lo_kwh_yr;fleet;"ranked fleet-wide; per m2 the physics under-predicts newer construction eras by 24-53% (P9/P21), so this order tilts toward older houses - filter by phys_era or use phys_rank_in_era";371.0;245.0;False;371.0;245.0;1331.0;1086.0;14.1;9.3;50.6;371.0;147.0;821.0;builder;0.0;15.0;597.0;installer;True;371.0;0.0;0.0;0.0;1.0;RECORD_INSTALL_YEAR;;2024;measured failures, Weibull fit (ZHAW Hubbuch & Vecsei): air 20 yr SD 7, ground 26.7 yr SD 4.7;32.0;63.0;95.0;True;3005.0;2633.0;True;True;T2;True;no PV;543.0;3.717;station normal year (record length does not enter);SLOPE_EXCESS;3912.0;79.0;5271.0;161.2;28.04;9.0;True;True
468185;physical_baseline_v2;2026-09-17T07:56:10Z;EXCESS_CONFIRMED;confirmed excess over code, ranked below the action cut;;;;True;1976_1990;44.0;11.0;phys_rank_value_lo_kwh_yr;fleet;"ranked fleet-wide; per m2 the physics under-predicts newer construction eras by 24-53% (P9/P21), so this order tilts toward older houses - filter by phys_era or use phys_rank_in_era";2446.0;1955.0;False;2446.0;1955.0;4221.0;2266.0;112.5;89.9;194.0;2446.0;1765.0;3824.0;builder;0.0;7.0;513.0;installer;True;895.0;224.0;1328.0;0.0;1.0;RECORD_INSTALL_YEAR;;2024;measured failures, Weibull fit (ZHAW Hubbuch & Vecsei): air 20 yr SD 7, ground 26.7 yr SD 4.7;0.0;0.0;0.0;True;4621.0;2175.0;True;True;T3;True;no PV;1555.0;3.717;station normal year (record length does not enter);INCONCLUSIVE;312.0;-1475.0;863.0;11.5;6.9;;True;True
674801;physical_baseline_v2;2026-09-17T07:56:10Z;INCOMPLETE_AUDIT;never computed - see phys_no_result_reason for this household's cause;meter record too short or lacks season coverage;"none - needs a longer meter record; a visit does not help";True;;;;;phys_rank_value_lo_kwh_yr;fleet;"ranked fleet-wide; per m2 the physics under-predicts newer construction eras by 24-53% (P9/P21), so this order tilts toward older houses - filter by phys_era or use phys_rank_in_era";;;False;;;;;;;;;;;builder;;;;installer;False;;;;;;;;2024;measured failures, Weibull fit (ZHAW Hubbuch & Vecsei): air 20 yr SD 7, ground 26.7 yr SD 4.7;;;;True;;;True;True;;;Unknown;;;station normal year (record length does not enter);NOT_ASSESSABLE;;;;;;;True;True
781007;physical_baseline_v2;2026-09-17T07:56:10Z;EXCESS_CONFIRMED;confirmed excess over code, ranked below the action cut;;;;True;1976_1990;86.0;30.0;phys_rank_value_lo_kwh_yr;fleet;"ranked fleet-wide; per m2 the physics under-predicts newer construction eras by 24-53% (P9/P21), so this order tilts toward older houses - filter by phys_era or use phys_rank_in_era";967.0;912.0;False;967.0;912.0;1927.0;1014.0;54.3;51.3;108.3;967.0;859.0;1658.0;builder;0.0;6.0;341.0;installer;True;967.0;0.0;0.0;0.0;1.0;RECORD_INSTALL_YEAR;;2024;measured failures, Weibull fit (ZHAW Hubbuch & Vecsei): air 20 yr SD 7, ground 26.7 yr SD 4.7;;;;True;2747.0;1780.0;True;True;T2;True;no PV;1552.0;3.717;station normal year (record length does not enter);USES_LESS_THAN_MODELLED;-369.0;-1479.0;-382.0;-17.0;2.66;;True;True
761079;physical_baseline_v2;2026-09-17T07:56:10Z;EXCESS_CONFIRMED;confirmed excess over code, ranked below the action cut;;;;True;1976_1990;46.0;12.0;phys_rank_value_lo_kwh_yr;fleet;"ranked fleet-wide; per m2 the physics under-predicts newer construction eras by 24-53% (P9/P21), so this order tilts toward older houses - filter by phys_era or use phys_rank_in_era";2076.0;1910.0;False;2076.0;1910.0;3338.0;1428.0;98.2;90.4;158.0;2076.0;1800.0;2903.0;builder;0.0;16.0;552.0;installer;True;1622.0;454.0;0.0;0.0;1.0;RECORD_INSTALL_YEAR;;2024;measured failures, Weibull fit (ZHAW Hubbuch & Vecsei): air 20 yr SD 7, ground 26.7 yr SD 4.7;;;;True;4189.0;2113.0;True;True;T2;True;no PV;1377.0;3.717;station normal year (record length does not enter);INCONCLUSIVE;1164.0;-144.0;1287.0;32.2;8.07;;True;True
107998;physical_baseline_v2;2026-09-17T07:56:10Z;INCOMPLETE_AUDIT;never computed - see phys_no_result_reason for this household's cause;meter record too short or lacks season coverage;"none - needs a longer meter record; a visit does not help";True;;;;;phys_rank_value_lo_kwh_yr;fleet;"ranked fleet-wide; per m2 the physics under-predicts newer construction eras by 24-53% (P9/P21), so this order tilts toward older houses - filter by phys_era or use phys_rank_in_era";;;False;;;;;;;;;;;builder;;;;installer;False;;;;;;;;2024;measured failures, Weibull fit (ZHAW Hubbuch & Vecsei): air 20 yr SD 7, ground 26.7 yr SD 4.7;;;;True;;;True;True;;;Unknown;;;station normal year (record length does not enter);NOT_ASSESSABLE;;;;;;;True;True
461089;physical_baseline_v2;2026-09-17T07:56:10Z;EXCESS_CONFIRMED;confirmed excess over code, ranked below the action cut;;;;True;1976_1990;72.0;20.0;phys_rank_value_lo_kwh_yr;fleet;"ranked fleet-wide; per m2 the physics under-predicts newer construction eras by 24-53% (P9/P21), so this order tilts toward older houses - filter by phys_era or use phys_rank_in_era";1184.0;1186.0;False;1184.0;1186.0;2492.0;1306.0;58.4;58.5;123.0;1184.0;1104.0;2169.0;builder;0.0;10.0;437.0;installer;True;1184.0;0.0;0.0;0.0;1.0;RECORD_INSTALL_YEAR;;2024;measured failures, Weibull fit (ZHAW Hubbuch & Vecsei): air 20 yr SD 7, ground 26.7 yr SD 4.7;0.0;0.0;0.0;True;3210.0;2026.0;True;True;T2;True;no PV;1426.0;3.717;station normal year (record length does not enter);USES_LESS_THAN_MODELLED;-565.0;-1886.0;-651.0;-21.4;6.2;;True;True
711368;physical_baseline_v2;2026-09-17T07:56:10Z;INCOMPLETE_AUDIT;never computed - see phys_no_result_reason for this household's cause;meter record too short or lacks season coverage;"none - needs a longer meter record; a visit does not help";True;;;;;phys_rank_value_lo_kwh_yr;fleet;"ranked fleet-wide; per m2 the physics under-predicts newer construction eras by 24-53% (P9/P21), so this order tilts toward older houses - filter by phys_era or use phys_rank_in_era";;;False;;;;;;;;;;;builder;;;;installer;False;;;;;;;;2024;measured failures, Weibull fit (ZHAW Hubbuch & Vecsei): air 20 yr SD 7, ground 26.7 yr SD 4.7;;;;True;;;True;True;;;Unknown;;;station normal year (record length does not enter);NOT_ASSESSABLE;;;;;;;True;True
114109;physical_baseline_v2;2026-09-17T07:56:10Z;EXCESS_CONFIRMED;confirmed excess over code, ranked below the action cut;;;;True;1976_1990;62.0;14.0;phys_rank_value_lo_kwh_yr;fleet;"ranked fleet-wide; per m2 the physics under-predicts newer construction eras by 24-53% (P9/P21), so this order tilts toward older houses - filter by phys_era or use phys_rank_in_era";1608.0;1406.0;False;1608.0;1406.0;2532.0;1126.0;107.8;94.3;169.8;1608.0;1359.0;2190.0;builder;0.0;7.0;416.0;installer;True;1253.0;355.0;0.0;0.0;1.0;RECORD_INSTALL_YEAR;;2024;measured failures, Weibull fit (ZHAW Hubbuch & Vecsei): air 20 yr SD 7, ground 26.7 yr SD 4.7;0.0;0.0;0.0;True;3099.0;1491.0;True;True;T2;True;no PV;1442.0;3.717;station normal year (record length does not enter);INCONCLUSIVE;608.0;-859.0;1051.0;21.6;17.4;;True;True
107114;physical_baseline_v2;2026-09-17T07:56:10Z;EXCESS_CONFIRMED;confirmed excess over code, ranked below the action cut;;;;True;1976_1990;127.0;53.0;phys_rank_value_lo_kwh_yr;fleet;"ranked fleet-wide; per m2 the physics under-predicts newer construction eras by 24-53% (P9/P21), so this order tilts toward older houses - filter by phys_era or use phys_rank_in_era";664.0;297.0;False;664.0;297.0;1948.0;1651.0;37.6;16.9;110.4;664.0;212.0;1665.0;builder;0.0;6.0;349.0;installer;True;664.0;0.0;0.0;0.0;1.0;RECORD_INSTALL_YEAR;;2024;measured failures, Weibull fit (ZHAW Hubbuch & Vecsei): air 20 yr SD 7, ground 26.7 yr SD 4.7;0.0;0.0;0.0;True;2429.0;1765.0;True;True;T3;True;no PV;1415.0;3.717;station normal year (record length does not enter);INCONCLUSIVE;441.0;-996.0;782.0;23.8;12.12;;True;True
671048;physical_baseline_v2;2026-09-17T07:56:10Z;EXCESS_CONFIRMED;confirmed excess over code, ranked below the action cut;;;;True;2001_2010;61.0;16.0;phys_rank_value_lo_kwh_yr;fleet;"ranked fleet-wide; per m2 the physics under-predicts newer construction eras by 24-53% (P9/P21), so this order tilts toward older houses - filter by phys_era or use phys_rank_in_era";1647.0;1564.0;False;1647.0;1564.0;2445.0;881.0;58.5;55.6;86.9;1647.0;1424.0;2104.0;builder;0.0;11.0;456.0;installer;True;422.0;0.0;1225.0;0.0;1.0;RECORD_INSTALL_YEAR;;2024;measured failures, Weibull fit (ZHAW Hubbuch & Vecsei): air 20 yr SD 7, ground 26.7 yr SD 4.7;;;;True;4461.0;2814.0;True;True;T2;True;Unknown;712.0;3.717;station normal year (record length does not enter);SLOPE_EXCESS;1181.0;102.0;1511.0;46.2;0.31;10.0;True;True
109711;physical_baseline_v2;2026-09-17T07:56:10Z;EXCESS_CONFIRMED;confirmed excess over code, ranked below the action cut;;;;True;1991_2000;67.0;9.0;phys_rank_value_lo_kwh_yr;fleet;"ranked fleet-wide; per m2 the physics under-predicts newer construction eras by 24-53% (P9/P21), so this order tilts toward older houses - filter by phys_era or use phys_rank_in_era";1498.0;1312.0;False;1498.0;1312.0;2142.0;830.0;87.8;76.9;125.5;1498.0;1219.0;1947.0;builder;0.0;6.0;331.0;installer;True;170.0;0.0;1328.0;0.0;1.0;RECORD_INSTALL_YEAR;;2024;measured failures, Weibull fit (ZHAW Hubbuch & Vecsei): air 20 yr SD 7, ground 26.7 yr SD 4.7;;;;True;3206.0;1707.0;True;True;T3;True;PV;712.0;3.723;station normal year (record length does not enter);INCONCLUSIVE;289.0;-540.0;419.0;22.2;9.05;;True;True
7610179;physical_baseline_v2;2026-09-17T07:56:10Z;HIGH_EXCESS;confirmed excess over code, in the worst 25% of the fleet by lower bound;;;;True;1991_2000;9.0;2.0;phys_rank_value_lo_kwh_yr;fleet;"ranked fleet-wide; per m2 the physics under-predicts newer construction eras by 24-53% (P9/P21), so this order tilts toward older houses - filter by phys_era or use phys_rank_in_era";3400.0;3062.0;False;3400.0;3062.0;5009.0;1947.0;69.6;62.7;102.5;3400.0;2834.0;4468.0;builder;0.0;27.0;901.0;installer;True;523.0;427.0;2450.0;0.0;1.0;RECORD_INSTALL_YEAR;;2024;measured failures, Weibull fit (ZHAW Hubbuch & Vecsei): air 20 yr SD 7, ground 26.7 yr SD 4.7;;;;True;8287.0;4887.0;True;True;T3;True;Unknown;1135.0;5.349;station normal year (record length does not enter);INCONCLUSIVE;876.0;-907.0;1413.0;19.6;4.73;;True;True
6569121;physical_baseline_v2;2026-09-17T07:56:10Z;HIGH_EXCESS;confirmed excess over code, in the worst 25% of the fleet by lower bound;;;;True;2001_2010;38.0;11.0;phys_rank_value_lo_kwh_yr;fleet;"ranked fleet-wide; per m2 the physics under-predicts newer construction eras by 24-53% (P9/P21), so this order tilts toward older houses - filter by phys_era or use phys_rank_in_era";2304.0;2141.0;False;2304.0;2141.0;3213.0;1072.0;72.0;66.9;100.5;2304.0;2036.0;2912.0;builder;0.0;8.0;476.0;installer;True;467.0;0.0;1837.0;0.0;1.0;RECORD_INSTALL_YEAR;;2024;measured failures, Weibull fit (ZHAW Hubbuch & Vecsei): air 20 yr SD 7, ground 26.7 yr SD 4.7;;;;True;5503.0;3198.0;True;True;T2;True;Unknown;719.0;5.349;station normal year (record length does not enter);INCONCLUSIVE;784.0;-353.0;1014.0;29.6;3.0;;True;True
5011111;physical_baseline_v2;2026-09-17T07:56:10Z;HIGH_EXCESS;confirmed excess over code, in the worst 25% of the fleet by lower bound;;;;True;pre1975;4.0;3.0;phys_rank_value_lo_kwh_yr;fleet;"ranked fleet-wide; per m2 the physics under-predicts newer construction eras by 24-53% (P9/P21), so this order tilts toward older houses - filter by phys_era or use phys_rank_in_era";4788.0;4632.0;False;4788.0;4632.0;7902.0;3270.0;90.9;87.9;150.0;4788.0;4617.0;7251.0;builder;0.0;13.0;924.0;installer;True;4356.0;432.0;0.0;0.0;1.0;RECORD_INSTALL_YEAR;;2024;measured failures, Weibull fit (ZHAW Hubbuch & Vecsei): air 20 yr SD 7, ground 26.7 yr SD 4.7;;;;True;10056.0;5268.0;True;True;T2;True;Unknown;1150.0;5.349;station normal year (record length does not enter);USES_LESS_THAN_MODELLED;-1320.0;-4505.0;-1529.0;-15.8;12.8;;True;True
5661171;physical_baseline_v2;2026-09-17T07:56:10Z;EXCESS_CONFIRMED;confirmed excess over code, ranked below the action cut;;;;True;2001_2010;116.0;23.0;phys_rank_value_lo_kwh_yr;fleet;"ranked fleet-wide; per m2 the physics under-predicts newer construction eras by 24-53% (P9/P21), so this order tilts toward older houses - filter by phys_era or use phys_rank_in_era";479.0;379.0;False;479.0;379.0;1523.0;1144.0;15.0;11.9;47.8;479.0;225.0;1040.0;builder;0.0;8.0;589.0;installer;True;479.0;0.0;0.0;0.0;1.0;RECORD_INSTALL_YEAR;;2024;measured failures, Weibull fit (ZHAW Hubbuch & Vecsei): air 20 yr SD 7, ground 26.7 yr SD 4.7;26.0;52.0;78.0;True;3670.0;3191.0;True;True;T2;True;Unknown;561.0;3.836;station normal year (record length does not enter);SLOPE_EXCESS;2032.0;473.0;2772.0;80.8;12.91;5.0;True;True
110119;physical_baseline_v2;2026-09-17T07:56:10Z;EXCESS_CONFIRMED;confirmed excess over code, ranked below the action cut;;;;True;2001_2010;63.0;17.0;phys_rank_value_lo_kwh_yr;fleet;"ranked fleet-wide; per m2 the physics under-predicts newer construction eras by 24-53% (P9/P21), so this order tilts toward older houses - filter by phys_era or use phys_rank_in_era";1498.0;1388.0;False;1498.0;1388.0;2048.0;661.0;76.6;70.9;104.7;1498.0;1336.0;1858.0;builder;0.0;6.0;283.0;installer;True;273.0;0.0;1225.0;0.0;1.0;RECORD_INSTALL_YEAR;;2024;measured failures, Weibull fit (ZHAW Hubbuch & Vecsei): air 20 yr SD 7, ground 26.7 yr SD 4.7;33.0;66.0;99.0;True;3454.0;1956.0;True;True;T2;True;Unknown;719.0;3.628;station normal year (record length does not enter);INCONCLUSIVE;410.0;-234.0;545.0;26.5;4.46;;True;True
102766;physical_baseline_v2;2026-09-17T07:56:10Z;EXCESS_CONFIRMED;confirmed excess over code, ranked below the action cut;;;;True;2001_2010;53.0;14.0;phys_rank_value_lo_kwh_yr;fleet;"ranked fleet-wide; per m2 the physics under-predicts newer construction eras by 24-53% (P9/P21), so this order tilts toward older houses - filter by phys_era or use phys_rank_in_era";1847.0;1735.0;False;1847.0;1735.0;3053.0;1318.0;64.6;60.7;106.8;1847.0;1534.0;2563.0;builder;0.0;16.0;681.0;installer;True;519.0;0.0;1328.0;0.0;1.0;RECORD_INSTALL_YEAR;;2024;measured failures, Weibull fit (ZHAW Hubbuch & Vecsei): air 20 yr SD 7, ground 26.7 yr SD 4.7;7.0;14.0;20.0;True;4706.0;2858.0;True;True;T2;True;Unknown;719.0;5.349;station normal year (record length does not enter);SLOPE_EXCESS;5107.0;619.0;9106.0;182.4;4.1;4.0;True;True
105900;physical_baseline_v2;2026-09-17T07:56:10Z;HIGH_EXCESS;confirmed excess over code, in the worst 25% of the fleet by lower bound;;;;True;2001_2010;7.0;1.0;phys_rank_value_lo_kwh_yr;fleet;"ranked fleet-wide; per m2 the physics under-predicts newer construction eras by 24-53% (P9/P21), so this order tilts toward older houses - filter by phys_era or use phys_rank_in_era";3679.0;3463.0;False;3679.0;3463.0;4973.0;1510.0;76.6;72.1;103.6;3679.0;3265.0;4517.0;builder;0.0;20.0;692.0;installer;True;617.0;0.0;3062.0;0.0;1.0;RECORD_INSTALL_YEAR;;2024;measured failures, Weibull fit (ZHAW Hubbuch & Vecsei): air 20 yr SD 7, ground 26.7 yr SD 4.7;76.0;153.0;229.0;True;8480.0;4801.0;True;True;T2;True;no PV;537.0;5.349;station normal year (record length does not enter);SLOPE_EXCESS;1435.0;119.0;1623.0;38.6;3.74;9.0;True;True
826780;physical_baseline_v2;2026-09-17T07:56:10Z;EXCESS_CONFIRMED;confirmed excess over code, ranked below the action cut;;;;True;pre1975;104.0;35.0;phys_rank_value_lo_kwh_yr;fleet;"ranked fleet-wide; per m2 the physics under-predicts newer construction eras by 24-53% (P9/P21), so this order tilts toward older houses - filter by phys_era or use phys_rank_in_era";1180.0;535.0;False;1180.0;535.0;2461.0;1926.0;56.0;25.4;116.8;1180.0;447.0;2194.0;builder;0.0;7.0;321.0;installer;True;899.0;281.0;0.0;0.0;1.0;RECORD_INSTALL_YEAR;;2024;measured failures, Weibull fit (ZHAW Hubbuch & Vecsei): air 20 yr SD 7, ground 26.7 yr SD 4.7;;;;True;3286.0;2106.0;True;True;T3;True;PV;842.0;3.717;station normal year (record length does not enter);INCONCLUSIVE;-289.0;-1822.0;519.0;-13.6;6.74;;True;True
698310;physical_baseline_v2;2026-09-17T07:56:10Z;EXCESS_CONFIRMED;confirmed excess over code, ranked below the action cut;;;;True;pre1975;89.0;29.0;phys_rank_value_lo_kwh_yr;fleet;"ranked fleet-wide; per m2 the physics under-predicts newer construction eras by 24-53% (P9/P21), so this order tilts toward older houses - filter by phys_era or use phys_rank_in_era";1880.0;843.0;False;1880.0;843.0;4087.0;3244.0;51.0;22.9;110.8;1880.0;688.0;3827.0;builder;0.0;8.0;477.0;installer;True;1639.0;241.0;0.0;0.0;1.0;RECORD_INSTALL_YEAR;;2024;measured failures, Weibull fit (ZHAW Hubbuch & Vecsei): air 20 yr SD 7, ground 26.7 yr SD 4.7;11.0;22.0;33.0;True;5567.0;3687.0;True;True;T3;True;PV;503.0;3.717;station normal year (record length does not enter);INCONCLUSIVE;60.0;-3107.0;1724.0;1.6;3.01;;True;True
24611;physical_baseline_v2;2026-09-17T07:56:10Z;EXCESS_CONFIRMED;confirmed excess over code, ranked below the action cut;;;;True;pre1975;48.0;18.0;phys_rank_value_lo_kwh_yr;fleet;"ranked fleet-wide; per m2 the physics under-predicts newer construction eras by 24-53% (P9/P21), so this order tilts toward older houses - filter by phys_era or use phys_rank_in_era";2472.0;1829.0;True;2472.0;1829.0;3513.0;1684.0;127.7;94.5;181.5;2472.0;1829.0;3513.0;builder;0.0;0.0;0.0;installer;False;2032.0;440.0;0.0;0.0;1.0;KEEP_IN_LIFE;6.0;2024;measured failures, Weibull fit (ZHAW Hubbuch & Vecsei): air 20 yr SD 7, ground 26.7 yr SD 4.7;3.0;6.0;8.0;True;4407.0;1936.0;True;True;T2;True;Unknown;707.0;3.841;station normal year (record length does not enter);SLOPE_EXCESS;1477.0;478.0;2094.0;36.3;1.85;4.0;True;True
6683113;physical_baseline_v2;2026-09-17T07:56:10Z;EXCESS_CONFIRMED;confirmed excess over code, ranked below the action cut;;;;True;pre1975;43.0;15.0;phys_rank_value_lo_kwh_yr;fleet;"ranked fleet-wide; per m2 the physics under-predicts newer construction eras by 24-53% (P9/P21), so this order tilts toward older houses - filter by phys_era or use phys_rank_in_era";2398.0;1958.0;False;2398.0;1958.0;3909.0;1951.0;82.4;67.3;134.4;2398.0;1905.0;3609.0;builder;0.0;3.0;442.0;installer;True;1971.0;427.0;0.0;0.0;1.0;RECORD_INSTALL_YEAR;;2024;measured failures, Weibull fit (ZHAW Hubbuch & Vecsei): air 20 yr SD 7, ground 26.7 yr SD 4.7;64.0;128.0;192.0;True;5307.0;2909.0;True;True;T3;True;no PV;322.0;3.727;station normal year (record length does not enter);INCONCLUSIVE;-273.0;-2049.0;99.0;-6.9;6.31;;True;True
896968;physical_baseline_v2;2026-09-17T07:56:10Z;EXCESS_CONFIRMED;confirmed excess over code, ranked below the action cut;;;;True;1976_1990;107.0;41.0;phys_rank_value_lo_kwh_yr;fleet;"ranked fleet-wide; per m2 the physics under-predicts newer construction eras by 24-53% (P9/P21), so this order tilts toward older houses - filter by phys_era or use phys_rank_in_era";1064.0;474.0;False;1064.0;474.0;2531.0;2057.0;40.7;18.1;96.9;1064.0;328.0;2231.0;builder;0.0;13.0;452.0;installer;True;1064.0;0.0;0.0;0.0;1.0;RECORD_INSTALL_YEAR;;2024;measured failures, Weibull fit (ZHAW Hubbuch & Vecsei): air 20 yr SD 7, ground 26.7 yr SD 4.7;0.0;0.0;0.0;True;3675.0;2611.0;True;True;T3;True;PV;344.0;3.717;station normal year (record length does not enter);INCONCLUSIVE;446.0;-1993.0;949.0;14.9;2.62;;True;True
9981041;physical_baseline_v2;2026-09-17T07:56:10Z;EXCESS_CONFIRMED;confirmed excess over code, ranked below the action cut;;;;True;2001_2010;139.0;28.0;phys_rank_value_lo_kwh_yr;fleet;"ranked fleet-wide; per m2 the physics under-predicts newer construction eras by 24-53% (P9/P21), so this order tilts toward older houses - filter by phys_era or use phys_rank_in_era";388.0;230.0;False;388.0;230.0;1363.0;1133.0;14.5;8.6;50.8;388.0;115.0;844.0;builder;0.0;9.0;625.0;installer;True;388.0;0.0;0.0;0.0;1.0;RECORD_INSTALL_YEAR;;2024;measured failures, Weibull fit (ZHAW Hubbuch & Vecsei): air 20 yr SD 7, ground 26.7 yr SD 4.7;7.0;14.0;21.0;True;3069.0;2682.0;True;True;T2;True;PV;1168.0;3.628;station normal year (record length does not enter);INCONCLUSIVE;1078.0;-493.0;1242.0;43.3;8.44;;True;True
111710;physical_baseline_v2;2026-09-17T07:56:10Z;EXCESS_CONFIRMED;confirmed excess over code, ranked below the action cut;;;;True;1991_2000;77.0;10.0;phys_rank_value_lo_kwh_yr;fleet;"ranked fleet-wide; per m2 the physics under-predicts newer construction eras by 24-53% (P9/P21), so this order tilts toward older houses - filter by phys_era or use phys_rank_in_era";1649.0;1054.0;False;1649.0;1054.0;2339.0;1285.0;45.5;29.1;64.5;782.0;376.0;1503.0;builder;867.0;589.0;997.0;installer;False;782.0;0.0;0.0;867.0;0.761;REPLACE_END_OF_LIFE;32.0;2024;measured failures, Weibull fit (ZHAW Hubbuch & Vecsei): air 20 yr SD 7, ground 26.7 yr SD 4.7;140.0;280.0;421.0;True;5275.0;3626.0;True;True;T1;True;Unknown;1134.0;5.349;station normal year (record length does not enter);SLOPE_EXCESS;1847.0;527.0;2834.0;41.9;1.56;6.0;True;True
1027273;physical_baseline_v2;2026-09-17T07:56:10Z;HIGH_EXCESS;confirmed excess over code, in the worst 25% of the fleet by lower bound;;;;True;2001_2010;14.0;4.0;phys_rank_value_lo_kwh_yr;fleet;"ranked fleet-wide; per m2 the physics under-predicts newer construction eras by 24-53% (P9/P21), so this order tilts toward older houses - filter by phys_era or use phys_rank_in_era";2985.0;2797.0;False;2985.0;2797.0;4184.0;1387.0;74.5;69.8;104.4;2985.0;2669.0;3728.0;builder;0.0;11.0;613.0;installer;True;536.0;0.0;2450.0;0.0;1.0;RECORD_INSTALL_YEAR;;2024;measured failures, Weibull fit (ZHAW Hubbuch & Vecsei): air 20 yr SD 7, ground 26.7 yr SD 4.7;81.0;161.0;242.0;True;6992.0;4007.0;True;True;T2;True;Unknown;682.0;5.349;station normal year (record length does not enter);INCONCLUSIVE;900.0;-222.0;1086.0;28.3;3.1;;True;True
118117;physical_baseline_v2;2026-09-17T07:56:10Z;INCOMPLETE_AUDIT;never computed - see phys_no_result_reason for this household's cause;building data missing: hp_type_unsupported;record the missing building data - an auditor can do this;True;;;;;phys_rank_value_lo_kwh_yr;fleet;"ranked fleet-wide; per m2 the physics under-predicts newer construction eras by 24-53% (P9/P21), so this order tilts toward older houses - filter by phys_era or use phys_rank_in_era";;;False;;;;;;;;;;;builder;;;;installer;False;;;;;;;;2024;measured failures, Weibull fit (ZHAW Hubbuch & Vecsei): air 20 yr SD 7, ground 26.7 yr SD 4.7;;;;True;;;True;True;;;Unknown;;;station normal year (record length does not enter);NOT_ASSESSABLE;;;;;;;True;True
6981151;physical_baseline_v2;2026-09-17T07:56:10Z;EXCESS_CONFIRMED;confirmed excess over code, ranked below the action cut;;;;True;pre1975;54.0;21.0;phys_rank_value_lo_kwh_yr;fleet;"ranked fleet-wide; per m2 the physics under-predicts newer construction eras by 24-53% (P9/P21), so this order tilts toward older houses - filter by phys_era or use phys_rank_in_era";2023.0;1733.0;False;2023.0;1733.0;3800.0;2067.0;72.3;62.0;135.9;2023.0;1619.0;3369.0;builder;0.0;10.0;467.0;installer;True;2023.0;0.0;0.0;0.0;1.0;RECORD_INSTALL_YEAR;;2024;measured failures, Weibull fit (ZHAW Hubbuch & Vecsei): air 20 yr SD 7, ground 26.7 yr SD 4.7;189.0;378.0;566.0;True;4820.0;2797.0;True;True;T3;True;no PV;1059.0;3.628;station normal year (record length does not enter);SLOPE_EXCESS;5599.0;2091.0;7439.0;135.3;21.65;1.0;True;True
876511;physical_baseline_v2;2026-09-17T07:56:10Z;HIGH_EXCESS;confirmed excess over code, in the worst 25% of the fleet by lower bound;;;;True;1991_2000;2.0;1.0;phys_rank_value_lo_kwh_yr;fleet;"ranked fleet-wide; per m2 the physics under-predicts newer construction eras by 24-53% (P9/P21), so this order tilts toward older houses - filter by phys_era or use phys_rank_in_era";5961.0;5610.0;False;5961.0;5610.0;8377.0;2767.0;70.0;65.9;98.4;5961.0;5308.0;7432.0;builder;0.0;13.0;1308.0;installer;True;1062.0;0.0;4899.0;0.0;1.0;RECORD_INSTALL_YEAR;;2024;measured failures, Weibull fit (ZHAW Hubbuch & Vecsei): air 20 yr SD 7, ground 26.7 yr SD 4.7;268.0;536.0;803.0;True;14476.0;8515.0;True;True;T2;True;Unknown;412.0;5.349;station normal year (record length does not enter);SLOPE_EXCESS;3007.0;521.0;3445.0;43.9;6.86;7.0;True;True
7412010;physical_baseline_v2;2026-09-17T07:56:10Z;EXCESS_CONFIRMED;confirmed excess over code, ranked below the action cut;;;;True;2001_2010;105.0;19.0;phys_rank_value_lo_kwh_yr;fleet;"ranked fleet-wide; per m2 the physics under-predicts newer construction eras by 24-53% (P9/P21), so this order tilts toward older houses - filter by phys_era or use phys_rank_in_era";656.0;532.0;False;656.0;532.0;1809.0;1276.0;13.2;10.7;36.4;656.0;427.0;1202.0;builder;0.0;8.0;742.0;installer;True;656.0;0.0;0.0;0.0;1.0;RECORD_INSTALL_YEAR;;2024;measured failures, Weibull fit (ZHAW Hubbuch & Vecsei): air 20 yr SD 7, ground 26.7 yr SD 4.7;30.0;60.0;90.0;True;5623.0;4968.0;True;True;T2;True;Unknown;783.0;5.349;station normal year (record length does not enter);INCONCLUSIVE;-50.0;-1538.0;103.0;-1.3;0.27;;True;True
7101112;physical_baseline_v2;2026-09-17T07:56:10Z;INCOMPLETE_AUDIT;never computed - see phys_no_result_reason for this household's cause;meter record too short or lacks season coverage;"none - needs a longer meter record; a visit does not help";True;;;;;phys_rank_value_lo_kwh_yr;fleet;"ranked fleet-wide; per m2 the physics under-predicts newer construction eras by 24-53% (P9/P21), so this order tilts toward older houses - filter by phys_era or use phys_rank_in_era";;;False;;;;;;;;;;;builder;;;;installer;False;;;;;;;;2024;measured failures, Weibull fit (ZHAW Hubbuch & Vecsei): air 20 yr SD 7, ground 26.7 yr SD 4.7;;;;True;;;True;True;;;Unknown;;;station normal year (record length does not enter);NOT_ASSESSABLE;;;;;;;True;True
6810910;physical_baseline_v2;2026-09-17T07:56:10Z;EXCESS_CONFIRMED;confirmed excess over code, ranked below the action cut;;;;True;1976_1990;97.0;36.0;phys_rank_value_lo_kwh_yr;fleet;"ranked fleet-wide; per m2 the physics under-predicts newer construction eras by 24-53% (P9/P21), so this order tilts toward older houses - filter by phys_era or use phys_rank_in_era";1779.0;739.0;True;1779.0;739.0;3161.0;2422.0;58.8;24.4;104.5;1779.0;739.0;3161.0;builder;0.0;0.0;0.0;installer;False;1495.0;284.0;0.0;0.0;1.0;KEEP_IN_LIFE;5.0;2024;measured failures, Weibull fit (ZHAW Hubbuch & Vecsei): air 20 yr SD 7, ground 26.7 yr SD 4.7;200.0;399.0;599.0;True;4803.0;3024.0;True;True;T2;True;no PV;1238.0;5.349;station normal year (record length does not enter);INCONCLUSIVE;1391.0;-27.0;2497.0;33.7;1.44;;True;True
9889190;physical_baseline_v2;2026-09-17T07:56:10Z;EXCESS_CONFIRMED;confirmed excess over code, ranked below the action cut;;;;True;pre1975;102.0;33.0;phys_rank_value_lo_kwh_yr;fleet;"ranked fleet-wide; per m2 the physics under-predicts newer construction eras by 24-53% (P9/P21), so this order tilts toward older houses - filter by phys_era or use phys_rank_in_era";1784.0;615.0;True;1784.0;615.0;3031.0;2415.0;70.2;24.2;119.3;1784.0;615.0;3031.0;builder;0.0;0.0;0.0;installer;False;1374.0;409.0;0.0;0.0;1.0;KEEP_IN_LIFE;7.0;2024;measured failures, Weibull fit (ZHAW Hubbuch & Vecsei): air 20 yr SD 7, ground 26.7 yr SD 4.7;0.0;0.0;0.0;True;4323.0;2540.0;True;True;T2;True;no PV;1158.0;3.717;station normal year (record length does not enter);INCONCLUSIVE;-1103.0;-2529.0;34.0;-34.8;5.64;;True;True
6808461;physical_baseline_v2;2026-09-17T07:56:10Z;INCONCLUSIVE;band straddles zero - the excess cannot be resolved at this precision;band straddles zero;none - the sources disagree too widely to resolve this one;False;False;post2010;;;phys_rank_value_lo_kwh_yr;fleet;"ranked fleet-wide; per m2 the physics under-predicts newer construction eras by 24-53% (P9/P21), so this order tilts toward older houses - filter by phys_era or use phys_rank_in_era";49.0;-116.0;True;83.0;-86.0;260.0;346.0;3.5;-3.6;10.9;49.0;-116.0;225.0;builder;34.0;24.0;39.0;installer;False;49.0;0.0;0.0;34.0;0.973;KEEP_IN_LIFE;9.0;2024;measured failures, Weibull fit (ZHAW Hubbuch & Vecsei): air 20 yr SD 7, ground 26.7 yr SD 4.7;0.0;0.0;0.0;True;2470.0;2387.0;True;True;T1;True;no PV;1177.0;3.717;station normal year (record length does not enter);INCONCLUSIVE;16.0;-316.0;257.0;1.2;5.65;;True;True
747511;physical_baseline_v2;2026-09-17T07:56:10Z;INCOMPLETE_AUDIT;never computed - see phys_no_result_reason for this household's cause;meter record too short or lacks season coverage;"none - needs a longer meter record; a visit does not help";True;;;;;phys_rank_value_lo_kwh_yr;fleet;"ranked fleet-wide; per m2 the physics under-predicts newer construction eras by 24-53% (P9/P21), so this order tilts toward older houses - filter by phys_era or use phys_rank_in_era";;;False;;;;;;;;;;;builder;;;;installer;False;;;;;;;;2024;measured failures, Weibull fit (ZHAW Hubbuch & Vecsei): air 20 yr SD 7, ground 26.7 yr SD 4.7;;;;True;;;True;True;;;Unknown;;;station normal year (record length does not enter);NOT_ASSESSABLE;;;;;;;True;True
6773102;physical_baseline_v2;2026-09-17T07:56:10Z;EXCESS_CONFIRMED;confirmed excess over code, ranked below the action cut;;;;True;pre1975;103.0;34.0;phys_rank_value_lo_kwh_yr;fleet;"ranked fleet-wide; per m2 the physics under-predicts newer construction eras by 24-53% (P9/P21), so this order tilts toward older houses - filter by phys_era or use phys_rank_in_era";1501.0;586.0;True;1566.0;637.0;2556.0;1920.0;66.4;27.0;108.4;1501.0;586.0;2498.0;builder;65.0;44.0;67.0;installer;False;1146.0;356.0;0.0;65.0;0.96;KEEP_IN_LIFE;10.0;2024;measured failures, Weibull fit (ZHAW Hubbuch & Vecsei): air 20 yr SD 7, ground 26.7 yr SD 4.7;50.0;101.0;151.0;True;3925.0;2359.0;True;True;T2;True;no PV;1438.0;3.723;station normal year (record length does not enter);INCONCLUSIVE;-155.0;-1184.0;763.0;-5.6;10.18;;True;True
4710670;physical_baseline_v2;2026-09-17T07:56:10Z;HIGH_EXCESS;confirmed excess over code, in the worst 25% of the fleet by lower bound;;;;True;pre1975;16.0;6.0;phys_rank_value_lo_kwh_yr;fleet;"ranked fleet-wide; per m2 the physics under-predicts newer construction eras by 24-53% (P9/P21), so this order tilts toward older houses - filter by phys_era or use phys_rank_in_era";3032.0;2756.0;True;3032.0;2756.0;4222.0;1467.0;98.6;89.6;137.3;3032.0;2756.0;4222.0;builder;0.0;0.0;0.0;installer;False;2742.0;290.0;0.0;0.0;1.0;KEEP_IN_LIFE;7.0;2024;measured failures, Weibull fit (ZHAW Hubbuch & Vecsei): air 20 yr SD 7, ground 26.7 yr SD 4.7;0.0;0.0;0.0;True;6108.0;3076.0;True;True;T1;True;PV;1154.0;3.717;station normal year (record length does not enter);INCONCLUSIVE;1025.0;-638.0;1290.0;18.9;7.46;;True;True
716869;physical_baseline_v2;2026-09-17T07:56:10Z;EXCESS_CONFIRMED;confirmed excess over code, ranked below the action cut;;;;True;1976_1990;110.0;42.0;phys_rank_value_lo_kwh_yr;fleet;"ranked fleet-wide; per m2 the physics under-predicts newer construction eras by 24-53% (P9/P21), so this order tilts toward older houses - filter by phys_era or use phys_rank_in_era";1264.0;433.0;False;1264.0;433.0;2221.0;1788.0;51.5;17.7;90.5;1134.0;336.0;2114.0;builder;131.0;77.0;139.0;installer;False;1134.0;0.0;0.0;131.0;0.931;PLAN_REPLACEMENT;13.0;2024;measured failures, Weibull fit (ZHAW Hubbuch & Vecsei): air 20 yr SD 7, ground 26.7 yr SD 4.7;0.0;0.0;0.0;True;3720.0;2455.0;True;True;T2;True;no PV;1166.0;3.841;station normal year (record length does not enter);INCONCLUSIVE;-556.0;-1653.0;379.0;-18.3;6.3;;True;True
115508;physical_baseline_v2;2026-09-17T07:56:10Z;EXCESS_CONFIRMED;confirmed excess over code, ranked below the action cut;;;;True;pre1975;80.0;26.0;phys_rank_value_lo_kwh_yr;fleet;"ranked fleet-wide; per m2 the physics under-predicts newer construction eras by 24-53% (P9/P21), so this order tilts toward older houses - filter by phys_era or use phys_rank_in_era";1413.0;1008.0;True;1413.0;1008.0;2151.0;1144.0;84.1;59.9;128.0;1413.0;1008.0;2151.0;builder;0.0;0.0;0.0;installer;False;1259.0;154.0;0.0;0.0;1.0;KEEP_IN_LIFE;6.0;2024;measured failures, Weibull fit (ZHAW Hubbuch & Vecsei): air 20 yr SD 7, ground 26.7 yr SD 4.7;0.0;0.0;0.0;True;3094.0;1681.0;True;True;T2;True;no PV;1217.0;3.836;station normal year (record length does not enter);INCONCLUSIVE;676.0;-350.0;1062.0;26.9;11.51;;True;True
781099;physical_baseline_v2;2026-09-17T07:56:10Z;EXCESS_CONFIRMED;confirmed excess over code, ranked below the action cut;;;;True;1976_1990;78.0;25.0;phys_rank_value_lo_kwh_yr;fleet;"ranked fleet-wide; per m2 the physics under-predicts newer construction eras by 24-53% (P9/P21), so this order tilts toward older houses - filter by phys_era or use phys_rank_in_era";1246.0;1034.0;True;1387.0;1151.0;1757.0;606.0;85.9;71.3;108.8;1246.0;1034.0;1614.0;builder;141.0;97.0;156.0;installer;False;1101.0;145.0;0.0;141.0;0.894;KEEP_IN_LIFE;15.0;2024;measured failures, Weibull fit (ZHAW Hubbuch & Vecsei): air 20 yr SD 7, ground 26.7 yr SD 4.7;0.0;0.0;0.0;True;3001.0;1615.0;True;True;T1;True;no PV;1454.0;4.053;station normal year (record length does not enter);INCONCLUSIVE;480.0;-67.0;882.0;19.8;9.8;;True;True
105768;physical_baseline_v2;2026-09-17T07:56:10Z;EXCESS_CONFIRMED;confirmed excess over code, ranked below the action cut;;;;True;pre1975;95.0;31.0;phys_rank_value_lo_kwh_yr;fleet;"ranked fleet-wide; per m2 the physics under-predicts newer construction eras by 24-53% (P9/P21), so this order tilts toward older houses - filter by phys_era or use phys_rank_in_era";2081.0;760.0;True;2081.0;760.0;3371.0;2611.0;102.7;37.5;166.4;2081.0;760.0;3371.0;builder;0.0;0.0;0.0;installer;False;1568.0;513.0;0.0;0.0;1.0;KEEP_IN_LIFE;7.0;2024;measured failures, Weibull fit (ZHAW Hubbuch & Vecsei): air 20 yr SD 7, ground 26.7 yr SD 4.7;44.0;89.0;133.0;True;4107.0;2026.0;True;True;T2;True;PV;1158.0;3.717;station normal year (record length does not enter);INCONCLUSIVE;-498.0;-2222.0;924.0;-13.0;6.11;;True;True
8010411;physical_baseline_v2;2026-09-17T07:56:10Z;INCONCLUSIVE;band straddles zero - the excess cannot be resolved at this precision;band straddles zero;none - the sources disagree too widely to resolve this one;False;False;post2010;;;phys_rank_value_lo_kwh_yr;fleet;"ranked fleet-wide; per m2 the physics under-predicts newer construction eras by 24-53% (P9/P21), so this order tilts toward older houses - filter by phys_era or use phys_rank_in_era";120.0;-95.0;True;120.0;-95.0;315.0;410.0;2.4;-1.9;6.4;120.0;-95.0;315.0;builder;0.0;0.0;0.0;installer;False;120.0;0.0;0.0;0.0;1.0;KEEP_IN_LIFE;6.0;2024;measured failures, Weibull fit (ZHAW Hubbuch & Vecsei): air 20 yr SD 7, ground 26.7 yr SD 4.7;139.0;279.0;418.0;True;5019.0;4900.0;True;True;T1;True;no PV;1126.0;3.628;station normal year (record length does not enter);SLOPE_EXCESS;1618.0;1015.0;2051.0;48.8;8.85;3.0;True;True
7086681;physical_baseline_v2;2026-09-17T07:56:10Z;EXCESS_CONFIRMED;confirmed excess over code, ranked below the action cut;;;;True;2001_2010;123.0;24.0;phys_rank_value_lo_kwh_yr;fleet;"ranked fleet-wide; per m2 the physics under-predicts newer construction eras by 24-53% (P9/P21), so this order tilts toward older houses - filter by phys_era or use phys_rank_in_era";528.0;330.0;False;528.0;330.0;721.0;392.0;25.9;16.2;35.4;380.0;225.0;593.0;builder;148.0;90.0;157.0;installer;False;380.0;0.0;0.0;148.0;0.92;PLAN_REPLACEMENT;14.0;2024;measured failures, Weibull fit (ZHAW Hubbuch & Vecsei): air 20 yr SD 7, ground 26.7 yr SD 4.7;17.0;33.0;50.0;True;2568.0;2040.0;True;True;T1;True;no PV;1396.0;3.717;station normal year (record length does not enter);SLOPE_EXCESS;1837.0;1069.0;2697.0;82.5;0.33;2.0;True;True
868122;physical_baseline_v2;2026-09-17T07:56:10Z;HIGH_EXCESS;confirmed excess over code, in the worst 25% of the fleet by lower bound;;;;True;1976_1990;36.0;10.0;phys_rank_value_lo_kwh_yr;fleet;"ranked fleet-wide; per m2 the physics under-predicts newer construction eras by 24-53% (P9/P21), so this order tilts toward older houses - filter by phys_era or use phys_rank_in_era";2551.0;2176.0;True;2718.0;2306.0;3558.0;1252.0;97.4;82.6;127.5;2551.0;2176.0;3388.0;builder;167.0;99.0;178.0;installer;False;2254.0;297.0;0.0;167.0;0.943;KEEP_IN_LIFE;12.0;2024;measured failures, Weibull fit (ZHAW Hubbuch & Vecsei): air 20 yr SD 7, ground 26.7 yr SD 4.7;3.0;6.0;10.0;True;5509.0;2791.0;True;True;T1;True;no PV;1537.0;3.717;station normal year (record length does not enter);USES_LESS_THAN_MODELLED;-827.0;-1697.0;-357.0;-16.0;3.13;;True;True
881223;physical_baseline_v2;2026-09-17T07:56:10Z;HIGH_EXCESS;confirmed excess over code, in the worst 25% of the fleet by lower bound;;;;True;1976_1990;30.0;7.0;phys_rank_value_lo_kwh_yr;fleet;"ranked fleet-wide; per m2 the physics under-predicts newer construction eras by 24-53% (P9/P21), so this order tilts toward older houses - filter by phys_era or use phys_rank_in_era";3459.0;2404.0;False;3459.0;2404.0;4884.0;2480.0;127.2;88.4;179.6;3197.0;2192.0;4655.0;builder;262.0;162.0;283.0;installer;False;1409.0;563.0;1225.0;262.0;0.908;PLAN_REPLACEMENT;15.0;2024;measured failures, Weibull fit (ZHAW Hubbuch & Vecsei): air 20 yr SD 7, ground 26.7 yr SD 4.7;174.0;348.0;522.0;True;6179.0;2720.0;True;True;T2;True;no PV;1206.0;3.841;station normal year (record length does not enter);SLOPE_EXCESS;4508.0;2769.0;5636.0;105.5;12.12;2.0;True;True
118708;physical_baseline_v2;2026-09-17T07:56:10Z;EXCESS_CONFIRMED;confirmed excess over code, ranked below the action cut;;;;True;1991_2000;157.0;20.0;phys_rank_value_lo_kwh_yr;fleet;"ranked fleet-wide; per m2 the physics under-predicts newer construction eras by 24-53% (P9/P21), so this order tilts toward older houses - filter by phys_era or use phys_rank_in_era";165.0;51.0;True;229.0;105.0;440.0;336.0;15.5;7.1;29.8;165.0;51.0;365.0;builder;64.0;46.0;76.0;installer;False;165.0;0.0;0.0;64.0;0.934;KEEP_IN_LIFE;12.0;2024;measured failures, Weibull fit (ZHAW Hubbuch & Vecsei): air 20 yr SD 7, ground 26.7 yr SD 4.7;31.0;62.0;93.0;True;1708.0;1478.0;True;True;T2;False;no PV;1395.0;3.717;station normal year (record length does not enter);SLOPE_EXCESS;1259.0;804.0;1571.0;111.4;9.04;4.0;True;True
1037610;physical_baseline_v2;2026-09-17T07:56:10Z;INCONCLUSIVE;band straddles zero - the excess cannot be resolved at this precision;band straddles zero;none - the sources disagree too widely to resolve this one;False;False;post2010;;;phys_rank_value_lo_kwh_yr;fleet;"ranked fleet-wide; per m2 the physics under-predicts newer construction eras by 24-53% (P9/P21), so this order tilts toward older houses - filter by phys_era or use phys_rank_in_era";50.0;-137.0;True;50.0;-137.0;240.0;377.0;1.8;-5.0;8.7;50.0;-137.0;240.0;builder;0.0;0.0;0.0;installer;False;50.0;0.0;0.0;0.0;1.0;KEEP_IN_LIFE;5.0;2024;measured failures, Weibull fit (ZHAW Hubbuch & Vecsei): air 20 yr SD 7, ground 26.7 yr SD 4.7;9.0;19.0;28.0;True;2801.0;2750.0;True;True;T1;True;no PV;1240.0;3.723;station normal year (record length does not enter);INCONCLUSIVE;981.0;-93.0;1619.0;72.3;-3.6;;True;True
6885841;physical_baseline_v2;2026-09-17T07:56:10Z;INCONCLUSIVE;band straddles zero - the excess cannot be resolved at this precision;band straddles zero;none - the sources disagree too widely to resolve this one;False;False;post2010;;;phys_rank_value_lo_kwh_yr;fleet;"ranked fleet-wide; per m2 the physics under-predicts newer construction eras by 24-53% (P9/P21), so this order tilts toward older houses - filter by phys_era or use phys_rank_in_era";78.0;-45.0;True;78.0;-45.0;207.0;253.0;2.4;-1.4;6.5;78.0;-45.0;207.0;builder;0.0;0.0;0.0;installer;False;78.0;0.0;0.0;0.0;1.0;KEEP_IN_LIFE;7.0;2024;measured failures, Weibull fit (ZHAW Hubbuch & Vecsei): air 20 yr SD 7, ground 26.7 yr SD 4.7;15.0;30.0;45.0;True;3266.0;3189.0;True;True;T1;True;no PV;1288.0;3.723;station normal year (record length does not enter);INCONCLUSIVE;-96.0;-407.0;183.0;-5.0;3.2;;True;True
2794690;physical_baseline_v2;2026-09-17T07:56:10Z;EXCESS_CONFIRMED;confirmed excess over code, ranked below the action cut;;;;True;1976_1990;134.0;56.0;phys_rank_value_lo_kwh_yr;fleet;"ranked fleet-wide; per m2 the physics under-predicts newer construction eras by 24-53% (P9/P21), so this order tilts toward older houses - filter by phys_era or use phys_rank_in_era";778.0;251.0;True;778.0;251.0;1479.0;1228.0;22.7;7.3;43.1;778.0;251.0;1479.0;builder;0.0;0.0;0.0;installer;False;778.0;0.0;0.0;0.0;1.0;KEEP_IN_LIFE;6.0;2024;measured failures, Weibull fit (ZHAW Hubbuch & Vecsei): air 20 yr SD 7, ground 26.7 yr SD 4.7;0.0;0.0;0.0;True;4208.0;3431.0;True;True;T2;True;no PV;1214.0;3.723;station normal year (record length does not enter);INCONCLUSIVE;775.0;-67.0;1417.0;35.8;5.42;;True;True
111119;physical_baseline_v2;2026-09-17T07:56:10Z;EXCESS_CONFIRMED;confirmed excess over code, ranked below the action cut;;;;True;1976_1990;82.0;27.0;phys_rank_value_lo_kwh_yr;fleet;"ranked fleet-wide; per m2 the physics under-predicts newer construction eras by 24-53% (P9/P21), so this order tilts toward older houses - filter by phys_era or use phys_rank_in_era";1110.0;958.0;True;1110.0;958.0;1777.0;819.0;60.3;52.1;96.6;1110.0;958.0;1777.0;builder;0.0;0.0;0.0;installer;False;1110.0;0.0;0.0;0.0;1.0;KEEP_IN_LIFE;7.0;2024;measured failures, Weibull fit (ZHAW Hubbuch & Vecsei): air 20 yr SD 7, ground 26.7 yr SD 4.7;0.0;0.0;0.0;True;2949.0;1839.0;True;True;T1;True;no PV;1550.0;3.717;station normal year (record length does not enter);USES_LESS_THAN_MODELLED;-452.0;-1128.0;-340.0;-19.1;5.12;;True;True
105807;physical_baseline_v2;2026-09-17T07:56:10Z;EXCESS_CONFIRMED;confirmed excess over code, ranked below the action cut;;;;True;1976_1990;115.0;45.0;phys_rank_value_lo_kwh_yr;fleet;"ranked fleet-wide; per m2 the physics under-predicts newer construction eras by 24-53% (P9/P21), so this order tilts toward older houses - filter by phys_era or use phys_rank_in_era";1046.0;397.0;True;1306.0;599.0;1993.0;1394.0;73.3;33.6;111.8;1046.0;397.0;1752.0;builder;260.0;177.0;275.0;installer;False;877.0;169.0;0.0;260.0;0.841;KEEP_IN_LIFE;19.0;2024;measured failures, Weibull fit (ZHAW Hubbuch & Vecsei): air 20 yr SD 7, ground 26.7 yr SD 4.7;99.0;198.0;297.0;True;3088.0;1782.0;True;True;T2;True;no PV;1243.0;3.723;station normal year (record length does not enter);SLOPE_EXCESS;3076.0;2173.0;3737.0;122.5;11.86;3.0;True;True
7374981;physical_baseline_v2;2026-09-17T07:56:10Z;EXCESS_CONFIRMED;confirmed excess over code, ranked below the action cut;;;;True;post2010;156.0;3.0;phys_rank_value_lo_kwh_yr;fleet;"ranked fleet-wide; per m2 the physics under-predicts newer construction eras by 24-53% (P9/P21), so this order tilts toward older houses - filter by phys_era or use phys_rank_in_era";308.0;65.0;False;308.0;65.0;478.0;414.0;7.1;1.5;11.0;111.0;-91.0;306.0;builder;197.0;119.0;212.0;installer;False;111.0;0.0;0.0;197.0;0.931;PLAN_REPLACEMENT;13.0;2024;measured failures, Weibull fit (ZHAW Hubbuch & Vecsei): air 20 yr SD 7, ground 26.7 yr SD 4.7;104.0;208.0;312.0;True;4675.0;4367.0;True;True;T1;True;PV;1159.0;5.349;station normal year (record length does not enter);SLOPE_EXCESS;3635.0;2613.0;4395.0;122.3;-0.28;2.0;True;True
861116;physical_baseline_v2;2026-09-17T07:56:10Z;EXCESS_CONFIRMED;confirmed excess over code, ranked below the action cut;;;;True;1976_1990;100.0;39.0;phys_rank_value_lo_kwh_yr;fleet;"ranked fleet-wide; per m2 the physics under-predicts newer construction eras by 24-53% (P9/P21), so this order tilts toward older houses - filter by phys_era or use phys_rank_in_era";1702.0;689.0;False;1702.0;689.0;2629.0;1940.0;68.2;27.6;105.3;1231.0;350.0;2208.0;builder;471.0;264.0;485.0;installer;False;1231.0;0.0;0.0;471.0;0.794;REPLACE_END_OF_LIFE;44.0;2024;measured failures, Weibull fit (ZHAW Hubbuch & Vecsei): air 20 yr SD 7, ground 26.7 yr SD 4.7;62.0;124.0;187.0;True;4199.0;2497.0;True;True;T2;True;no PV;1365.0;3.727;station normal year (record length does not enter);INCONCLUSIVE;-867.0;-1958.0;281.0;-24.6;9.5;;True;True
108511;physical_baseline_v2;2026-09-17T07:56:10Z;EXCESS_CONFIRMED;confirmed excess over code, ranked below the action cut;;;;True;2001_2010;146.0;31.0;phys_rank_value_lo_kwh_yr;fleet;"ranked fleet-wide; per m2 the physics under-predicts newer construction eras by 24-53% (P9/P21), so this order tilts toward older houses - filter by phys_era or use phys_rank_in_era";414.0;189.0;True;791.0;515.0;1148.0;633.0;25.5;16.6;37.1;414.0;189.0;793.0;builder;377.0;258.0;423.0;installer;False;414.0;0.0;0.0;377.0;0.814;KEEP_IN_LIFE;21.0;2024;measured failures, Weibull fit (ZHAW Hubbuch & Vecsei): air 20 yr SD 7, ground 26.7 yr SD 4.7;0.0;0.0;0.0;True;3886.0;3096.0;True;True;T1;True;no PV;804.0;3.717;station normal year (record length does not enter);SLOPE_EXCESS;1326.0;406.0;2215.0;54.3;10.29;7.0;True;True
119701;physical_baseline_v2;2026-09-17T07:56:10Z;INCOMPLETE_AUDIT;never computed - see phys_no_result_reason for this household's cause;meter record too short or lacks season coverage;"none - needs a longer meter record; a visit does not help";True;;;;;phys_rank_value_lo_kwh_yr;fleet;"ranked fleet-wide; per m2 the physics under-predicts newer construction eras by 24-53% (P9/P21), so this order tilts toward older houses - filter by phys_era or use phys_rank_in_era";;;False;;;;;;;;;;;builder;;;;installer;False;;;;;;;;2024;measured failures, Weibull fit (ZHAW Hubbuch & Vecsei): air 20 yr SD 7, ground 26.7 yr SD 4.7;;;;True;;;True;True;;;Unknown;;;station normal year (record length does not enter);NOT_ASSESSABLE;;;;;;;True;True
86109;physical_baseline_v2;2026-09-17T07:56:10Z;EXCESS_CONFIRMED;confirmed excess over code, ranked below the action cut;;;;True;1976_1990;135.0;57.0;phys_rank_value_lo_kwh_yr;fleet;"ranked fleet-wide; per m2 the physics under-predicts newer construction eras by 24-53% (P9/P21), so this order tilts toward older houses - filter by phys_era or use phys_rank_in_era";937.0;248.0;True;956.0;262.0;1787.0;1525.0;41.4;11.3;77.4;937.0;248.0;1775.0;builder;19.0;11.0;20.0;installer;False;937.0;0.0;0.0;19.0;0.989;KEEP_IN_LIFE;8.0;2024;measured failures, Weibull fit (ZHAW Hubbuch & Vecsei): air 20 yr SD 7, ground 26.7 yr SD 4.7;0.0;0.0;0.0;True;3266.0;2309.0;True;True;T2;True;no PV;1434.0;3.717;station normal year (record length does not enter);INCONCLUSIVE;-52.0;-951.0;625.0;-2.0;3.43;;True;True
1037311;physical_baseline_v2;2026-09-17T07:56:10Z;EXCESS_CONFIRMED;confirmed excess over code, ranked below the action cut;;;;True;1976_1990;150.0;62.0;phys_rank_value_lo_kwh_yr;fleet;"ranked fleet-wide; per m2 the physics under-predicts newer construction eras by 24-53% (P9/P21), so this order tilts toward older houses - filter by phys_era or use phys_rank_in_era";601.0;163.0;True;601.0;163.0;1236.0;1073.0;30.5;8.3;62.7;601.0;163.0;1236.0;builder;0.0;0.0;0.0;installer;False;601.0;0.0;0.0;0.0;1.0;KEEP_IN_LIFE;4.0;2024;measured failures, Weibull fit (ZHAW Hubbuch & Vecsei): air 20 yr SD 7, ground 26.7 yr SD 4.7;0.0;0.0;0.0;True;2573.0;1971.0;True;True;T2;True;no PV;1163.0;3.717;station normal year (record length does not enter);USES_LESS_THAN_MODELLED;-645.0;-1432.0;-186.0;-37.8;1.87;;True;True
768498;physical_baseline_v2;2026-09-17T07:56:10Z;INCOMPLETE_AUDIT;never computed - see phys_no_result_reason for this household's cause;meter record too short or lacks season coverage;"none - needs a longer meter record; a visit does not help";True;;;;;phys_rank_value_lo_kwh_yr;fleet;"ranked fleet-wide; per m2 the physics under-predicts newer construction eras by 24-53% (P9/P21), so this order tilts toward older houses - filter by phys_era or use phys_rank_in_era";;;False;;;;;;;;;;;builder;;;;installer;False;;;;;;;;2024;measured failures, Weibull fit (ZHAW Hubbuch & Vecsei): air 20 yr SD 7, ground 26.7 yr SD 4.7;;;;True;;;True;True;;;Unknown;;;station normal year (record length does not enter);NOT_ASSESSABLE;;;;;;;True;True
116121;physical_baseline_v2;2026-09-17T07:56:10Z;HIGH_EXCESS;confirmed excess over code, in the worst 25% of the fleet by lower bound;;;;True;pre1975;1.0;1.0;phys_rank_value_lo_kwh_yr;fleet;"ranked fleet-wide; per m2 the physics under-predicts newer construction eras by 24-53% (P9/P21), so this order tilts toward older houses - filter by phys_era or use phys_rank_in_era";7988.0;7142.0;False;7988.0;7142.0;9935.0;2793.0;187.3;167.5;233.0;7527.0;6787.0;9502.0;builder;461.0;286.0;499.0;installer;False;5313.0;989.0;1225.0;461.0;0.908;PLAN_REPLACEMENT;15.0;2024;measured failures, Weibull fit (ZHAW Hubbuch & Vecsei): air 20 yr SD 7, ground 26.7 yr SD 4.7;0.0;0.0;0.0;True;12251.0;4264.0;True;True;T1;True;no PV;1241.0;4.053;station normal year (record length does not enter);USES_LESS_THAN_MODELLED;-1952.0;-4373.0;-1112.0;-18.9;3.45;;True;True
120741;physical_baseline_v2;2026-09-17T07:56:10Z;EXCESS_CONFIRMED;confirmed excess over code, ranked below the action cut;;;;True;1976_1990;68.0;17.0;phys_rank_value_lo_kwh_yr;fleet;"ranked fleet-wide; per m2 the physics under-predicts newer construction eras by 24-53% (P9/P21), so this order tilts toward older houses - filter by phys_era or use phys_rank_in_era";1546.0;1309.0;False;1546.0;1309.0;2054.0;745.0;68.5;58.0;91.1;1409.0;1196.0;1938.0;builder;137.0;87.0;150.0;installer;False;1409.0;0.0;0.0;137.0;0.92;PLAN_REPLACEMENT;14.0;2024;measured failures, Weibull fit (ZHAW Hubbuch & Vecsei): air 20 yr SD 7, ground 26.7 yr SD 4.7;66.0;132.0;198.0;True;3801.0;2255.0;True;True;T1;True;no PV;1208.0;3.717;station normal year (record length does not enter);SLOPE_EXCESS;2706.0;2026.0;3310.0;86.7;3.57;4.0;True;True
114721;physical_baseline_v2;2026-09-17T07:56:10Z;EXCESS_CONFIRMED;confirmed excess over code, ranked below the action cut;;;;True;1976_1990;98.0;37.0;phys_rank_value_lo_kwh_yr;fleet;"ranked fleet-wide; per m2 the physics under-predicts newer construction eras by 24-53% (P9/P21), so this order tilts toward older houses - filter by phys_era or use phys_rank_in_era";1507.0;697.0;False;1507.0;697.0;2470.0;1773.0;70.1;32.4;114.8;1270.0;499.0;2220.0;builder;237.0;139.0;255.0;installer;False;1092.0;178.0;0.0;237.0;0.874;PLAN_REPLACEMENT;18.0;2024;measured failures, Weibull fit (ZHAW Hubbuch & Vecsei): air 20 yr SD 7, ground 26.7 yr SD 4.7;93.0;186.0;279.0;True;3658.0;2151.0;True;True;T2;True;no PV;1520.0;3.717;station normal year (record length does not enter);SLOPE_EXCESS;1752.0;657.0;2788.0;58.8;9.33;7.0;True;True
815461;physical_baseline_v2;2026-09-17T07:56:10Z;EXCESS_CONFIRMED;confirmed excess over code, ranked below the action cut;;;;True;1976_1990;140.0;58.0;phys_rank_value_lo_kwh_yr;fleet;"ranked fleet-wide; per m2 the physics under-predicts newer construction eras by 24-53% (P9/P21), so this order tilts toward older houses - filter by phys_era or use phys_rank_in_era";862.0;226.0;True;1102.0;426.0;2039.0;1614.0;55.7;21.5;103.1;862.0;226.0;1785.0;builder;240.0;168.0;268.0;installer;False;862.0;0.0;0.0;240.0;0.854;KEEP_IN_LIFE;18.0;2024;measured failures, Weibull fit (ZHAW Hubbuch & Vecsei): air 20 yr SD 7, ground 26.7 yr SD 4.7;;;;True;3080.0;1978.0;True;True;T2;True;PV;1142.0;3.723;station normal year (record length does not enter);INCONCLUSIVE;586.0;-685.0;1417.0;23.4;1.73;;True;True
1678757;physical_baseline_v2;2026-09-17T07:56:10Z;EXCESS_CONFIRMED;confirmed excess over code, ranked below the action cut;;;;True;1976_1990;126.0;52.0;phys_rank_value_lo_kwh_yr;fleet;"ranked fleet-wide; per m2 the physics under-predicts newer construction eras by 24-53% (P9/P21), so this order tilts toward older houses - filter by phys_era or use phys_rank_in_era";1097.0;313.0;True;1120.0;335.0;2141.0;1805.0;41.5;12.4;79.3;1097.0;313.0;2119.0;builder;23.0;14.0;25.0;installer;False;1097.0;0.0;0.0;23.0;0.989;KEEP_IN_LIFE;8.0;2024;measured failures, Weibull fit (ZHAW Hubbuch & Vecsei): air 20 yr SD 7, ground 26.7 yr SD 4.7;0.0;0.0;0.0;True;3821.0;2700.0;True;True;T2;True;no PV;1437.0;4.053;station normal year (record length does not enter);INCONCLUSIVE;-822.0;-1993.0;42.0;-26.2;1.55;;True;True
971071;physical_baseline_v2;2026-09-17T07:56:10Z;EXCESS_CONFIRMED;confirmed excess over code, ranked below the action cut;;;;True;1976_1990;122.0;50.0;phys_rank_value_lo_kwh_yr;fleet;"ranked fleet-wide; per m2 the physics under-predicts newer construction eras by 24-53% (P9/P21), so this order tilts toward older houses - filter by phys_era or use phys_rank_in_era";1206.0;342.0;True;1312.0;426.0;2481.0;2055.0;45.4;14.7;85.8;1206.0;342.0;2400.0;builder;106.0;66.0;118.0;installer;False;1206.0;0.0;0.0;106.0;0.954;KEEP_IN_LIFE;11.0;2024;measured failures, Weibull fit (ZHAW Hubbuch & Vecsei): air 20 yr SD 7, ground 26.7 yr SD 4.7;0.0;0.0;0.0;True;4204.0;2892.0;True;True;T2;True;no PV;1566.0;3.717;station normal year (record length does not enter);INCONCLUSIVE;349.0;-1413.0;1610.0;9.9;6.58;;True;True
121728;physical_baseline_v2;2026-09-17T07:56:10Z;INCONCLUSIVE;band straddles zero - the excess cannot be resolved at this precision;band straddles zero;none - the sources disagree too widely to resolve this one;False;False;post2010;;;phys_rank_value_lo_kwh_yr;fleet;"ranked fleet-wide; per m2 the physics under-predicts newer construction eras by 24-53% (P9/P21), so this order tilts toward older houses - filter by phys_era or use phys_rank_in_era";81.0;-219.0;True;176.0;-133.0;508.0;642.0;4.1;-3.1;11.8;81.0;-219.0;413.0;builder;95.0;67.0;109.0;installer;False;81.0;0.0;0.0;95.0;0.96;KEEP_IN_LIFE;10.0;2024;measured failures, Weibull fit (ZHAW Hubbuch & Vecsei): air 20 yr SD 7, ground 26.7 yr SD 4.7;0.0;0.0;0.0;True;4486.0;4310.0;True;True;T1;True;no PV;1561.0;3.717;station normal year (record length does not enter);USES_LESS_THAN_MODELLED;-853.0;-1477.0;-630.0;-34.6;3.33;;True;True
114798;physical_baseline_v2;2026-09-17T07:56:10Z;HIGH_EXCESS;confirmed excess over code, in the worst 25% of the fleet by lower bound;;;;True;pre1975;40.0;13.0;phys_rank_value_lo_kwh_yr;fleet;"ranked fleet-wide; per m2 the physics under-predicts newer construction eras by 24-53% (P9/P21), so this order tilts toward older houses - filter by phys_era or use phys_rank_in_era";2790.0;2037.0;True;3018.0;2205.0;4151.0;1946.0;117.1;85.5;161.0;2790.0;2037.0;3923.0;builder;227.0;154.0;249.0;installer;False;2285.0;506.0;0.0;227.0;0.907;KEEP_IN_LIFE;14.0;2024;measured failures, Weibull fit (ZHAW Hubbuch & Vecsei): air 20 yr SD 7, ground 26.7 yr SD 4.7;0.0;0.0;0.0;True;5596.0;2578.0;True;True;T2;True;no PV;1075.0;3.723;station normal year (record length does not enter);USES_LESS_THAN_MODELLED;-1967.0;-3504.0;-1133.0;-41.6;10.02;;True;True
1081057;physical_baseline_v2;2026-09-17T07:56:10Z;INCONCLUSIVE;band straddles zero - the excess cannot be resolved at this precision;band straddles zero;none - the sources disagree too widely to resolve this one;False;False;post2010;;;phys_rank_value_lo_kwh_yr;fleet;"ranked fleet-wide; per m2 the physics under-predicts newer construction eras by 24-53% (P9/P21), so this order tilts toward older houses - filter by phys_era or use phys_rank_in_era";53.0;-131.0;True;53.0;-131.0;221.0;352.0;2.1;-5.4;9.0;53.0;-131.0;221.0;builder;0.0;0.0;0.0;installer;False;53.0;0.0;0.0;0.0;1.0;KEEP_IN_LIFE;4.0;2024;measured failures, Weibull fit (ZHAW Hubbuch & Vecsei): air 20 yr SD 7, ground 26.7 yr SD 4.7;9.0;19.0;28.0;True;2499.0;2446.0;True;True;T1;True;no PV;1199.0;3.723;station normal year (record length does not enter);USES_LESS_THAN_MODELLED;-533.0;-820.0;-288.0;-39.6;3.84;;True;True
9776611;physical_baseline_v2;2026-09-17T07:56:10Z;INCONCLUSIVE;band straddles zero - the excess cannot be resolved at this precision;band straddles zero;none - the sources disagree too widely to resolve this one;False;False;post2010;;;phys_rank_value_lo_kwh_yr;fleet;"ranked fleet-wide; per m2 the physics under-predicts newer construction eras by 24-53% (P9/P21), so this order tilts toward older houses - filter by phys_era or use phys_rank_in_era";67.0;-41.0;True;67.0;-41.0;191.0;232.0;2.5;-1.5;7.0;67.0;-41.0;191.0;builder;0.0;0.0;0.0;installer;False;67.0;0.0;0.0;0.0;1.0;KEEP_IN_LIFE;5.0;2024;measured failures, Weibull fit (ZHAW Hubbuch & Vecsei): air 20 yr SD 7, ground 26.7 yr SD 4.7;22.0;43.0;65.0;True;2790.0;2723.0;True;True;T1;True;no PV;1246.0;3.723;station normal year (record length does not enter);INCONCLUSIVE;203.0;-49.0;386.0;11.5;1.31;;True;True
996610;physical_baseline_v2;2026-09-17T07:56:10Z;INCOMPLETE_AUDIT;never computed - see phys_no_result_reason for this household's cause;meter record too short or lacks season coverage;"none - needs a longer meter record; a visit does not help";True;;;;;phys_rank_value_lo_kwh_yr;fleet;"ranked fleet-wide; per m2 the physics under-predicts newer construction eras by 24-53% (P9/P21), so this order tilts toward older houses - filter by phys_era or use phys_rank_in_era";;;False;;;;;;;;;;;builder;;;;installer;False;;;;;;;;2024;measured failures, Weibull fit (ZHAW Hubbuch & Vecsei): air 20 yr SD 7, ground 26.7 yr SD 4.7;;;;True;;;True;True;;;Unknown;;;station normal year (record length does not enter);NOT_ASSESSABLE;;;;;;;True;True
7411010;physical_baseline_v2;2026-09-17T07:56:10Z;INCONCLUSIVE;band straddles zero - the excess cannot be resolved at this precision;band straddles zero;none - the sources disagree too widely to resolve this one;False;False;post2010;;;phys_rank_value_lo_kwh_yr;fleet;"ranked fleet-wide; per m2 the physics under-predicts newer construction eras by 24-53% (P9/P21), so this order tilts toward older houses - filter by phys_era or use phys_rank_in_era";98.0;-74.0;True;127.0;-53.0;288.0;340.0;3.3;-1.4;7.5;98.0;-74.0;265.0;builder;29.0;17.0;30.0;installer;False;98.0;0.0;0.0;29.0;0.989;KEEP_IN_LIFE;8.0;2024;measured failures, Weibull fit (ZHAW Hubbuch & Vecsei): air 20 yr SD 7, ground 26.7 yr SD 4.7;104.0;208.0;313.0;True;3950.0;3824.0;True;True;T1;True;no PV;1553.0;3.717;station normal year (record length does not enter);INCONCLUSIVE;116.0;-421.0;368.0;4.5;2.15;;True;True
512280;physical_baseline_v2;2026-09-17T07:56:10Z;INCONCLUSIVE;band straddles zero - the excess cannot be resolved at this precision;band straddles zero;none - the sources disagree too widely to resolve this one;False;False;post2010;;;phys_rank_value_lo_kwh_yr;fleet;"ranked fleet-wide; per m2 the physics under-predicts newer construction eras by 24-53% (P9/P21), so this order tilts toward older houses - filter by phys_era or use phys_rank_in_era";81.0;-206.0;True;163.0;-135.0;416.0;551.0;5.2;-4.3;13.3;81.0;-206.0;345.0;builder;82.0;59.0;96.0;installer;False;81.0;0.0;0.0;82.0;0.96;KEEP_IN_LIFE;10.0;2024;measured failures, Weibull fit (ZHAW Hubbuch & Vecsei): air 20 yr SD 7, ground 26.7 yr SD 4.7;16.0;31.0;47.0;True;3299.0;3136.0;True;True;T1;True;no PV;1427.0;4.053;station normal year (record length does not enter);USES_LESS_THAN_MODELLED;-373.0;-923.0;-131.0;-17.4;5.95;;True;True
7710511;physical_baseline_v2;2026-09-17T07:56:10Z;HIGH_EXCESS;confirmed excess over code, in the worst 25% of the fleet by lower bound;;;;True;pre1975;26.0;10.0;phys_rank_value_lo_kwh_yr;fleet;"ranked fleet-wide; per m2 the physics under-predicts newer construction eras by 24-53% (P9/P21), so this order tilts toward older houses - filter by phys_era or use phys_rank_in_era";3270.0;2477.0;False;3270.0;2477.0;4499.0;2022.0;112.6;85.3;154.9;3093.0;2341.0;4352.0;builder;177.0;109.0;185.0;installer;False;2574.0;519.0;0.0;177.0;0.931;PLAN_REPLACEMENT;13.0;2024;measured failures, Weibull fit (ZHAW Hubbuch & Vecsei): air 20 yr SD 7, ground 26.7 yr SD 4.7;154.0;308.0;463.0;True;6174.0;2904.0;True;True;T2;True;no PV;1237.0;3.628;station normal year (record length does not enter);SLOPE_EXCESS;1904.0;486.0;2881.0;37.0;19.84;3.0;True;True
823761;physical_baseline_v2;2026-09-17T07:56:10Z;EXCESS_CONFIRMED;confirmed excess over code, ranked below the action cut;;;;True;1991_2000;129.0;12.0;phys_rank_value_lo_kwh_yr;fleet;"ranked fleet-wide; per m2 the physics under-predicts newer construction eras by 24-53% (P9/P21), so this order tilts toward older houses - filter by phys_era or use phys_rank_in_era";479.0;276.0;True;479.0;276.0;733.0;456.0;16.1;9.3;24.6;479.0;276.0;733.0;builder;0.0;0.0;0.0;installer;False;479.0;0.0;0.0;0.0;1.0;KEEP_IN_LIFE;4.0;2024;measured failures, Weibull fit (ZHAW Hubbuch & Vecsei): air 20 yr SD 7, ground 26.7 yr SD 4.7;0.0;0.0;0.0;True;3463.0;2984.0;True;True;T2;True;no PV;1546.0;3.717;station normal year (record length does not enter);USES_LESS_THAN_MODELLED;-786.0;-1168.0;-534.0;-28.3;4.6;;True;True
1101758;physical_baseline_v2;2026-09-17T07:56:10Z;EXCESS_CONFIRMED;confirmed excess over code, ranked below the action cut;;;;True;1976_1990;149.0;61.0;phys_rank_value_lo_kwh_yr;fleet;"ranked fleet-wide; per m2 the physics under-predicts newer construction eras by 24-53% (P9/P21), so this order tilts toward older houses - filter by phys_era or use phys_rank_in_era";581.0;164.0;True;642.0;221.0;1336.0;1115.0;38.8;13.4;80.8;581.0;164.0;1265.0;builder;60.0;44.0;72.0;installer;False;581.0;0.0;0.0;60.0;0.947;KEEP_IN_LIFE;11.0;2024;measured failures, Weibull fit (ZHAW Hubbuch & Vecsei): air 20 yr SD 7, ground 26.7 yr SD 4.7;0.0;0.0;0.0;True;2295.0;1654.0;True;True;T2;True;no PV;1518.0;3.717;station normal year (record length does not enter);INCONCLUSIVE;-117.0;-887.0;298.0;-6.8;3.81;;True;True
1061168;physical_baseline_v2;2026-09-17T07:56:10Z;INCONCLUSIVE;band straddles zero - the excess cannot be resolved at this precision;band straddles zero;none - the sources disagree too widely to resolve this one;False;False;post2010;;;phys_rank_value_lo_kwh_yr;fleet;"ranked fleet-wide; per m2 the physics under-predicts newer construction eras by 24-53% (P9/P21), so this order tilts toward older houses - filter by phys_era or use phys_rank_in_era";45.0;-99.0;True;103.0;-47.0;259.0;305.0;6.4;-2.9;15.9;45.0;-99.0;201.0;builder;59.0;41.0;70.0;installer;False;45.0;0.0;0.0;59.0;0.947;KEEP_IN_LIFE;11.0;2024;measured failures, Weibull fit (ZHAW Hubbuch & Vecsei): air 20 yr SD 7, ground 26.7 yr SD 4.7;0.0;1.0;1.0;True;1727.0;1624.0;True;True;T1;True;no PV;962.0;3.836;station normal year (record length does not enter);USES_LESS_THAN_MODELLED;-883.0;-1142.0;-700.0;-76.8;0.69;;True;True
808112;physical_baseline_v2;2026-09-17T07:56:10Z;HIGH_EXCESS;confirmed excess over code, in the worst 25% of the fleet by lower bound;;;;True;1976_1990;29.0;6.0;phys_rank_value_lo_kwh_yr;fleet;"ranked fleet-wide; per m2 the physics under-predicts newer construction eras by 24-53% (P9/P21), so this order tilts toward older houses - filter by phys_era or use phys_rank_in_era";2756.0;2418.0;False;2756.0;2418.0;3207.0;789.0;135.5;118.9;157.7;2541.0;2256.0;3016.0;builder;215.0;125.0;231.0;installer;False;1316.0;0.0;1225.0;215.0;0.863;PLAN_REPLACEMENT;19.0;2024;measured failures, Weibull fit (ZHAW Hubbuch & Vecsei): air 20 yr SD 7, ground 26.7 yr SD 4.7;69.0;138.0;207.0;True;4790.0;2034.0;True;True;T1;True;no PV;1451.0;3.628;station normal year (record length does not enter);INCONCLUSIVE;-70.0;-515.0;299.0;-2.4;0.41;;True;True
1019970;physical_baseline_v2;2026-09-17T07:56:10Z;INCONCLUSIVE;band straddles zero - the excess cannot be resolved at this precision;band straddles zero;none - the sources disagree too widely to resolve this one;False;False;post2010;;;phys_rank_value_lo_kwh_yr;fleet;"ranked fleet-wide; per m2 the physics under-predicts newer construction eras by 24-53% (P9/P21), so this order tilts toward older houses - filter by phys_era or use phys_rank_in_era";43.0;-107.0;True;72.0;-82.0;205.0;287.0;3.3;-3.7;9.3;43.0;-107.0;180.0;builder;29.0;21.0;34.0;installer;False;43.0;0.0;0.0;29.0;0.973;KEEP_IN_LIFE;9.0;2024;measured failures, Weibull fit (ZHAW Hubbuch & Vecsei): air 20 yr SD 7, ground 26.7 yr SD 4.7;3.0;6.0;9.0;True;2289.0;2216.0;True;True;T1;True;no PV;1361.0;3.717;station normal year (record length does not enter);INCONCLUSIVE;228.0;-43.0;325.0;20.1;0.18;;True;True
1148611;physical_baseline_v2;2026-09-17T07:56:10Z;HIGH_EXCESS;confirmed excess over code, in the worst 25% of the fleet by lower bound;;;;True;1991_2000;28.0;5.0;phys_rank_value_lo_kwh_yr;fleet;"ranked fleet-wide; per m2 the physics under-predicts newer construction eras by 24-53% (P9/P21), so this order tilts toward older houses - filter by phys_era or use phys_rank_in_era";2860.0;2434.0;False;2860.0;2434.0;3340.0;905.0;121.8;103.7;142.3;2394.0;2068.0;2898.0;builder;465.0;316.0;517.0;installer;False;403.0;0.0;1992.0;465.0;0.761;REPLACE_END_OF_LIFE;31.0;2024;measured failures, Weibull fit (ZHAW Hubbuch & Vecsei): air 20 yr SD 7, ground 26.7 yr SD 4.7;38.0;76.0;114.0;True;5206.0;2347.0;True;True;T1;True;PV;1358.0;3.717;station normal year (record length does not enter);SLOPE_EXCESS;2345.0;1761.0;2839.0;99.9;6.71;3.0;True;True
7048688;physical_baseline_v2;2026-09-17T07:56:10Z;EXCESS_CONFIRMED;confirmed excess over code, ranked below the action cut;;;;True;1976_1990;147.0;60.0;phys_rank_value_lo_kwh_yr;fleet;"ranked fleet-wide; per m2 the physics under-predicts newer construction eras by 24-53% (P9/P21), so this order tilts toward older houses - filter by phys_era or use phys_rank_in_era";571.0;173.0;True;691.0;275.0;1255.0;980.0;33.8;13.5;61.5;571.0;173.0;1157.0;builder;120.0;82.0;135.0;installer;False;571.0;0.0;0.0;120.0;0.881;KEEP_IN_LIFE;16.0;2024;measured failures, Weibull fit (ZHAW Hubbuch & Vecsei): air 20 yr SD 7, ground 26.7 yr SD 4.7;25.0;51.0;76.0;True;2732.0;2041.0;True;True;T2;True;PV;981.0;3.717;station normal year (record length does not enter);INCONCLUSIVE;-106.0;-1063.0;506.0;-6.7;7.17;;True;True
109104;physical_baseline_v2;2026-09-17T07:56:10Z;HIGH_EXCESS;confirmed excess over code, in the worst 25% of the fleet by lower bound;;;;True;pre1975;27.0;11.0;phys_rank_value_lo_kwh_yr;fleet;"ranked fleet-wide; per m2 the physics under-predicts newer construction eras by 24-53% (P9/P21), so this order tilts toward older houses - filter by phys_era or use phys_rank_in_era";3982.0;2438.0;False;3982.0;2438.0;5635.0;3197.0;157.2;96.2;222.5;3642.0;2165.0;5372.0;builder;340.0;198.0;363.0;installer;False;1906.0;511.0;1225.0;340.0;0.874;PLAN_REPLACEMENT;18.0;2024;measured failures, Weibull fit (ZHAW Hubbuch & Vecsei): air 20 yr SD 7, ground 26.7 yr SD 4.7;0.0;0.0;0.0;True;6515.0;2533.0;True;True;T2;True;no PV;1173.0;3.717;station normal year (record length does not enter);INCONCLUSIVE;-1488.0;-3104.0;82.0;-32.3;9.49;;True;True
468646;physical_baseline_v2;2026-09-17T07:56:10Z;EXCESS_CONFIRMED;confirmed excess over code, ranked below the action cut;;;;True;1976_1990;74.0;22.0;phys_rank_value_lo_kwh_yr;fleet;"ranked fleet-wide; per m2 the physics under-predicts newer construction eras by 24-53% (P9/P21), so this order tilts toward older houses - filter by phys_era or use phys_rank_in_era";1188.0;1155.0;False;1188.0;1155.0;2110.0;955.0;56.3;54.7;100.0;1188.0;1086.0;1854.0;builder;0.0;9.0;314.0;installer;True;1188.0;0.0;0.0;0.0;1.0;RECORD_INSTALL_YEAR;;2024;measured failures, Weibull fit (ZHAW Hubbuch & Vecsei): air 20 yr SD 7, ground 26.7 yr SD 4.7;0.0;0.0;0.0;True;3298.0;2110.0;True;True;T2;True;no PV;666.0;3.628;station normal year (record length does not enter);INCONCLUSIVE;1117.0;-194.0;2198.0;42.7;3.64;;True;True
1114639;physical_baseline_v2;2026-09-17T07:56:10Z;EXCESS_CONFIRMED;confirmed excess over code, ranked below the action cut;;;;True;1976_1990;91.0;33.0;phys_rank_value_lo_kwh_yr;fleet;"ranked fleet-wide; per m2 the physics under-predicts newer construction eras by 24-53% (P9/P21), so this order tilts toward older houses - filter by phys_era or use phys_rank_in_era";925.0;826.0;False;925.0;826.0;1812.0;985.0;35.7;31.9;69.9;925.0;762.0;1557.0;builder;0.0;5.0;323.0;installer;True;925.0;0.0;0.0;0.0;1.0;RECORD_INSTALL_YEAR;;2024;measured failures, Weibull fit (ZHAW Hubbuch & Vecsei): air 20 yr SD 7, ground 26.7 yr SD 4.7;0.0;0.0;0.0;True;3516.0;2591.0;True;True;T2;True;no PV;646.0;3.628;station normal year (record length does not enter);SLOPE_EXCESS;1323.0;223.0;1433.0;63.8;7.09;10.0;True;True
671781;physical_baseline_v2;2026-09-17T07:56:10Z;HIGH_EXCESS;confirmed excess over code, in the worst 25% of the fleet by lower bound;;;;True;pre1975;10.0;5.0;phys_rank_value_lo_kwh_yr;fleet;"ranked fleet-wide; per m2 the physics under-predicts newer construction eras by 24-53% (P9/P21), so this order tilts toward older houses - filter by phys_era or use phys_rank_in_era";4266.0;2986.0;False;4266.0;2986.0;5810.0;2823.0;139.4;97.6;189.8;3914.0;2705.0;5480.0;builder;352.0;201.0;376.0;installer;False;1464.0;0.0;2450.0;352.0;0.828;REPLACE_END_OF_LIFE;22.0;2024;measured failures, Weibull fit (ZHAW Hubbuch & Vecsei): air 20 yr SD 7, ground 26.7 yr SD 4.7;4.0;9.0;13.0;True;7326.0;3060.0;True;True;T2;True;no PV;464.0;3.717;station normal year (record length does not enter);USES_LESS_THAN_MODELLED;-1438.0;-2825.0;-272.0;-40.9;0.3;;True;True
768113;physical_baseline_v2;2026-09-17T07:56:10Z;EXCESS_CONFIRMED;confirmed excess over code, ranked below the action cut;;;;True;1976_1990;93.0;34.0;phys_rank_value_lo_kwh_yr;fleet;"ranked fleet-wide; per m2 the physics under-predicts newer construction eras by 24-53% (P9/P21), so this order tilts toward older houses - filter by phys_era or use phys_rank_in_era";1573.0;778.0;True;1573.0;778.0;2525.0;1747.0;69.0;34.1;110.8;1573.0;778.0;2525.0;builder;0.0;0.0;0.0;installer;False;1132.0;441.0;0.0;0.0;1.0;KEEP_IN_LIFE;4.0;2024;measured failures, Weibull fit (ZHAW Hubbuch & Vecsei): air 20 yr SD 7, ground 26.7 yr SD 4.7;0.0;0.0;0.0;True;3852.0;2279.0;True;True;T2;True;PV;908.0;4.053;station normal year (record length does not enter);INCONCLUSIVE;-305.0;-1462.0;620.0;-9.6;0.66;;True;True
122850;physical_baseline_v2;2026-09-17T07:56:10Z;EXCESS_CONFIRMED;confirmed excess over code, ranked below the action cut;;;;True;2001_2010;90.0;18.0;phys_rank_value_lo_kwh_yr;fleet;"ranked fleet-wide; per m2 the physics under-predicts newer construction eras by 24-53% (P9/P21), so this order tilts toward older houses - filter by phys_era or use phys_rank_in_era";933.0;833.0;False;933.0;833.0;1637.0;804.0;57.9;51.7;101.6;933.0;784.0;1317.0;builder;0.0;6.0;380.0;installer;True;269.0;0.0;664.0;0.0;1.0;RECORD_INSTALL_YEAR;;2024;measured failures, Weibull fit (ZHAW Hubbuch & Vecsei): air 20 yr SD 7, ground 26.7 yr SD 4.7;13.0;27.0;40.0;True;2545.0;1612.0;True;True;T2;True;no PV;913.0;3.723;station normal year (record length does not enter);INCONCLUSIVE;514.0;-316.0;550.0;32.3;7.14;;True;True
461104;physical_baseline_v2;2026-09-17T07:56:10Z;EXCESS_CONFIRMED;confirmed excess over code, ranked below the action cut;;;;True;1991_2000;137.0;15.0;phys_rank_value_lo_kwh_yr;fleet;"ranked fleet-wide; per m2 the physics under-predicts newer construction eras by 24-53% (P9/P21), so this order tilts toward older houses - filter by phys_era or use phys_rank_in_era";388.0;234.0;True;388.0;234.0;591.0;356.0;13.2;8.0;20.1;388.0;234.0;591.0;builder;0.0;0.0;0.0;installer;False;388.0;0.0;0.0;0.0;1.0;KEEP_IN_LIFE;3.0;2024;measured failures, Weibull fit (ZHAW Hubbuch & Vecsei): air 20 yr SD 7, ground 26.7 yr SD 4.7;0.0;0.0;0.0;True;3332.0;2944.0;True;True;T1;True;no PV;767.0;3.723;station normal year (record length does not enter);INCONCLUSIVE;11.0;-462.0;294.0;0.5;5.12;;True;True
112810;physical_baseline_v2;2026-09-17T07:56:10Z;EXCESS_CONFIRMED;confirmed excess over code, ranked below the action cut;;;;True;1991_2000;141.0;17.0;phys_rank_value_lo_kwh_yr;fleet;"ranked fleet-wide; per m2 the physics under-predicts newer construction eras by 24-53% (P9/P21), so this order tilts toward older houses - filter by phys_era or use phys_rank_in_era";372.0;220.0;True;372.0;220.0;620.0;400.0;11.9;7.0;19.8;372.0;220.0;620.0;builder;0.0;0.0;0.0;installer;False;372.0;0.0;0.0;0.0;1.0;KEEP_IN_LIFE;6.0;2024;measured failures, Weibull fit (ZHAW Hubbuch & Vecsei): air 20 yr SD 7, ground 26.7 yr SD 4.7;0.0;1.0;1.0;True;3498.0;3126.0;True;True;T1;True;PV;851.0;3.717;station normal year (record length does not enter);INCONCLUSIVE;150.0;-783.0;529.0;7.0;5.41;;True;True
610891;physical_baseline_v2;2026-09-17T07:56:10Z;HIGH_EXCESS;confirmed excess over code, in the worst 25% of the fleet by lower bound;;;;True;2001_2010;13.0;3.0;phys_rank_value_lo_kwh_yr;fleet;"ranked fleet-wide; per m2 the physics under-predicts newer construction eras by 24-53% (P9/P21), so this order tilts toward older houses - filter by phys_era or use phys_rank_in_era";3263.0;2855.0;False;3263.0;2855.0;3889.0;1033.0;90.3;79.0;107.6;2972.0;2599.0;3618.0;builder;291.0;176.0;313.0;installer;False;522.0;0.0;2450.0;291.0;0.886;PLAN_REPLACEMENT;17.0;2024;measured failures, Weibull fit (ZHAW Hubbuch & Vecsei): air 20 yr SD 7, ground 26.7 yr SD 4.7;53.0;106.0;158.0;True;6878.0;3615.0;True;True;T1;True;no PV;824.0;3.723;station normal year (record length does not enter);USES_LESS_THAN_MODELLED;-733.0;-1482.0;-121.0;-23.9;10.4;;True;True
858577;physical_baseline_v2;2026-09-17T07:56:10Z;EXCESS_CONFIRMED;confirmed excess over code, ranked below the action cut;;;;True;1976_1990;73.0;21.0;phys_rank_value_lo_kwh_yr;fleet;"ranked fleet-wide; per m2 the physics under-predicts newer construction eras by 24-53% (P9/P21), so this order tilts toward older houses - filter by phys_era or use phys_rank_in_era";1997.0;1168.0;False;1997.0;1168.0;2971.0;1803.0;97.8;57.2;145.5;1699.0;909.0;2694.0;builder;298.0;173.0;311.0;installer;False;1087.0;0.0;612.0;298.0;0.851;REPLACE_END_OF_LIFE;20.0;2024;measured failures, Weibull fit (ZHAW Hubbuch & Vecsei): air 20 yr SD 7, ground 26.7 yr SD 4.7;60.0;120.0;181.0;True;4039.0;2042.0;True;True;T2;True;no PV;1127.0;3.723;station normal year (record length does not enter);INCONCLUSIVE;438.0;-563.0;1227.0;14.2;6.33;;True;True
8399121;physical_baseline_v2;2026-09-17T07:56:10Z;HIGH_EXCESS;confirmed excess over code, in the worst 25% of the fleet by lower bound;;;;True;2001_2010;12.0;2.0;phys_rank_value_lo_kwh_yr;fleet;"ranked fleet-wide; per m2 the physics under-predicts newer construction eras by 24-53% (P9/P21), so this order tilts toward older houses - filter by phys_era or use phys_rank_in_era";3332.0;2905.0;False;3332.0;2905.0;3913.0;1008.0;90.7;79.1;106.5;2999.0;2641.0;3614.0;builder;333.0;198.0;347.0;installer;False;549.0;0.0;2450.0;333.0;0.874;PLAN_REPLACEMENT;18.0;2024;measured failures, Weibull fit (ZHAW Hubbuch & Vecsei): air 20 yr SD 7, ground 26.7 yr SD 4.7;47.0;95.0;142.0;True;7004.0;3673.0;True;True;T1;True;no PV;478.0;5.349;station normal year (record length does not enter);INCONCLUSIVE;224.0;-859.0;1001.0;7.0;4.12;;True;True
108987;physical_baseline_v2;2026-09-17T07:56:10Z;HIGH_EXCESS;confirmed excess over code, in the worst 25% of the fleet by lower bound;;;;True;2001_2010;32.0;9.0;phys_rank_value_lo_kwh_yr;fleet;"ranked fleet-wide; per m2 the physics under-predicts newer construction eras by 24-53% (P9/P21), so this order tilts toward older houses - filter by phys_era or use phys_rank_in_era";2780.0;2274.0;False;2780.0;2274.0;3270.0;995.0;77.7;63.5;91.3;2450.0;2066.0;2995.0;builder;331.0;193.0;345.0;installer;False;612.0;0.0;1837.0;331.0;0.886;PLAN_REPLACEMENT;17.0;2024;measured failures, Weibull fit (ZHAW Hubbuch & Vecsei): air 20 yr SD 7, ground 26.7 yr SD 4.7;29.0;58.0;87.0;True;6361.0;3580.0;True;True;T1;True;no PV;512.0;5.349;station normal year (record length does not enter);SLOPE_EXCESS;1151.0;455.0;1754.0;32.9;4.22;6.0;True;True
788488;physical_baseline_v2;2026-09-17T07:56:10Z;EXCESS_CONFIRMED;confirmed excess over code, ranked below the action cut;;;;True;2001_2010;108.0;20.0;phys_rank_value_lo_kwh_yr;fleet;"ranked fleet-wide; per m2 the physics under-predicts newer construction eras by 24-53% (P9/P21), so this order tilts toward older houses - filter by phys_era or use phys_rank_in_era";731.0;456.0;True;731.0;456.0;1176.0;719.0;16.2;10.1;26.1;731.0;456.0;1176.0;builder;0.0;0.0;0.0;installer;False;731.0;0.0;0.0;0.0;1.0;KEEP_IN_LIFE;5.0;2024;measured failures, Weibull fit (ZHAW Hubbuch & Vecsei): air 20 yr SD 7, ground 26.7 yr SD 4.7;0.0;0.0;0.0;True;5242.0;4511.0;True;True;T1;True;no PV;599.0;5.349;station normal year (record length does not enter);INCONCLUSIVE;584.0;-546.0;1118.0;13.8;2.93;;True;True
7099511;physical_baseline_v2;2026-09-17T07:56:10Z;INCOMPLETE_AUDIT;never computed - see phys_no_result_reason for this household's cause;building data missing: no_era;record the missing building data - an auditor can do this;True;;;;;phys_rank_value_lo_kwh_yr;fleet;"ranked fleet-wide; per m2 the physics under-predicts newer construction eras by 24-53% (P9/P21), so this order tilts toward older houses - filter by phys_era or use phys_rank_in_era";;;False;;;;;;;;;;;builder;;;;installer;False;;;;;;;;2024;measured failures, Weibull fit (ZHAW Hubbuch & Vecsei): air 20 yr SD 7, ground 26.7 yr SD 4.7;;;;True;;;True;True;;;Unknown;;;station normal year (record length does not enter);NOT_ASSESSABLE;;;;;;;True;True
865116;physical_baseline_v2;2026-09-17T07:56:10Z;HIGH_EXCESS;confirmed excess over code, in the worst 25% of the fleet by lower bound;;;;True;1976_1990;21.0;5.0;phys_rank_value_lo_kwh_yr;fleet;"ranked fleet-wide; per m2 the physics under-predicts newer construction eras by 24-53% (P9/P21), so this order tilts toward older houses - filter by phys_era or use phys_rank_in_era";2762.0;2669.0;False;2762.0;2669.0;4010.0;1342.0;106.6;102.9;154.7;2762.0;2613.0;3638.0;builder;0.0;5.0;416.0;installer;True;1537.0;0.0;1225.0;0.0;1.0;RECORD_INSTALL_YEAR;;2024;measured failures, Weibull fit (ZHAW Hubbuch & Vecsei): air 20 yr SD 7, ground 26.7 yr SD 4.7;0.0;0.0;0.0;True;5355.0;2592.0;True;True;T2;True;PV;726.0;3.836;station normal year (record length does not enter);INCONCLUSIVE;-125.0;-1422.0;150.0;-3.6;8.68;;True;True
991118;physical_baseline_v2;2026-09-17T07:56:10Z;HIGH_EXCESS;confirmed excess over code, in the worst 25% of the fleet by lower bound;;;;True;1976_1990;15.0;4.0;phys_rank_value_lo_kwh_yr;fleet;"ranked fleet-wide; per m2 the physics under-predicts newer construction eras by 24-53% (P9/P21), so this order tilts toward older houses - filter by phys_era or use phys_rank_in_era";3141.0;2792.0;False;3141.0;2792.0;3941.0;1149.0;162.8;144.7;204.2;2716.0;2448.0;3492.0;builder;425.0;293.0;483.0;installer;False;1388.0;0.0;1328.0;425.0;0.761;REPLACE_END_OF_LIFE;41.0;2024;measured failures, Weibull fit (ZHAW Hubbuch & Vecsei): air 20 yr SD 7, ground 26.7 yr SD 4.7;158.0;317.0;475.0;True;5070.0;1929.0;True;True;T1;True;no PV;1569.0;3.717;station normal year (record length does not enter);SLOPE_EXCESS;3985.0;3053.0;4459.0;125.9;12.08;1.0;True;True
816910;physical_baseline_v2;2026-09-17T07:56:10Z;HIGH_EXCESS;confirmed excess over code, in the worst 25% of the fleet by lower bound;;;;True;1991_2000;24.0;4.0;phys_rank_value_lo_kwh_yr;fleet;"ranked fleet-wide; per m2 the physics under-predicts newer construction eras by 24-53% (P9/P21), so this order tilts toward older houses - filter by phys_era or use phys_rank_in_era";3106.0;2570.0;False;3106.0;2570.0;3541.0;971.0;89.6;74.2;102.2;2472.0;2125.0;2983.0;builder;634.0;355.0;675.0;installer;False;634.0;0.0;1837.0;634.0;0.794;REPLACE_END_OF_LIFE;28.0;2024;measured failures, Weibull fit (ZHAW Hubbuch & Vecsei): air 20 yr SD 7, ground 26.7 yr SD 4.7;156.0;312.0;468.0;True;6572.0;3466.0;True;True;T1;True;no PV;476.0;5.349;station normal year (record length does not enter);SLOPE_EXCESS;3895.0;3045.0;4695.0;104.9;2.6;1.0;True;True
1001228;physical_baseline_v2;2026-09-17T07:56:10Z;EXCESS_CONFIRMED;confirmed excess over code, ranked below the action cut;;;;True;2001_2010;125.0;25.0;phys_rank_value_lo_kwh_yr;fleet;"ranked fleet-wide; per m2 the physics under-predicts newer construction eras by 24-53% (P9/P21), so this order tilts toward older houses - filter by phys_era or use phys_rank_in_era";499.0;315.0;False;499.0;315.0;676.0;361.0;19.1;12.1;25.9;361.0;218.0;547.0;builder;139.0;82.0;147.0;installer;False;361.0;0.0;0.0;139.0;0.92;PLAN_REPLACEMENT;14.0;2024;measured failures, Weibull fit (ZHAW Hubbuch & Vecsei): air 20 yr SD 7, ground 26.7 yr SD 4.7;52.0;104.0;156.0;True;3114.0;2614.0;True;True;T1;True;no PV;295.0;3.628;station normal year (record length does not enter);SLOPE_EXCESS;864.0;169.0;1318.0;41.3;4.83;8.0;True;True
107461;physical_baseline_v2;2026-09-17T07:56:10Z;EXCESS_CONFIRMED;confirmed excess over code, ranked below the action cut;;;;True;1976_1990;121.0;49.0;phys_rank_value_lo_kwh_yr;fleet;"ranked fleet-wide; per m2 the physics under-predicts newer construction eras by 24-53% (P9/P21), so this order tilts toward older houses - filter by phys_era or use phys_rank_in_era";950.0;343.0;False;950.0;343.0;1615.0;1272.0;49.7;18.0;84.6;791.0;207.0;1470.0;builder;159.0;95.0;168.0;installer;False;791.0;0.0;0.0;159.0;0.886;PLAN_REPLACEMENT;17.0;2024;measured failures, Weibull fit (ZHAW Hubbuch & Vecsei): air 20 yr SD 7, ground 26.7 yr SD 4.7;104.0;209.0;313.0;True;2859.0;1909.0;True;True;T2;True;no PV;577.0;3.723;station normal year (record length does not enter);SLOPE_EXCESS;1263.0;509.0;1931.0;58.0;4.59;8.0;True;True
106100;physical_baseline_v2;2026-09-17T07:56:10Z;EXCESS_CONFIRMED;confirmed excess over code, ranked below the action cut;;;;True;1976_1990;132.0;55.0;phys_rank_value_lo_kwh_yr;fleet;"ranked fleet-wide; per m2 the physics under-predicts newer construction eras by 24-53% (P9/P21), so this order tilts toward older houses - filter by phys_era or use phys_rank_in_era";950.0;260.0;True;986.0;285.0;1807.0;1521.0;44.1;12.7;80.7;950.0;260.0;1771.0;builder;36.0;22.0;39.0;installer;False;950.0;0.0;0.0;36.0;0.977;KEEP_IN_LIFE;9.0;2024;measured failures, Weibull fit (ZHAW Hubbuch & Vecsei): air 20 yr SD 7, ground 26.7 yr SD 4.7;2.0;3.0;5.0;True;3225.0;2238.0;True;True;T2;True;no PV;742.0;3.723;station normal year (record length does not enter);INCONCLUSIVE;-367.0;-1169.0;282.0;-14.4;2.94;;True;True
5845834;physical_baseline_v2;2026-09-17T07:56:10Z;EXCESS_CONFIRMED;confirmed excess over code, ranked below the action cut;;;;True;2001_2010;148.0;32.0;phys_rank_value_lo_kwh_yr;fleet;"ranked fleet-wide; per m2 the physics under-predicts newer construction eras by 24-53% (P9/P21), so this order tilts toward older houses - filter by phys_era or use phys_rank_in_era";232.0;164.0;False;232.0;164.0;770.0;606.0;10.2;7.2;33.9;232.0;92.0;520.0;builder;0.0;5.0;327.0;installer;True;232.0;0.0;0.0;0.0;1.0;RECORD_INSTALL_YEAR;;2024;measured failures, Weibull fit (ZHAW Hubbuch & Vecsei): air 20 yr SD 7, ground 26.7 yr SD 4.7;8.0;15.0;23.0;True;2504.0;2272.0;True;True;T2;True;no PV;557.0;3.723;station normal year (record length does not enter);INCONCLUSIVE;-115.0;-987.0;126.0;-8.5;6.89;;True;True
1111201;physical_baseline_v2;2026-09-17T07:56:10Z;HIGH_EXCESS;confirmed excess over code, in the worst 25% of the fleet by lower bound;;;;True;pre1975;3.0;2.0;phys_rank_value_lo_kwh_yr;fleet;"ranked fleet-wide; per m2 the physics under-predicts newer construction eras by 24-53% (P9/P21), so this order tilts toward older houses - filter by phys_era or use phys_rank_in_era";5203.0;4850.0;True;5314.0;4933.0;6581.0;1648.0;155.9;144.7;193.1;5203.0;4850.0;6480.0;builder;110.0;71.0;121.0;installer;False;2506.0;248.0;2450.0;110.0;0.954;KEEP_IN_LIFE;11.0;2024;measured failures, Weibull fit (ZHAW Hubbuch & Vecsei): air 20 yr SD 7, ground 26.7 yr SD 4.7;0.0;0.0;0.0;True;8723.0;3409.0;True;True;T1;True;PV;866.0;3.723;station normal year (record length does not enter);SLOPE_EXCESS;2841.0;764.0;3542.0;57.8;13.97;2.0;True;True
8612210;physical_baseline_v2;2026-09-17T07:56:10Z;EXCESS_CONFIRMED;confirmed excess over code, ranked below the action cut;;;;True;1976_1990;143.0;59.0;phys_rank_value_lo_kwh_yr;fleet;"ranked fleet-wide; per m2 the physics under-predicts newer construction eras by 24-53% (P9/P21), so this order tilts toward older houses - filter by phys_era or use phys_rank_in_era";865.0;216.0;True;865.0;216.0;1820.0;1604.0;25.3;6.3;53.2;865.0;216.0;1820.0;builder;0.0;0.0;0.0;installer;False;865.0;0.0;0.0;0.0;1.0;KEEP_IN_LIFE;7.0;2024;measured failures, Weibull fit (ZHAW Hubbuch & Vecsei): air 20 yr SD 7, ground 26.7 yr SD 4.7;81.0;162.0;243.0;True;4286.0;3421.0;True;True;T2;True;PV;582.0;3.723;station normal year (record length does not enter);INCONCLUSIVE;1449.0;-31.0;2244.0;56.8;13.05;;True;True
998988;physical_baseline_v2;2026-09-17T07:56:10Z;INCOMPLETE_AUDIT;never computed - see phys_no_result_reason for this household's cause;"building data missing: no_footprint;no_storeys";record the missing building data - an auditor can do this;True;;;;;phys_rank_value_lo_kwh_yr;fleet;"ranked fleet-wide; per m2 the physics under-predicts newer construction eras by 24-53% (P9/P21), so this order tilts toward older houses - filter by phys_era or use phys_rank_in_era";;;False;;;;;;;;;;;builder;;;;installer;False;;;;;;;;2024;measured failures, Weibull fit (ZHAW Hubbuch & Vecsei): air 20 yr SD 7, ground 26.7 yr SD 4.7;;;;True;;;True;True;;;Unknown;;;station normal year (record length does not enter);NOT_ASSESSABLE;;;;;;;True;True
7211010;physical_baseline_v2;2026-09-17T07:56:10Z;EXCESS_CONFIRMED;confirmed excess over code, ranked below the action cut;;;;True;pre1975;71.0;25.0;phys_rank_value_lo_kwh_yr;fleet;"ranked fleet-wide; per m2 the physics under-predicts newer construction eras by 24-53% (P9/P21), so this order tilts toward older houses - filter by phys_era or use phys_rank_in_era";1735.0;1239.0;True;1735.0;1239.0;2327.0;1087.0;76.8;54.8;103.0;1735.0;1239.0;2327.0;builder;0.0;0.0;0.0;installer;False;1409.0;326.0;0.0;0.0;1.0;KEEP_IN_LIFE;6.0;2024;measured failures, Weibull fit (ZHAW Hubbuch & Vecsei): air 20 yr SD 7, ground 26.7 yr SD 4.7;0.0;0.0;0.0;True;3995.0;2260.0;True;True;T2;True;PV;579.0;3.723;station normal year (record length does not enter);INCONCLUSIVE;-392.0;-1463.0;430.0;-13.8;3.72;;True;True
1211151;physical_baseline_v2;2026-09-17T07:56:10Z;EXCESS_CONFIRMED;confirmed excess over code, ranked below the action cut;;;;True;pre1975;59.0;23.0;phys_rank_value_lo_kwh_yr;fleet;"ranked fleet-wide; per m2 the physics under-predicts newer construction eras by 24-53% (P9/P21), so this order tilts toward older houses - filter by phys_era or use phys_rank_in_era";2108.0;1584.0;True;2108.0;1584.0;3271.0;1687.0;75.0;56.3;116.3;2108.0;1584.0;3271.0;builder;0.0;0.0;0.0;installer;False;1876.0;232.0;0.0;0.0;1.0;KEEP_IN_LIFE;4.0;2024;measured failures, Weibull fit (ZHAW Hubbuch & Vecsei): air 20 yr SD 7, ground 26.7 yr SD 4.7;0.0;0.0;0.0;True;4922.0;2813.0;True;True;T2;True;PV;910.0;4.053;station normal year (record length does not enter);USES_LESS_THAN_MODELLED;-979.0;-2480.0;-279.0;-26.0;10.45;;True;True
7771161;physical_baseline_v2;2026-09-17T07:56:10Z;HIGH_EXCESS;confirmed excess over code, in the worst 25% of the fleet by lower bound;;;;True;pre1975;25.0;9.0;phys_rank_value_lo_kwh_yr;fleet;"ranked fleet-wide; per m2 the physics under-predicts newer construction eras by 24-53% (P9/P21), so this order tilts toward older houses - filter by phys_era or use phys_rank_in_era";3399.0;2494.0;True;3399.0;2494.0;4568.0;2074.0;104.4;76.6;140.2;3399.0;2494.0;4568.0;builder;0.0;0.0;0.0;installer;False;2782.0;617.0;0.0;0.0;1.0;KEEP_IN_LIFE;7.0;2024;measured failures, Weibull fit (ZHAW Hubbuch & Vecsei): air 20 yr SD 7, ground 26.7 yr SD 4.7;194.0;388.0;583.0;True;6656.0;3257.0;True;True;T2;True;no PV;887.0;3.723;station normal year (record length does not enter);SLOPE_EXCESS;1986.0;390.0;3101.0;35.2;11.78;5.0;True;True
5769106;physical_baseline_v2;2026-09-17T07:56:10Z;INCONCLUSIVE;band straddles zero - the excess cannot be resolved at this precision;band straddles zero;none - the sources disagree too widely to resolve this one;False;False;post2010;;;phys_rank_value_lo_kwh_yr;fleet;"ranked fleet-wide; per m2 the physics under-predicts newer construction eras by 24-53% (P9/P21), so this order tilts toward older houses - filter by phys_era or use phys_rank_in_era";47.0;-26.0;False;47.0;-26.0;434.0;460.0;2.0;-1.1;18.4;47.0;-113.0;222.0;builder;0.0;6.0;343.0;installer;True;47.0;0.0;0.0;0.0;1.0;RECORD_INSTALL_YEAR;;2024;measured failures, Weibull fit (ZHAW Hubbuch & Vecsei): air 20 yr SD 7, ground 26.7 yr SD 4.7;15.0;29.0;44.0;True;2406.0;2359.0;True;True;T2;True;no PV;582.0;3.723;station normal year (record length does not enter);INCONCLUSIVE;-7.0;-669.0;41.0;-0.5;6.71;;True;True
901187;physical_baseline_v2;2026-09-17T07:56:10Z;HIGH_EXCESS;confirmed excess over code, in the worst 25% of the fleet by lower bound;;;;True;pre1975;17.0;7.0;phys_rank_value_lo_kwh_yr;fleet;"ranked fleet-wide; per m2 the physics under-predicts newer construction eras by 24-53% (P9/P21), so this order tilts toward older houses - filter by phys_era or use phys_rank_in_era";3043.0;2736.0;True;3043.0;2736.0;4150.0;1414.0;127.2;114.4;173.5;3043.0;2736.0;4150.0;builder;0.0;0.0;0.0;installer;False;2571.0;472.0;0.0;0.0;1.0;KEEP_IN_LIFE;3.0;2024;measured failures, Weibull fit (ZHAW Hubbuch & Vecsei): air 20 yr SD 7, ground 26.7 yr SD 4.7;1.0;2.0;3.0;True;5434.0;2391.0;True;True;T1;True;no PV;1448.0;3.628;station normal year (record length does not enter);SLOPE_EXCESS;1435.0;144.0;1726.0;30.2;5.09;6.0;True;True
7411491;physical_baseline_v2;2026-09-17T07:56:10Z;EXCESS_CONFIRMED;confirmed excess over code, ranked below the action cut;;;;True;1991_2000;144.0;18.0;phys_rank_value_lo_kwh_yr;fleet;"ranked fleet-wide; per m2 the physics under-predicts newer construction eras by 24-53% (P9/P21), so this order tilts toward older houses - filter by phys_era or use phys_rank_in_era";388.0;215.0;True;388.0;215.0;582.0;368.0;12.2;6.8;18.3;388.0;215.0;582.0;builder;0.0;0.0;0.0;installer;False;388.0;0.0;0.0;0.0;1.0;KEEP_IN_LIFE;5.0;2024;measured failures, Weibull fit (ZHAW Hubbuch & Vecsei): air 20 yr SD 7, ground 26.7 yr SD 4.7;;;;True;3562.0;3174.0;True;True;T1;True;no PV;1132.0;3.723;station normal year (record length does not enter);INCONCLUSIVE;242.0;-191.0;579.0;11.0;3.46;;True;True
1071058;physical_baseline_v2;2026-09-17T07:56:10Z;EXCESS_CONFIRMED;confirmed excess over code, ranked below the action cut;;;;True;post2010;154.0;2.0;phys_rank_value_lo_kwh_yr;fleet;"ranked fleet-wide; per m2 the physics under-predicts newer construction eras by 24-53% (P9/P21), so this order tilts toward older houses - filter by phys_era or use phys_rank_in_era";264.0;78.0;False;264.0;78.0;429.0;352.0;7.2;2.1;11.8;95.0;-62.0;277.0;builder;169.0;103.0;181.0;installer;False;95.0;0.0;0.0;169.0;0.931;PLAN_REPLACEMENT;13.0;2024;measured failures, Weibull fit (ZHAW Hubbuch & Vecsei): air 20 yr SD 7, ground 26.7 yr SD 4.7;104.0;207.0;311.0;True;3912.0;3648.0;True;True;T1;True;no PV;1059.0;3.717;station normal year (record length does not enter);INCONCLUSIVE;188.0;-370.0;763.0;7.4;6.47;;True;True
1091217;physical_baseline_v2;2026-09-17T07:56:10Z;EXCESS_CONFIRMED;confirmed excess over code, ranked below the action cut;;;;True;2001_2010;153.0;35.0;phys_rank_value_lo_kwh_yr;fleet;"ranked fleet-wide; per m2 the physics under-predicts newer construction eras by 24-53% (P9/P21), so this order tilts toward older houses - filter by phys_era or use phys_rank_in_era";240.0;96.0;True;373.0;208.0;575.0;366.0;13.7;7.7;21.2;240.0;96.0;442.0;builder;134.0;94.0;155.0;installer;False;240.0;0.0;0.0;134.0;0.881;KEEP_IN_LIFE;16.0;2024;measured failures, Weibull fit (ZHAW Hubbuch & Vecsei): air 20 yr SD 7, ground 26.7 yr SD 4.7;0.0;0.0;0.0;True;3089.0;2716.0;True;True;T1;True;no PV;1038.0;3.723;station normal year (record length does not enter);INCONCLUSIVE;521.0;-37.0;942.0;38.4;7.13;;True;True
7069411;physical_baseline_v2;2026-09-17T07:56:10Z;EXCESS_CONFIRMED;confirmed excess over code, ranked below the action cut;;;;True;1991_2000;133.0;13.0;phys_rank_value_lo_kwh_yr;fleet;"ranked fleet-wide; per m2 the physics under-predicts newer construction eras by 24-53% (P9/P21), so this order tilts toward older houses - filter by phys_era or use phys_rank_in_era";407.0;256.0;True;429.0;273.0;665.0;392.0;13.2;8.4;20.5;407.0;256.0;647.0;builder;22.0;14.0;23.0;installer;False;407.0;0.0;0.0;22.0;0.989;KEEP_IN_LIFE;8.0;2024;measured failures, Weibull fit (ZHAW Hubbuch & Vecsei): air 20 yr SD 7, ground 26.7 yr SD 4.7;75.0;149.0;224.0;True;3683.0;3253.0;True;True;T1;True;no PV;997.0;3.717;station normal year (record length does not enter);SLOPE_EXCESS;1273.0;657.0;1691.0;54.8;9.04;5.0;True;True
679810;physical_baseline_v2;2026-09-17T07:56:10Z;EXCESS_CONFIRMED;confirmed excess over code, ranked below the action cut;;;;True;1976_1990;88.0;32.0;phys_rank_value_lo_kwh_yr;fleet;"ranked fleet-wide; per m2 the physics under-predicts newer construction eras by 24-53% (P9/P21), so this order tilts toward older houses - filter by phys_era or use phys_rank_in_era";969.0;884.0;False;969.0;884.0;2047.0;1163.0;46.8;42.7;98.9;969.0;801.0;1688.0;builder;0.0;8.0;427.0;installer;True;969.0;0.0;0.0;0.0;1.0;RECORD_INSTALL_YEAR;;2024;measured failures, Weibull fit (ZHAW Hubbuch & Vecsei): air 20 yr SD 7, ground 26.7 yr SD 4.7;0.0;0.0;0.0;True;3038.0;2069.0;True;True;T3;False;no PV;1147.0;3.723;station normal year (record length does not enter);INCONCLUSIVE;705.0;-727.0;999.0;28.7;13.47;;True;True
721074;physical_baseline_v2;2026-09-17T07:56:10Z;EXCESS_CONFIRMED;confirmed excess over code, ranked below the action cut;;;;True;post2010;158.0;4.0;phys_rank_value_lo_kwh_yr;fleet;"ranked fleet-wide; per m2 the physics under-predicts newer construction eras by 24-53% (P9/P21), so this order tilts toward older houses - filter by phys_era or use phys_rank_in_era";57.0;-30.0;True;104.0;7.0;179.0;173.0;6.2;0.4;10.7;57.0;-30.0;142.0;builder;48.0;29.0;51.0;installer;False;57.0;0.0;0.0;48.0;0.966;KEEP_IN_LIFE;10.0;2024;measured failures, Weibull fit (ZHAW Hubbuch & Vecsei): air 20 yr SD 7, ground 26.7 yr SD 4.7;26.0;51.0;77.0;True;1786.0;1682.0;True;True;T1;True;no PV;1101.0;3.723;station normal year (record length does not enter);USES_LESS_THAN_MODELLED;-380.0;-590.0;-210.0;-26.3;2.5;;True;True
778721;physical_baseline_v2;2026-09-17T07:56:10Z;INCOMPLETE_AUDIT;never computed - see phys_no_result_reason for this household's cause;"building data missing: no_footprint;no_storeys";record the missing building data - an auditor can do this;True;;;;;phys_rank_value_lo_kwh_yr;fleet;"ranked fleet-wide; per m2 the physics under-predicts newer construction eras by 24-53% (P9/P21), so this order tilts toward older houses - filter by phys_era or use phys_rank_in_era";;;False;;;;;;;;;;;builder;;;;installer;False;;;;;;;;2024;measured failures, Weibull fit (ZHAW Hubbuch & Vecsei): air 20 yr SD 7, ground 26.7 yr SD 4.7;;;;True;;;True;True;;;Unknown;;;station normal year (record length does not enter);NOT_ASSESSABLE;;;;;;;True;True
728210;physical_baseline_v2;2026-09-17T07:56:10Z;INCOMPLETE_AUDIT;never computed - see phys_no_result_reason for this household's cause;"building data missing: no_footprint;no_storeys;no_era";record the missing building data - an auditor can do this;True;;;;;phys_rank_value_lo_kwh_yr;fleet;"ranked fleet-wide; per m2 the physics under-predicts newer construction eras by 24-53% (P9/P21), so this order tilts toward older houses - filter by phys_era or use phys_rank_in_era";;;False;;;;;;;;;;;builder;;;;installer;False;;;;;;;;2024;measured failures, Weibull fit (ZHAW Hubbuch & Vecsei): air 20 yr SD 7, ground 26.7 yr SD 4.7;;;;True;;;True;True;;;Unknown;;;station normal year (record length does not enter);NOT_ASSESSABLE;;;;;;;True;True
712718;physical_baseline_v2;2026-09-17T07:56:10Z;EXCESS_CONFIRMED;confirmed excess over code, ranked below the action cut;;;;True;1976_1990;85.0;29.0;phys_rank_value_lo_kwh_yr;fleet;"ranked fleet-wide; per m2 the physics under-predicts newer construction eras by 24-53% (P9/P21), so this order tilts toward older houses - filter by phys_era or use phys_rank_in_era";1116.0;927.0;True;1133.0;942.0;1690.0;748.0;60.3;50.1;89.9;1116.0;927.0;1676.0;builder;18.0;13.0;20.0;installer;False;1116.0;0.0;0.0;18.0;0.987;KEEP_IN_LIFE;8.0;2024;measured failures, Weibull fit (ZHAW Hubbuch & Vecsei): air 20 yr SD 7, ground 26.7 yr SD 4.7;20.0;40.0;60.0;True;3013.0;1880.0;True;True;T1;True;no PV;1122.0;3.717;station normal year (record length does not enter);USES_LESS_THAN_MODELLED;-325.0;-1047.0;-122.0;-13.3;9.24;;True;True
7211189;physical_baseline_v2;2026-09-17T07:56:10Z;EXCESS_CONFIRMED;confirmed excess over code, ranked below the action cut;;;;True;pre1975;120.0;37.0;phys_rank_value_lo_kwh_yr;fleet;"ranked fleet-wide; per m2 the physics under-predicts newer construction eras by 24-53% (P9/P21), so this order tilts toward older houses - filter by phys_era or use phys_rank_in_era";1332.0;345.0;True;1354.0;362.0;2567.0;2205.0;37.9;10.1;71.9;1332.0;345.0;2552.0;builder;22.0;13.0;23.0;installer;False;1332.0;0.0;0.0;22.0;0.989;KEEP_IN_LIFE;8.0;2024;measured failures, Weibull fit (ZHAW Hubbuch & Vecsei): air 20 yr SD 7, ground 26.7 yr SD 4.7;0.0;0.0;0.0;True;4926.0;3572.0;True;True;T2;True;no PV;1132.0;3.723;station normal year (record length does not enter);INCONCLUSIVE;399.0;-1084.0;1566.0;12.4;2.92;;True;True
811080;physical_baseline_v2;2026-09-17T07:56:10Z;EXCESS_CONFIRMED;confirmed excess over code, ranked below the action cut;;;;True;1976_1990;69.0;18.0;phys_rank_value_lo_kwh_yr;fleet;"ranked fleet-wide; per m2 the physics under-predicts newer construction eras by 24-53% (P9/P21), so this order tilts toward older houses - filter by phys_era or use phys_rank_in_era";1527.0;1274.0;True;1635.0;1356.0;2150.0;794.0;66.5;55.1;87.4;1527.0;1274.0;2048.0;builder;108.0;66.0;116.0;installer;False;1527.0;0.0;0.0;108.0;0.943;KEEP_IN_LIFE;12.0;2024;measured failures, Weibull fit (ZHAW Hubbuch & Vecsei): air 20 yr SD 7, ground 26.7 yr SD 4.7;8.0;16.0;24.0;True;4094.0;2460.0;True;True;T1;True;no PV;1039.0;3.723;station normal year (record length does not enter);SLOPE_EXCESS;1429.0;226.0;2516.0;41.9;14.48;9.0;True;True
5831058;physical_baseline_v2;2026-09-17T07:56:10Z;EXCESS_CONFIRMED;confirmed excess over code, ranked below the action cut;;;;True;pre1975;47.0;17.0;phys_rank_value_lo_kwh_yr;fleet;"ranked fleet-wide; per m2 the physics under-predicts newer construction eras by 24-53% (P9/P21), so this order tilts toward older houses - filter by phys_era or use phys_rank_in_era";2388.0;1876.0;True;2388.0;1876.0;3499.0;1623.0;82.2;64.6;120.5;2388.0;1876.0;3499.0;builder;0.0;0.0;0.0;installer;False;1962.0;426.0;0.0;0.0;1.0;KEEP_IN_LIFE;6.0;2024;measured failures, Weibull fit (ZHAW Hubbuch & Vecsei): air 20 yr SD 7, ground 26.7 yr SD 4.7;44.0;89.0;133.0;True;5292.0;2904.0;True;True;T2;True;no PV;1118.0;3.723;station normal year (record length does not enter);INCONCLUSIVE;1043.0;-320.0;1677.0;26.5;0.66;;True;True
760117;physical_baseline_v2;2026-09-17T07:56:10Z;EXCESS_CONFIRMED;confirmed excess over code, ranked below the action cut;;;;True;1976_1990;131.0;54.0;phys_rank_value_lo_kwh_yr;fleet;"ranked fleet-wide; per m2 the physics under-predicts newer construction eras by 24-53% (P9/P21), so this order tilts toward older houses - filter by phys_era or use phys_rank_in_era";874.0;263.0;True;946.0;324.0;1714.0;1389.0;43.2;14.8;78.3;874.0;263.0;1648.0;builder;72.0;43.0;78.0;installer;False;874.0;0.0;0.0;72.0;0.954;KEEP_IN_LIFE;11.0;2024;measured failures, Weibull fit (ZHAW Hubbuch & Vecsei): air 20 yr SD 7, ground 26.7 yr SD 4.7;75.0;151.0;226.0;True;3134.0;2188.0;True;True;T2;True;no PV;1103.0;3.723;station normal year (record length does not enter);INCONCLUSIVE;903.0;-170.0;1715.0;36.8;3.23;;True;True
468980;physical_baseline_v2;2026-09-17T07:56:10Z;EXCESS_CONFIRMED;confirmed excess over code, ranked below the action cut;;;;True;pre1975;41.0;14.0;phys_rank_value_lo_kwh_yr;fleet;"ranked fleet-wide; per m2 the physics under-predicts newer construction eras by 24-53% (P9/P21), so this order tilts toward older houses - filter by phys_era or use phys_rank_in_era";2633.0;1992.0;True;2633.0;1992.0;3892.0;1901.0;113.1;85.5;167.2;2633.0;1992.0;3892.0;builder;0.0;0.0;0.0;installer;False;2178.0;455.0;0.0;0.0;1.0;KEEP_IN_LIFE;2.0;2024;measured failures, Weibull fit (ZHAW Hubbuch & Vecsei): air 20 yr SD 7, ground 26.7 yr SD 4.7;45.0;90.0;135.0;True;4961.0;2329.0;True;True;T2;True;no PV;1219.0;3.723;station normal year (record length does not enter);SLOPE_EXCESS;1550.0;69.0;2244.0;36.2;8.49;7.0;True;True
103721;physical_baseline_v2;2026-09-17T07:56:10Z;EXCESS_CONFIRMED;confirmed excess over code, ranked below the action cut;;;;True;2001_2010;152.0;34.0;phys_rank_value_lo_kwh_yr;fleet;"ranked fleet-wide; per m2 the physics under-predicts newer construction eras by 24-53% (P9/P21), so this order tilts toward older houses - filter by phys_era or use phys_rank_in_era";253.0;99.0;True;463.0;266.0;698.0;432.0;29.3;16.8;44.1;253.0;99.0;474.0;builder;209.0;141.0;239.0;installer;False;253.0;0.0;0.0;209.0;0.827;KEEP_IN_LIFE;20.0;2024;measured failures, Weibull fit (ZHAW Hubbuch & Vecsei): air 20 yr SD 7, ground 26.7 yr SD 4.7;2.0;4.0;6.0;True;2044.0;1581.0;True;True;T1;True;no PV;1041.0;3.723;station normal year (record length does not enter);INCONCLUSIVE;-181.0;-992.0;548.0;-12.3;8.51;;True;True
821088;physical_baseline_v2;2026-09-17T07:56:10Z;EXCESS_CONFIRMED;confirmed excess over code, ranked below the action cut;;;;True;1991_2000;155.0;19.0;phys_rank_value_lo_kwh_yr;fleet;"ranked fleet-wide; per m2 the physics under-predicts newer construction eras by 24-53% (P9/P21), so this order tilts toward older houses - filter by phys_era or use phys_rank_in_era";262.0;75.0;True;262.0;75.0;523.0;447.0;13.9;4.0;27.8;262.0;75.0;523.0;builder;0.0;0.0;0.0;installer;False;262.0;0.0;0.0;0.0;1.0;KEEP_IN_LIFE;5.0;2024;measured failures, Weibull fit (ZHAW Hubbuch & Vecsei): air 20 yr SD 7, ground 26.7 yr SD 4.7;19.0;38.0;56.0;True;2143.0;1880.0;True;True;T2;True;no PV;1036.0;3.723;station normal year (record length does not enter);SLOPE_EXCESS;556.0;45.0;800.0;35.5;8.31;10.0;True;True
121887;physical_baseline_v2;2026-09-17T07:56:10Z;INCOMPLETE_AUDIT;never computed - see phys_no_result_reason for this household's cause;building data missing: no_emitter;record the missing building data - an auditor can do this;True;;;;;phys_rank_value_lo_kwh_yr;fleet;"ranked fleet-wide; per m2 the physics under-predicts newer construction eras by 24-53% (P9/P21), so this order tilts toward older houses - filter by phys_era or use phys_rank_in_era";;;False;;;;;;;;;;;builder;;;;installer;False;;;;;;;;2024;measured failures, Weibull fit (ZHAW Hubbuch & Vecsei): air 20 yr SD 7, ground 26.7 yr SD 4.7;;;;True;;;True;True;;;Unknown;;;station normal year (record length does not enter);NOT_ASSESSABLE;;;;;;;True;True
796869;physical_baseline_v2;2026-09-17T07:56:10Z;EXCESS_CONFIRMED;confirmed excess over code, ranked below the action cut;;;;True;2001_2010;142.0;29.0;phys_rank_value_lo_kwh_yr;fleet;"ranked fleet-wide; per m2 the physics under-predicts newer construction eras by 24-53% (P9/P21), so this order tilts toward older houses - filter by phys_era or use phys_rank_in_era";353.0;219.0;True;353.0;219.0;575.0;356.0;15.5;9.6;25.2;353.0;219.0;575.0;builder;0.0;0.0;0.0;installer;False;353.0;0.0;0.0;0.0;1.0;KEEP_IN_LIFE;5.0;2024;measured failures, Weibull fit (ZHAW Hubbuch & Vecsei): air 20 yr SD 7, ground 26.7 yr SD 4.7;0.0;0.0;0.0;True;2632.0;2279.0;True;True;T1;True;no PV;1045.0;3.723;station normal year (record length does not enter);INCONCLUSIVE;-55.0;-462.0;170.0;-2.8;4.72;;True;True
727690;physical_baseline_v2;2026-09-17T07:56:10Z;EXCESS_CONFIRMED;confirmed excess over code, ranked below the action cut;;;;True;1976_1990;112.0;44.0;phys_rank_value_lo_kwh_yr;fleet;"ranked fleet-wide; per m2 the physics under-predicts newer construction eras by 24-53% (P9/P21), so this order tilts toward older houses - filter by phys_era or use phys_rank_in_era";1090.0;419.0;True;1165.0;480.0;1815.0;1336.0;72.4;29.8;112.8;1090.0;419.0;1746.0;builder;75.0;49.0;77.0;installer;False;785.0;305.0;0.0;75.0;0.947;KEEP_IN_LIFE;11.0;2024;measured failures, Weibull fit (ZHAW Hubbuch & Vecsei): air 20 yr SD 7, ground 26.7 yr SD 4.7;43.0;86.0;129.0;True;2774.0;1609.0;True;True;T2;True;no PV;503.0;3.836;station normal year (record length does not enter);INCONCLUSIVE;477.0;-328.0;1515.0;21.7;9.86;;True;True
669010;physical_baseline_v2;2026-09-17T07:56:10Z;EXCESS_CONFIRMED;confirmed excess over code, ranked below the action cut;;;;True;1976_1990;79.0;26.0;phys_rank_value_lo_kwh_yr;fleet;"ranked fleet-wide; per m2 the physics under-predicts newer construction eras by 24-53% (P9/P21), so this order tilts toward older houses - filter by phys_era or use phys_rank_in_era";1677.0;1016.0;False;1677.0;1016.0;3136.0;2120.0;77.6;47.0;145.0;1677.0;914.0;2921.0;builder;0.0;6.0;385.0;installer;True;1065.0;0.0;612.0;0.0;1.0;RECORD_INSTALL_YEAR;;2024;measured failures, Weibull fit (ZHAW Hubbuch & Vecsei): air 20 yr SD 7, ground 26.7 yr SD 4.7;112.0;225.0;337.0;True;3839.0;2162.0;True;True;T3;True;no PV;758.0;3.723;station normal year (record length does not enter);INCONCLUSIVE;2089.0;-301.0;2839.0;72.4;0.02;;True;True
9889114;physical_baseline_v2;2026-09-17T07:56:10Z;EXCESS_CONFIRMED;confirmed excess over code, ranked below the action cut;;;;True;pre1975;84.0;28.0;phys_rank_value_lo_kwh_yr;fleet;"ranked fleet-wide; per m2 the physics under-predicts newer construction eras by 24-53% (P9/P21), so this order tilts toward older houses - filter by phys_era or use phys_rank_in_era";2491.0;938.0;True;2491.0;938.0;4416.0;3478.0;73.0;27.5;129.5;2491.0;938.0;4416.0;builder;0.0;0.0;0.0;installer;False;1925.0;565.0;0.0;0.0;1.0;KEEP_IN_LIFE;3.0;2024;measured failures, Weibull fit (ZHAW Hubbuch & Vecsei): air 20 yr SD 7, ground 26.7 yr SD 4.7;179.0;357.0;536.0;True;5901.0;3411.0;True;True;T2;True;no PV;874.0;3.836;station normal year (record length does not enter);INCONCLUSIVE;102.0;-1752.0;1776.0;2.2;11.97;;True;True
7984107;physical_baseline_v2;2026-09-17T07:56:10Z;HIGH_EXCESS;confirmed excess over code, in the worst 25% of the fleet by lower bound;;;;True;pre1975;34.0;12.0;phys_rank_value_lo_kwh_yr;fleet;"ranked fleet-wide; per m2 the physics under-predicts newer construction eras by 24-53% (P9/P21), so this order tilts toward older houses - filter by phys_era or use phys_rank_in_era";2478.0;2238.0;False;2478.0;2238.0;3289.0;1051.0;109.6;98.9;145.4;2347.0;2144.0;3179.0;builder;131.0;81.0;144.0;installer;False;2156.0;192.0;0.0;131.0;0.931;PLAN_REPLACEMENT;13.0;2024;measured failures, Weibull fit (ZHAW Hubbuch & Vecsei): air 20 yr SD 7, ground 26.7 yr SD 4.7;15.0;30.0;44.0;True;4740.0;2262.0;True;True;T1;True;no PV;712.0;5.349;station normal year (record length does not enter);INCONCLUSIVE;786.0;-556.0;1122.0;19.4;3.39;;True;True
721077;physical_baseline_v2;2026-09-17T07:56:10Z;EXCESS_CONFIRMED;confirmed excess over code, ranked below the action cut;;;;True;1976_1990;124.0;51.0;phys_rank_value_lo_kwh_yr;fleet;"ranked fleet-wide; per m2 the physics under-predicts newer construction eras by 24-53% (P9/P21), so this order tilts toward older houses - filter by phys_era or use phys_rank_in_era";966.0;322.0;True;1136.0;474.0;1963.0;1489.0;53.6;22.3;92.5;966.0;322.0;1803.0;builder;170.0;120.0;187.0;installer;False;790.0;176.0;0.0;170.0;0.894;KEEP_IN_LIFE;15.0;2024;measured failures, Weibull fit (ZHAW Hubbuch & Vecsei): air 20 yr SD 7, ground 26.7 yr SD 4.7;59.0;118.0;177.0;True;3258.0;2122.0;True;True;T2;True;no PV;1140.0;3.723;station normal year (record length does not enter);INCONCLUSIVE;1005.0;-247.0;1607.0;42.0;13.5;;True;True
658466;physical_baseline_v2;2026-09-17T07:56:10Z;EXCESS_CONFIRMED;confirmed excess over code, ranked below the action cut;;;;True;1976_1990;99.0;38.0;phys_rank_value_lo_kwh_yr;fleet;"ranked fleet-wide; per m2 the physics under-predicts newer construction eras by 24-53% (P9/P21), so this order tilts toward older houses - filter by phys_era or use phys_rank_in_era";835.0;689.0;True;835.0;689.0;1257.0;568.0;52.5;43.3;79.1;835.0;689.0;1257.0;builder;0.0;0.0;0.0;installer;False;835.0;0.0;0.0;0.0;1.0;KEEP_IN_LIFE;4.0;2024;measured failures, Weibull fit (ZHAW Hubbuch & Vecsei): air 20 yr SD 7, ground 26.7 yr SD 4.7;0.0;0.0;0.0;True;2425.0;1590.0;True;True;T1;True;no PV;962.0;3.717;station normal year (record length does not enter);USES_LESS_THAN_MODELLED;-882.0;-1491.0;-647.0;-47.8;3.76;;True;True
461158;physical_baseline_v2;2026-09-17T07:56:10Z;INCOMPLETE_AUDIT;never computed - see phys_no_result_reason for this household's cause;"building data missing: no_footprint;no_storeys";record the missing building data - an auditor can do this;True;;;;;phys_rank_value_lo_kwh_yr;fleet;"ranked fleet-wide; per m2 the physics under-predicts newer construction eras by 24-53% (P9/P21), so this order tilts toward older houses - filter by phys_era or use phys_rank_in_era";;;False;;;;;;;;;;;builder;;;;installer;False;;;;;;;;2024;measured failures, Weibull fit (ZHAW Hubbuch & Vecsei): air 20 yr SD 7, ground 26.7 yr SD 4.7;;;;True;;;True;True;;;Unknown;;;station normal year (record length does not enter);NOT_ASSESSABLE;;;;;;;True;True
112120;physical_baseline_v2;2026-09-17T07:56:10Z;EXCESS_CONFIRMED;confirmed excess over code, ranked below the action cut;;;;True;1976_1990;76.0;24.0;phys_rank_value_lo_kwh_yr;fleet;"ranked fleet-wide; per m2 the physics under-predicts newer construction eras by 24-53% (P9/P21), so this order tilts toward older houses - filter by phys_era or use phys_rank_in_era";1165.0;1106.0;False;1165.0;1106.0;2061.0;955.0;56.7;53.8;100.3;1165.0;1057.0;1788.0;builder;0.0;5.0;325.0;installer;True;1165.0;0.0;0.0;0.0;1.0;RECORD_INSTALL_YEAR;;2024;measured failures, Weibull fit (ZHAW Hubbuch & Vecsei): air 20 yr SD 7, ground 26.7 yr SD 4.7;0.0;0.0;0.0;True;3220.0;2055.0;True;True;T2;True;no PV;1284.0;3.723;station normal year (record length does not enter);INCONCLUSIVE;51.0;-795.0;150.0;2.0;4.28;;True;True
1159664;physical_baseline_v2;2026-09-17T07:56:10Z;EXCESS_CONFIRMED;confirmed excess over code, ranked below the action cut;;;;True;pre1975;96.0;32.0;phys_rank_value_lo_kwh_yr;fleet;"ranked fleet-wide; per m2 the physics under-predicts newer construction eras by 24-53% (P9/P21), so this order tilts toward older houses - filter by phys_era or use phys_rank_in_era";1851.0;747.0;True;1942.0;810.0;3343.0;2533.0;68.3;28.5;117.6;1851.0;747.0;3257.0;builder;91.0;55.0;94.0;installer;False;1442.0;409.0;0.0;91.0;0.954;KEEP_IN_LIFE;11.0;2024;measured failures, Weibull fit (ZHAW Hubbuch & Vecsei): air 20 yr SD 7, ground 26.7 yr SD 4.7;52.0;103.0;155.0;True;4784.0;2843.0;True;True;T2;True;no PV;454.0;3.717;station normal year (record length does not enter);INCONCLUSIVE;-655.0;-2095.0;701.0;-19.1;-0.4;;True;True
122887;physical_baseline_v2;2026-09-17T07:56:10Z;EXCESS_CONFIRMED;confirmed excess over code, ranked below the action cut;;;;True;2001_2010;128.0;26.0;phys_rank_value_lo_kwh_yr;fleet;"ranked fleet-wide; per m2 the physics under-predicts newer construction eras by 24-53% (P9/P21), so this order tilts toward older houses - filter by phys_era or use phys_rank_in_era";456.0;284.0;True;456.0;284.0;758.0;474.0;14.1;8.8;23.5;456.0;284.0;758.0;builder;0.0;0.0;0.0;installer;False;456.0;0.0;0.0;0.0;1.0;KEEP_IN_LIFE;6.0;2024;measured failures, Weibull fit (ZHAW Hubbuch & Vecsei): air 20 yr SD 7, ground 26.7 yr SD 4.7;20.0;40.0;60.0;True;3680.0;3225.0;True;True;T1;True;no PV;1099.0;3.717;station normal year (record length does not enter);USES_LESS_THAN_MODELLED;-914.0;-1472.0;-573.0;-34.3;3.86;;True;True
706817;physical_baseline_v2;2026-09-17T07:56:10Z;EXCESS_CONFIRMED;confirmed excess over code, ranked below the action cut;;;;True;2001_2010;114.0;22.0;phys_rank_value_lo_kwh_yr;fleet;"ranked fleet-wide; per m2 the physics under-predicts newer construction eras by 24-53% (P9/P21), so this order tilts toward older houses - filter by phys_era or use phys_rank_in_era";595.0;408.0;False;595.0;408.0;797.0;389.0;22.9;15.7;30.7;368.0;228.0;584.0;builder;226.0;136.0;244.0;installer;False;368.0;0.0;0.0;226.0;0.874;PLAN_REPLACEMENT;18.0;2024;measured failures, Weibull fit (ZHAW Hubbuch & Vecsei): air 20 yr SD 7, ground 26.7 yr SD 4.7;1.0;3.0;4.0;True;3188.0;2593.0;True;True;T1;True;no PV;1045.0;3.723;station normal year (record length does not enter);INCONCLUSIVE;1293.0;-55.0;2356.0;59.7;4.44;;True;True
748773;physical_baseline_v2;2026-09-17T07:56:10Z;EXCESS_CONFIRMED;confirmed excess over code, ranked below the action cut;;;;True;1976_1990;87.0;31.0;phys_rank_value_lo_kwh_yr;fleet;"ranked fleet-wide; per m2 the physics under-predicts newer construction eras by 24-53% (P9/P21), so this order tilts toward older houses - filter by phys_era or use phys_rank_in_era";1116.0;887.0;True;1133.0;903.0;1679.0;776.0;60.3;48.0;89.3;1116.0;887.0;1660.0;builder;18.0;13.0;20.0;installer;False;1116.0;0.0;0.0;18.0;0.987;KEEP_IN_LIFE;8.0;2024;measured failures, Weibull fit (ZHAW Hubbuch & Vecsei): air 20 yr SD 7, ground 26.7 yr SD 4.7;20.0;40.0;60.0;True;3013.0;1880.0;True;True;T1;True;no PV;317.0;3.717;station normal year (record length does not enter);USES_LESS_THAN_MODELLED;-1084.0;-1829.0;-924.0;-44.5;9.29;;True;True
877881;physical_baseline_v2;2026-09-17T07:56:10Z;INCOMPLETE_AUDIT;never computed - see phys_no_result_reason for this household's cause;meter record too short or lacks season coverage;"none - needs a longer meter record; a visit does not help";True;;;;;phys_rank_value_lo_kwh_yr;fleet;"ranked fleet-wide; per m2 the physics under-predicts newer construction eras by 24-53% (P9/P21), so this order tilts toward older houses - filter by phys_era or use phys_rank_in_era";;;False;;;;;;;;;;;builder;;;;installer;False;;;;;;;;2024;measured failures, Weibull fit (ZHAW Hubbuch & Vecsei): air 20 yr SD 7, ground 26.7 yr SD 4.7;;;;True;;;True;True;;;Unknown;;;station normal year (record length does not enter);NOT_ASSESSABLE;;;;;;;True;True
100119;physical_baseline_v2;2026-09-17T07:56:10Z;EXCESS_CONFIRMED;confirmed excess over code, ranked below the action cut;;;;True;1976_1990;83.0;28.0;phys_rank_value_lo_kwh_yr;fleet;"ranked fleet-wide; per m2 the physics under-predicts newer construction eras by 24-53% (P9/P21), so this order tilts toward older houses - filter by phys_era or use phys_rank_in_era";995.0;954.0;False;995.0;954.0;2012.0;1057.0;49.9;47.9;100.9;995.0;879.0;1743.0;builder;0.0;6.0;322.0;installer;True;995.0;0.0;0.0;0.0;1.0;RECORD_INSTALL_YEAR;;2024;measured failures, Weibull fit (ZHAW Hubbuch & Vecsei): air 20 yr SD 7, ground 26.7 yr SD 4.7;0.0;0.0;0.0;True;2989.0;1994.0;True;True;T2;True;no PV;274.0;3.717;station normal year (record length does not enter);INCONCLUSIVE;683.0;-1273.0;1346.0;32.2;11.09;;True;True
8087988;physical_baseline_v2;2026-09-17T07:56:10Z;EXCESS_CONFIRMED;confirmed excess over code, ranked below the action cut;;;;True;2001_2010;55.0;15.0;phys_rank_value_lo_kwh_yr;fleet;"ranked fleet-wide; per m2 the physics under-predicts newer construction eras by 24-53% (P9/P21), so this order tilts toward older houses - filter by phys_era or use phys_rank_in_era";1778.0;1724.0;False;1778.0;1724.0;2736.0;1012.0;52.8;51.2;81.2;1778.0;1560.0;2335.0;builder;0.0;15.0;573.0;installer;True;553.0;0.0;1225.0;0.0;1.0;RECORD_INSTALL_YEAR;;2024;measured failures, Weibull fit (ZHAW Hubbuch & Vecsei): air 20 yr SD 7, ground 26.7 yr SD 4.7;87.0;173.0;260.0;True;5146.0;3368.0;True;True;T2;True;no PV;387.0;5.349;station normal year (record length does not enter);NOT_ASSESSABLE;;;;;;;True;True
5610182;physical_baseline_v2;2026-09-17T07:56:10Z;EXCESS_CONFIRMED;confirmed excess over code, ranked below the action cut;;;;True;1991_2000;58.0;7.0;phys_rank_value_lo_kwh_yr;fleet;"ranked fleet-wide; per m2 the physics under-predicts newer construction eras by 24-53% (P9/P21), so this order tilts toward older houses - filter by phys_era or use phys_rank_in_era";2018.0;1633.0;False;2018.0;1633.0;2329.0;696.0;93.0;75.3;107.3;1632.0;1375.0;1987.0;builder;386.0;213.0;399.0;installer;False;407.0;0.0;1225.0;386.0;0.794;REPLACE_END_OF_LIFE;27.0;2024;measured failures, Weibull fit (ZHAW Hubbuch & Vecsei): air 20 yr SD 7, ground 26.7 yr SD 4.7;21.0;41.0;62.0;True;4188.0;2170.0;True;True;T1;True;no PV;373.0;3.836;station normal year (record length does not enter);NOT_ASSESSABLE;;;;;;;True;True
113115;physical_baseline_v2;2026-09-17T07:56:10Z;INCOMPLETE_AUDIT;never computed - see phys_no_result_reason for this household's cause;meter record too short or lacks season coverage;"none - needs a longer meter record; a visit does not help";True;;;;;phys_rank_value_lo_kwh_yr;fleet;"ranked fleet-wide; per m2 the physics under-predicts newer construction eras by 24-53% (P9/P21), so this order tilts toward older houses - filter by phys_era or use phys_rank_in_era";;;False;;;;;;;;;;;builder;;;;installer;False;;;;;;;;2024;measured failures, Weibull fit (ZHAW Hubbuch & Vecsei): air 20 yr SD 7, ground 26.7 yr SD 4.7;;;;True;;;True;True;;;Unknown;;;station normal year (record length does not enter);NOT_ASSESSABLE;;;;;;;True;True
757271;physical_baseline_v2;2026-09-17T07:56:10Z;INCOMPLETE_AUDIT;never computed - see phys_no_result_reason for this household's cause;"building data missing: no_footprint;no_storeys";record the missing building data - an auditor can do this;True;;;;;phys_rank_value_lo_kwh_yr;fleet;"ranked fleet-wide; per m2 the physics under-predicts newer construction eras by 24-53% (P9/P21), so this order tilts toward older houses - filter by phys_era or use phys_rank_in_era";;;False;;;;;;;;;;;builder;;;;installer;False;;;;;;;;2024;measured failures, Weibull fit (ZHAW Hubbuch & Vecsei): air 20 yr SD 7, ground 26.7 yr SD 4.7;;;;True;;;True;True;;;Unknown;;;station normal year (record length does not enter);NOT_ASSESSABLE;;;;;;;True;True
6901131;physical_baseline_v2;2026-09-17T07:56:10Z;HIGH_EXCESS;confirmed excess over code, in the worst 25% of the fleet by lower bound;;;;True;2001_2010;20.0;7.0;phys_rank_value_lo_kwh_yr;fleet;"ranked fleet-wide; per m2 the physics under-predicts newer construction eras by 24-53% (P9/P21), so this order tilts toward older houses - filter by phys_era or use phys_rank_in_era";2907.0;2680.0;False;2907.0;2680.0;3856.0;1176.0;84.6;78.0;112.3;2907.0;2583.0;3547.0;builder;0.0;7.0;459.0;installer;True;457.0;0.0;2450.0;0.0;1.0;RECORD_INSTALL_YEAR;;2024;measured failures, Weibull fit (ZHAW Hubbuch & Vecsei): air 20 yr SD 7, ground 26.7 yr SD 4.7;0.0;0.0;0.0;True;6341.0;3434.0;True;True;T2;True;no PV;504.0;3.723;station normal year (record length does not enter);NOT_ASSESSABLE;;;;;;;True;True
7474976;physical_baseline_v2;2026-09-17T07:56:10Z;EXCESS_CONFIRMED;confirmed excess over code, ranked below the action cut;;;;True;pre1975;92.0;30.0;phys_rank_value_lo_kwh_yr;fleet;"ranked fleet-wide; per m2 the physics under-predicts newer construction eras by 24-53% (P9/P21), so this order tilts toward older houses - filter by phys_era or use phys_rank_in_era";1854.0;804.0;True;1854.0;804.0;3436.0;2632.0;80.4;34.9;149.0;1854.0;804.0;3436.0;builder;0.0;0.0;0.0;installer;False;1405.0;448.0;0.0;0.0;1.0;KEEP_IN_LIFE;4.0;2024;measured failures, Weibull fit (ZHAW Hubbuch & Vecsei): air 20 yr SD 7, ground 26.7 yr SD 4.7;6.0;12.0;18.0;True;4159.0;2306.0;True;True;T2;True;no PV;1075.0;3.836;station normal year (record length does not enter);NOT_ASSESSABLE;;;;;;;True;True
1171127;physical_baseline_v2;2026-09-17T07:56:10Z;INCOMPLETE_AUDIT;never computed - see phys_no_result_reason for this household's cause;"building data missing: no_footprint;no_storeys";record the missing building data - an auditor can do this;True;;;;;phys_rank_value_lo_kwh_yr;fleet;"ranked fleet-wide; per m2 the physics under-predicts newer construction eras by 24-53% (P9/P21), so this order tilts toward older houses - filter by phys_era or use phys_rank_in_era";;;False;;;;;;;;;;;builder;;;;installer;False;;;;;;;;2024;measured failures, Weibull fit (ZHAW Hubbuch & Vecsei): air 20 yr SD 7, ground 26.7 yr SD 4.7;;;;True;;;True;True;;;Unknown;;;station normal year (record length does not enter);NOT_ASSESSABLE;;;;;;;True;True
801031;physical_baseline_v2;2026-09-17T07:56:10Z;EXCESS_CONFIRMED;confirmed excess over code, ranked below the action cut;;;;True;2001_2010;130.0;27.0;phys_rank_value_lo_kwh_yr;fleet;"ranked fleet-wide; per m2 the physics under-predicts newer construction eras by 24-53% (P9/P21), so this order tilts toward older houses - filter by phys_era or use phys_rank_in_era";308.0;266.0;False;308.0;266.0;748.0;482.0;15.1;13.1;36.8;308.0;212.0;523.0;builder;0.0;4.0;291.0;installer;True;308.0;0.0;0.0;0.0;1.0;RECORD_INSTALL_YEAR;;2024;measured failures, Weibull fit (ZHAW Hubbuch & Vecsei): air 20 yr SD 7, ground 26.7 yr SD 4.7;21.0;42.0;62.0;True;2342.0;2034.0;True;True;T2;True;no PV;952.0;3.723;station normal year (record length does not enter);NOT_ASSESSABLE;;;;;;;True;True
730976;physical_baseline_v2;2026-09-17T07:56:10Z;EXCESS_CONFIRMED;confirmed excess over code, ranked below the action cut;;;;True;1991_2000;113.0;11.0;phys_rank_value_lo_kwh_yr;fleet;"ranked fleet-wide; per m2 the physics under-predicts newer construction eras by 24-53% (P9/P21), so this order tilts toward older houses - filter by phys_era or use phys_rank_in_era";681.0;416.0;False;681.0;416.0;849.0;433.0;29.4;18.0;36.7;345.0;211.0;522.0;builder;335.0;193.0;364.0;installer;False;345.0;0.0;0.0;335.0;0.794;REPLACE_END_OF_LIFE;27.0;2024;measured failures, Weibull fit (ZHAW Hubbuch & Vecsei): air 20 yr SD 7, ground 26.7 yr SD 4.7;99.0;197.0;296.0;True;2993.0;2312.0;True;True;T1;True;PV;336.0;3.723;station normal year (record length does not enter);NOT_ASSESSABLE;;;;;;;True;True
104118;physical_baseline_v2;2026-09-17T07:56:10Z;HIGH_EXCESS;confirmed excess over code, in the worst 25% of the fleet by lower bound;;;;True;1976_1990;11.0;3.0;phys_rank_value_lo_kwh_yr;fleet;"ranked fleet-wide; per m2 the physics under-predicts newer construction eras by 24-53% (P9/P21), so this order tilts toward older houses - filter by phys_era or use phys_rank_in_era";3179.0;2913.0;True;3316.0;3040.0;4118.0;1078.0;164.2;150.5;203.9;3179.0;2913.0;3979.0;builder;137.0;98.0;162.0;installer;False;1187.0;0.0;1992.0;137.0;0.894;KEEP_IN_LIFE;15.0;2024;measured failures, Weibull fit (ZHAW Hubbuch & Vecsei): air 20 yr SD 7, ground 26.7 yr SD 4.7;0.0;0.0;0.0;True;5336.0;2020.0;True;True;T1;True;no PV;456.0;3.717;station normal year (record length does not enter);NOT_ASSESSABLE;;;;;;;True;True
119498;physical_baseline_v2;2026-09-17T07:56:10Z;EXCESS_CONFIRMED;confirmed excess over code, ranked below the action cut;;;;True;1976_1990;118.0;47.0;phys_rank_value_lo_kwh_yr;fleet;"ranked fleet-wide; per m2 the physics under-predicts newer construction eras by 24-53% (P9/P21), so this order tilts toward older houses - filter by phys_era or use phys_rank_in_era";870.0;369.0;False;870.0;369.0;2109.0;1740.0;35.1;14.9;85.1;870.0;272.0;1904.0;builder;0.0;8.0;325.0;installer;True;870.0;0.0;0.0;0.0;1.0;RECORD_INSTALL_YEAR;;2024;measured failures, Weibull fit (ZHAW Hubbuch & Vecsei): air 20 yr SD 7, ground 26.7 yr SD 4.7;82.0;163.0;245.0;True;3349.0;2479.0;True;True;T3;True;no PV;436.0;3.717;station normal year (record length does not enter);NOT_ASSESSABLE;;;;;;;True;True
767371;physical_baseline_v2;2026-09-17T07:56:10Z;EXCESS_CONFIRMED;confirmed excess over code, ranked below the action cut;;;;True;1976_1990;101.0;40.0;phys_rank_value_lo_kwh_yr;fleet;"ranked fleet-wide; per m2 the physics under-predicts newer construction eras by 24-53% (P9/P21), so this order tilts toward older houses - filter by phys_era or use phys_rank_in_era";1604.0;636.0;False;1604.0;636.0;2507.0;1871.0;67.4;26.7;105.4;1163.0;346.0;2121.0;builder;441.0;250.0;468.0;installer;False;1163.0;0.0;0.0;441.0;0.794;REPLACE_END_OF_LIFE;26.0;2024;measured failures, Weibull fit (ZHAW Hubbuch & Vecsei): air 20 yr SD 7, ground 26.7 yr SD 4.7;21.0;43.0;64.0;True;3984.0;2380.0;True;True;T2;True;no PV;425.0;3.717;station normal year (record length does not enter);NOT_ASSESSABLE;;;;;;;True;True
841211;physical_baseline_v2;2026-09-17T07:56:10Z;EXCESS_CONFIRMED;confirmed excess over code, ranked below the action cut;;;;True;pre1975;106.0;36.0;phys_rank_value_lo_kwh_yr;fleet;"ranked fleet-wide; per m2 the physics under-predicts newer construction eras by 24-53% (P9/P21), so this order tilts toward older houses - filter by phys_era or use phys_rank_in_era";1123.0;491.0;False;1123.0;491.0;2419.0;1928.0;61.0;26.7;131.4;1123.0;385.0;2268.0;builder;0.0;8.0;285.0;installer;True;983.0;141.0;0.0;0.0;1.0;RECORD_INSTALL_YEAR;;2024;measured failures, Weibull fit (ZHAW Hubbuch & Vecsei): air 20 yr SD 7, ground 26.7 yr SD 4.7;114.0;228.0;343.0;True;2965.0;1842.0;True;True;T3;True;PV;715.0;3.717;station normal year (record length does not enter);NOT_ASSESSABLE;;;;;;;True;True
611629;physical_baseline_v2;2026-09-17T07:56:10Z;EXCESS_CONFIRMED;confirmed excess over code, ranked below the action cut;;;;True;pre1975;56.0;22.0;phys_rank_value_lo_kwh_yr;fleet;"ranked fleet-wide; per m2 the physics under-predicts newer construction eras by 24-53% (P9/P21), so this order tilts toward older houses - filter by phys_era or use phys_rank_in_era";2285.0;1715.0;True;2285.0;1715.0;3107.0;1392.0;111.9;84.0;152.2;2285.0;1715.0;3107.0;builder;0.0;0.0;0.0;installer;False;1909.0;375.0;0.0;0.0;1.0;KEEP_IN_LIFE;5.0;2024;measured failures, Weibull fit (ZHAW Hubbuch & Vecsei): air 20 yr SD 7, ground 26.7 yr SD 4.7;0.0;0.0;0.0;True;4327.0;2042.0;True;True;T2;True;no PV;897.0;4.053;station normal year (record length does not enter);NOT_ASSESSABLE;;;;;;;True;True
8190108;physical_baseline_v2;2026-09-17T07:56:10Z;HIGH_EXCESS;confirmed excess over code, in the worst 25% of the fleet by lower bound;;;;True;2001_2010;39.0;12.0;phys_rank_value_lo_kwh_yr;fleet;"ranked fleet-wide; per m2 the physics under-predicts newer construction eras by 24-53% (P9/P21), so this order tilts toward older houses - filter by phys_era or use phys_rank_in_era";2405.0;2058.0;False;2405.0;2058.0;2841.0;782.0;93.5;80.0;110.4;2204.0;1914.0;2670.0;builder;201.0;118.0;216.0;installer;False;367.0;0.0;1837.0;201.0;0.886;PLAN_REPLACEMENT;17.0;2024;measured failures, Weibull fit (ZHAW Hubbuch & Vecsei): air 20 yr SD 7, ground 26.7 yr SD 4.7;2.0;5.0;7.0;True;4979.0;2574.0;True;True;T1;True;no PV;760.0;3.723;station normal year (record length does not enter);NOT_ASSESSABLE;;;;;;;True;True
105714;physical_baseline_v2;2026-09-17T07:56:10Z;EXCESS_CONFIRMED;confirmed excess over code, ranked below the action cut;;;;True;1976_1990;111.0;43.0;phys_rank_value_lo_kwh_yr;fleet;"ranked fleet-wide; per m2 the physics under-predicts newer construction eras by 24-53% (P9/P21), so this order tilts toward older houses - filter by phys_era or use phys_rank_in_era";944.0;426.0;False;944.0;426.0;2367.0;1941.0;36.1;16.3;90.5;944.0;322.0;2084.0;builder;0.0;9.0;370.0;installer;True;944.0;0.0;0.0;0.0;1.0;RECORD_INSTALL_YEAR;;2024;measured failures, Weibull fit (ZHAW Hubbuch & Vecsei): air 20 yr SD 7, ground 26.7 yr SD 4.7;1.0;2.0;3.0;True;3559.0;2615.0;True;True;T3;True;no PV;630.0;3.717;station normal year (record length does not enter);NOT_ASSESSABLE;;;;;;;True;True
698983;physical_baseline_v2;2026-09-17T07:56:10Z;HIGH_EXCESS;confirmed excess over code, in the worst 25% of the fleet by lower bound;;;;True;pre1975;8.0;4.0;phys_rank_value_lo_kwh_yr;fleet;"ranked fleet-wide; per m2 the physics under-predicts newer construction eras by 24-53% (P9/P21), so this order tilts toward older houses - filter by phys_era or use phys_rank_in_era";4133.0;3122.0;True;4133.0;3122.0;5504.0;2382.0;150.4;113.6;200.3;4133.0;3122.0;5504.0;builder;0.0;0.0;0.0;installer;False;1301.0;383.0;2450.0;0.0;1.0;KEEP_IN_LIFE;1.0;2024;measured failures, Weibull fit (ZHAW Hubbuch & Vecsei): air 20 yr SD 7, ground 26.7 yr SD 4.7;99.0;198.0;297.0;True;6881.0;2748.0;True;True;T2;True;PV;318.0;3.717;station normal year (record length does not enter);NOT_ASSESSABLE;;;;;;;True;True
417510;physical_baseline_v2;2026-09-17T07:56:10Z;INCOMPLETE_AUDIT;never computed - see phys_no_result_reason for this household's cause;"building data missing: no_footprint;no_storeys";record the missing building data - an auditor can do this;True;;;;;phys_rank_value_lo_kwh_yr;fleet;"ranked fleet-wide; per m2 the physics under-predicts newer construction eras by 24-53% (P9/P21), so this order tilts toward older houses - filter by phys_era or use phys_rank_in_era";;;False;;;;;;;;;;;builder;;;;installer;False;;;;;;;;2024;measured failures, Weibull fit (ZHAW Hubbuch & Vecsei): air 20 yr SD 7, ground 26.7 yr SD 4.7;;;;True;;;True;True;;;Unknown;;;station normal year (record length does not enter);NOT_ASSESSABLE;;;;;;;True;True
7646451;physical_baseline_v2;2026-09-17T07:56:10Z;INCONCLUSIVE;band straddles zero - the excess cannot be resolved at this precision;band straddles zero;none - the sources disagree too widely to resolve this one;False;False;post2010;;;phys_rank_value_lo_kwh_yr;fleet;"ranked fleet-wide; per m2 the physics under-predicts newer construction eras by 24-53% (P9/P21), so this order tilts toward older houses - filter by phys_era or use phys_rank_in_era";85.0;-63.0;True;85.0;-63.0;213.0;277.0;2.2;-1.7;5.6;85.0;-63.0;213.0;builder;0.0;0.0;0.0;installer;False;85.0;0.0;0.0;0.0;1.0;KEEP_IN_LIFE;5.0;2024;measured failures, Weibull fit (ZHAW Hubbuch & Vecsei): air 20 yr SD 7, ground 26.7 yr SD 4.7;0.0;0.0;0.0;True;3887.0;3802.0;True;True;T1;True;PV;341.0;3.628;station normal year (record length does not enter);NOT_ASSESSABLE;;;;;;;True;True
477661;physical_baseline_v2;2026-09-17T07:56:10Z;HIGH_EXCESS;confirmed excess over code, in the worst 25% of the fleet by lower bound;;;;True;2001_2010;19.0;6.0;phys_rank_value_lo_kwh_yr;fleet;"ranked fleet-wide; per m2 the physics under-predicts newer construction eras by 24-53% (P9/P21), so this order tilts toward older houses - filter by phys_era or use phys_rank_in_era";2952.0;2691.0;False;2952.0;2691.0;3958.0;1267.0;114.3;104.2;153.2;2952.0;2567.0;3665.0;builder;0.0;7.0;426.0;installer;True;296.0;0.0;2656.0;0.0;1.0;RECORD_INSTALL_YEAR;;2024;measured failures, Weibull fit (ZHAW Hubbuch & Vecsei): air 20 yr SD 7, ground 26.7 yr SD 4.7;13.0;26.0;39.0;True;5535.0;2583.0;True;True;T2;True;no PV;822.0;3.723;station normal year (record length does not enter);NOT_ASSESSABLE;;;;;;;True;True
122671;physical_baseline_v2;2026-09-17T07:56:10Z;INCOMPLETE_AUDIT;never computed - see phys_no_result_reason for this household's cause;"building data missing: no_footprint;no_storeys";record the missing building data - an auditor can do this;True;;;;;phys_rank_value_lo_kwh_yr;fleet;"ranked fleet-wide; per m2 the physics under-predicts newer construction eras by 24-53% (P9/P21), so this order tilts toward older houses - filter by phys_era or use phys_rank_in_era";;;False;;;;;;;;;;;builder;;;;installer;False;;;;;;;;2024;measured failures, Weibull fit (ZHAW Hubbuch & Vecsei): air 20 yr SD 7, ground 26.7 yr SD 4.7;;;;True;;;True;True;;;Unknown;;;station normal year (record length does not enter);NOT_ASSESSABLE;;;;;;;True;True
7747482;physical_baseline_v2;2026-09-17T07:56:10Z;HIGH_EXCESS;confirmed excess over code, in the worst 25% of the fleet by lower bound;;;;True;1976_1990;35.0;9.0;phys_rank_value_lo_kwh_yr;fleet;"ranked fleet-wide; per m2 the physics under-predicts newer construction eras by 24-53% (P9/P21), so this order tilts toward older houses - filter by phys_era or use phys_rank_in_era";2297.0;2188.0;False;2297.0;2188.0;3342.0;1153.0;128.9;122.8;187.5;2297.0;2132.0;3046.0;builder;0.0;6.0;361.0;installer;True;969.0;0.0;1328.0;0.0;1.0;RECORD_INSTALL_YEAR;;2024;measured failures, Weibull fit (ZHAW Hubbuch & Vecsei): air 20 yr SD 7, ground 26.7 yr SD 4.7;40.0;79.0;119.0;True;4078.0;1782.0;True;True;T2;True;no PV;383.0;3.723;station normal year (record length does not enter);NOT_ASSESSABLE;;;;;;;True;True
100120;physical_baseline_v2;2026-09-17T07:56:10Z;INCOMPLETE_AUDIT;never computed - see phys_no_result_reason for this household's cause;"building data missing: no_footprint;no_storeys";record the missing building data - an auditor can do this;True;;;;;phys_rank_value_lo_kwh_yr;fleet;"ranked fleet-wide; per m2 the physics under-predicts newer construction eras by 24-53% (P9/P21), so this order tilts toward older houses - filter by phys_era or use phys_rank_in_era";;;False;;;;;;;;;;;builder;;;;installer;False;;;;;;;;2024;measured failures, Weibull fit (ZHAW Hubbuch & Vecsei): air 20 yr SD 7, ground 26.7 yr SD 4.7;;;;True;;;True;True;;;Unknown;;;station normal year (record length does not enter);NOT_ASSESSABLE;;;;;;;True;True
776736;physical_baseline_v2;2026-09-17T07:56:10Z;EXCESS_CONFIRMED;confirmed excess over code, ranked below the action cut;;;;True;pre1975;45.0;16.0;phys_rank_value_lo_kwh_yr;fleet;"ranked fleet-wide; per m2 the physics under-predicts newer construction eras by 24-53% (P9/P21), so this order tilts toward older houses - filter by phys_era or use phys_rank_in_era";2541.0;1921.0;True;2541.0;1921.0;3448.0;1528.0;108.6;82.1;147.4;2541.0;1921.0;3448.0;builder;0.0;0.0;0.0;installer;False;2083.0;458.0;0.0;0.0;1.0;KEEP_IN_LIFE;4.0;2024;measured failures, Weibull fit (ZHAW Hubbuch & Vecsei): air 20 yr SD 7, ground 26.7 yr SD 4.7;127.0;253.0;380.0;True;4880.0;2339.0;True;True;T2;True;PV;344.0;3.628;station normal year (record length does not enter);NOT_ASSESSABLE;;;;;;;True;True
731027;physical_baseline_v2;2026-09-17T07:56:10Z;INCOMPLETE_AUDIT;never computed - see phys_no_result_reason for this household's cause;"building data missing (no_footprint;no_storeys) AND meter record too short";record the missing building data - an auditor can do this;True;;;;;phys_rank_value_lo_kwh_yr;fleet;"ranked fleet-wide; per m2 the physics under-predicts newer construction eras by 24-53% (P9/P21), so this order tilts toward older houses - filter by phys_era or use phys_rank_in_era";;;False;;;;;;;;;;;builder;;;;installer;False;;;;;;;;2024;measured failures, Weibull fit (ZHAW Hubbuch & Vecsei): air 20 yr SD 7, ground 26.7 yr SD 4.7;;;;True;;;True;True;;;Unknown;;;station normal year (record length does not enter);NOT_ASSESSABLE;;;;;;;True;True
7679818;physical_baseline_v2;2026-09-17T07:56:10Z;INCOMPLETE_AUDIT;never computed - see phys_no_result_reason for this household's cause;"building data missing: no_footprint;no_storeys";record the missing building data - an auditor can do this;True;;;;;phys_rank_value_lo_kwh_yr;fleet;"ranked fleet-wide; per m2 the physics under-predicts newer construction eras by 24-53% (P9/P21), so this order tilts toward older houses - filter by phys_era or use phys_rank_in_era";;;False;;;;;;;;;;;builder;;;;installer;False;;;;;;;;2024;measured failures, Weibull fit (ZHAW Hubbuch & Vecsei): air 20 yr SD 7, ground 26.7 yr SD 4.7;;;;True;;;True;True;;;Unknown;;;station normal year (record length does not enter);NOT_ASSESSABLE;;;;;;;True;True
751108;physical_baseline_v2;2026-09-17T07:56:10Z;INCOMPLETE_AUDIT;never computed - see phys_no_result_reason for this household's cause;"building data missing: no_footprint;no_storeys";record the missing building data - an auditor can do this;True;;;;;phys_rank_value_lo_kwh_yr;fleet;"ranked fleet-wide; per m2 the physics under-predicts newer construction eras by 24-53% (P9/P21), so this order tilts toward older houses - filter by phys_era or use phys_rank_in_era";;;False;;;;;;;;;;;builder;;;;installer;False;;;;;;;;2024;measured failures, Weibull fit (ZHAW Hubbuch & Vecsei): air 20 yr SD 7, ground 26.7 yr SD 4.7;;;;True;;;True;True;;;Unknown;;;station normal year (record length does not enter);NOT_ASSESSABLE;;;;;;;True;True
816571;physical_baseline_v2;2026-09-17T07:56:10Z;INCOMPLETE_AUDIT;never computed - see phys_no_result_reason for this household's cause;"building data missing: no_footprint;no_storeys";record the missing building data - an auditor can do this;True;;;;;phys_rank_value_lo_kwh_yr;fleet;"ranked fleet-wide; per m2 the physics under-predicts newer construction eras by 24-53% (P9/P21), so this order tilts toward older houses - filter by phys_era or use phys_rank_in_era";;;False;;;;;;;;;;;builder;;;;installer;False;;;;;;;;2024;measured failures, Weibull fit (ZHAW Hubbuch & Vecsei): air 20 yr SD 7, ground 26.7 yr SD 4.7;;;;True;;;True;True;;;Unknown;;;station normal year (record length does not enter);NOT_ASSESSABLE;;;;;;;True;True
310610;physical_baseline_v2;2026-09-17T07:56:10Z;EXCESS_CONFIRMED;confirmed excess over code, ranked below the action cut;;;;True;1976_1990;66.0;16.0;phys_rank_value_lo_kwh_yr;fleet;"ranked fleet-wide; per m2 the physics under-predicts newer construction eras by 24-53% (P9/P21), so this order tilts toward older houses - filter by phys_era or use phys_rank_in_era";1684.0;1327.0;False;1684.0;1327.0;2150.0;823.0;75.6;59.6;96.6;1461.0;1183.0;1948.0;builder;223.0;131.0;238.0;installer;False;1461.0;0.0;0.0;223.0;0.874;PLAN_REPLACEMENT;18.0;2024;measured failures, Weibull fit (ZHAW Hubbuch & Vecsei): air 20 yr SD 7, ground 26.7 yr SD 4.7;0.0;0.0;0.0;True;3911.0;2227.0;True;True;T1;True;no PV;954.0;3.723;station normal year (record length does not enter);NOT_ASSESSABLE;;;;;;;True;True
8773113;physical_baseline_v2;2026-09-17T07:56:10Z;EXCESS_CONFIRMED;confirmed excess over code, ranked below the action cut;;;;True;1976_1990;94.0;35.0;phys_rank_value_lo_kwh_yr;fleet;"ranked fleet-wide; per m2 the physics under-predicts newer construction eras by 24-53% (P9/P21), so this order tilts toward older houses - filter by phys_era or use phys_rank_in_era";1560.0;763.0;True;1560.0;763.0;2565.0;1802.0;80.7;39.4;132.6;1560.0;763.0;2565.0;builder;0.0;0.0;0.0;installer;False;1121.0;440.0;0.0;0.0;1.0;KEEP_IN_LIFE;5.0;2024;measured failures, Weibull fit (ZHAW Hubbuch & Vecsei): air 20 yr SD 7, ground 26.7 yr SD 4.7;22.0;44.0;66.0;True;3494.0;1934.0;True;True;T2;True;no PV;457.0;3.836;station normal year (record length does not enter);NOT_ASSESSABLE;;;;;;;True;True
897731;physical_baseline_v2;2026-09-17T07:56:10Z;HIGH_EXCESS;confirmed excess over code, in the worst 25% of the fleet by lower bound;;;;True;pre1975;22.0;8.0;phys_rank_value_lo_kwh_yr;fleet;"ranked fleet-wide; per m2 the physics under-predicts newer construction eras by 24-53% (P9/P21), so this order tilts toward older houses - filter by phys_era or use phys_rank_in_era";4922.0;2604.0;False;4922.0;2604.0;9479.0;6875.0;90.3;47.8;174.0;4922.0;2289.0;8847.0;builder;0.0;29.0;1279.0;installer;True;3607.0;1316.0;0.0;0.0;1.0;RECORD_INSTALL_YEAR;;2024;measured failures, Weibull fit (ZHAW Hubbuch & Vecsei): air 20 yr SD 7, ground 26.7 yr SD 4.7;0.0;0.0;0.0;True;10372.0;5449.0;True;True;T3;True;no PV;212.0;3.717;station normal year (record length does not enter);NOT_ASSESSABLE;;;;;;;True;True
9073879;physical_baseline_v2;2026-09-17T07:56:10Z;INCOMPLETE_AUDIT;never computed - see phys_no_result_reason for this household's cause;"building data missing (no_footprint;no_storeys) AND meter record too short";record the missing building data - an auditor can do this;True;;;;;phys_rank_value_lo_kwh_yr;fleet;"ranked fleet-wide; per m2 the physics under-predicts newer construction eras by 24-53% (P9/P21), so this order tilts toward older houses - filter by phys_era or use phys_rank_in_era";;;False;;;;;;;;;;;builder;;;;installer;False;;;;;;;;2024;measured failures, Weibull fit (ZHAW Hubbuch & Vecsei): air 20 yr SD 7, ground 26.7 yr SD 4.7;;;;True;;;True;True;;;Unknown;;;station normal year (record length does not enter);NOT_ASSESSABLE;;;;;;;True;True
461222;physical_baseline_v2;2026-09-17T07:56:10Z;INCOMPLETE_AUDIT;never computed - see phys_no_result_reason for this household's cause;"building data missing (no_footprint;no_storeys) AND meter record too short";record the missing building data - an auditor can do this;True;;;;;phys_rank_value_lo_kwh_yr;fleet;"ranked fleet-wide; per m2 the physics under-predicts newer construction eras by 24-53% (P9/P21), so this order tilts toward older houses - filter by phys_era or use phys_rank_in_era";;;False;;;;;;;;;;;builder;;;;installer;False;;;;;;;;2024;measured failures, Weibull fit (ZHAW Hubbuch & Vecsei): air 20 yr SD 7, ground 26.7 yr SD 4.7;;;;True;;;True;True;;;Unknown;;;station normal year (record length does not enter);NOT_ASSESSABLE;;;;;;;True;True
468665;physical_baseline_v2;2026-09-17T07:56:10Z;INCOMPLETE_AUDIT;never computed - see phys_no_result_reason for this household's cause;meter record too short or lacks season coverage;"none - needs a longer meter record; a visit does not help";True;;;;;phys_rank_value_lo_kwh_yr;fleet;"ranked fleet-wide; per m2 the physics under-predicts newer construction eras by 24-53% (P9/P21), so this order tilts toward older houses - filter by phys_era or use phys_rank_in_era";;;False;;;;;;;;;;;builder;;;;installer;False;;;;;;;;2024;measured failures, Weibull fit (ZHAW Hubbuch & Vecsei): air 20 yr SD 7, ground 26.7 yr SD 4.7;;;;True;;;True;True;;;Unknown;;;station normal year (record length does not enter);NOT_ASSESSABLE;;;;;;;True;True
1191021;physical_baseline_v2;2026-09-17T07:56:10Z;EXCESS_CONFIRMED;confirmed excess over code, ranked below the action cut;;;;True;pre1975;51.0;19.0;phys_rank_value_lo_kwh_yr;fleet;"ranked fleet-wide; per m2 the physics under-predicts newer construction eras by 24-53% (P9/P21), so this order tilts toward older houses - filter by phys_era or use phys_rank_in_era";4073.0;1751.0;False;4073.0;1751.0;7722.0;5971.0;87.5;37.6;165.9;3663.0;1386.0;7271.0;builder;411.0;257.0;451.0;installer;False;3223.0;440.0;0.0;411.0;0.908;PLAN_REPLACEMENT;15.0;2024;measured failures, Weibull fit (ZHAW Hubbuch & Vecsei): air 20 yr SD 7, ground 26.7 yr SD 4.7;0.0;0.0;0.0;True;8727.0;4654.0;True;True;T2;True;no PV;398.0;3.723;station normal year (record length does not enter);NOT_ASSESSABLE;;;;;;;True;True
9097838;physical_baseline_v2;2026-09-17T07:56:10Z;EXCESS_CONFIRMED;confirmed excess over code, ranked below the action cut;;;;True;1976_1990;70.0;19.0;phys_rank_value_lo_kwh_yr;fleet;"ranked fleet-wide; per m2 the physics under-predicts newer construction eras by 24-53% (P9/P21), so this order tilts toward older houses - filter by phys_era or use phys_rank_in_era";1358.0;1273.0;False;1358.0;1273.0;2462.0;1189.0;49.8;46.7;90.2;1358.0;1224.0;2137.0;builder;0.0;10.0;421.0;installer;True;1178.0;180.0;0.0;0.0;1.0;RECORD_INSTALL_YEAR;;2024;measured failures, Weibull fit (ZHAW Hubbuch & Vecsei): air 20 yr SD 7, ground 26.7 yr SD 4.7;0.0;0.0;0.0;True;4086.0;2728.0;True;True;T2;True;PV;944.0;3.717;station normal year (record length does not enter);NOT_ASSESSABLE;;;;;;;True;True
112691;physical_baseline_v2;2026-09-17T07:56:10Z;INCOMPLETE_AUDIT;never computed - see phys_no_result_reason for this household's cause;meter record too short or lacks season coverage;"none - needs a longer meter record; a visit does not help";True;;;;;phys_rank_value_lo_kwh_yr;fleet;"ranked fleet-wide; per m2 the physics under-predicts newer construction eras by 24-53% (P9/P21), so this order tilts toward older houses - filter by phys_era or use phys_rank_in_era";;;False;;;;;;;;;;;builder;;;;installer;False;;;;;;;;2024;measured failures, Weibull fit (ZHAW Hubbuch & Vecsei): air 20 yr SD 7, ground 26.7 yr SD 4.7;;;;True;;;True;True;;;Unknown;;;station normal year (record length does not enter);NOT_ASSESSABLE;;;;;;;True;True
699801;physical_baseline_v2;2026-09-17T07:56:10Z;EXCESS_CONFIRMED;confirmed excess over code, ranked below the action cut;;;;True;1976_1990;119.0;48.0;phys_rank_value_lo_kwh_yr;fleet;"ranked fleet-wide; per m2 the physics under-predicts newer construction eras by 24-53% (P9/P21), so this order tilts toward older houses - filter by phys_era or use phys_rank_in_era";1332.0;361.0;True;1332.0;361.0;2498.0;2136.0;44.3;12.0;83.1;1332.0;361.0;2498.0;builder;0.0;0.0;0.0;installer;False;1332.0;0.0;0.0;0.0;1.0;KEEP_IN_LIFE;7.0;2024;measured failures, Weibull fit (ZHAW Hubbuch & Vecsei): air 20 yr SD 7, ground 26.7 yr SD 4.7;6.0;12.0;18.0;True;4338.0;3006.0;True;True;T2;True;PV;247.0;3.723;station normal year (record length does not enter);NOT_ASSESSABLE;;;;;;;True;True
808410;physical_baseline_v2;2026-09-17T07:56:10Z;INCOMPLETE_AUDIT;never computed - see phys_no_result_reason for this household's cause;meter record too short or lacks season coverage;"none - needs a longer meter record; a visit does not help";True;;;;;phys_rank_value_lo_kwh_yr;fleet;"ranked fleet-wide; per m2 the physics under-predicts newer construction eras by 24-53% (P9/P21), so this order tilts toward older houses - filter by phys_era or use phys_rank_in_era";;;False;;;;;;;;;;;builder;;;;installer;False;;;;;;;;2024;measured failures, Weibull fit (ZHAW Hubbuch & Vecsei): air 20 yr SD 7, ground 26.7 yr SD 4.7;;;;True;;;True;True;;;Unknown;;;station normal year (record length does not enter);NOT_ASSESSABLE;;;;;;;True;True
111901;physical_baseline_v2;2026-09-17T07:56:10Z;INCOMPLETE_AUDIT;never computed - see phys_no_result_reason for this household's cause;"building data missing: no_footprint;no_storeys";record the missing building data - an auditor can do this;True;;;;;phys_rank_value_lo_kwh_yr;fleet;"ranked fleet-wide; per m2 the physics under-predicts newer construction eras by 24-53% (P9/P21), so this order tilts toward older houses - filter by phys_era or use phys_rank_in_era";;;False;;;;;;;;;;;builder;;;;installer;False;;;;;;;;2024;measured failures, Weibull fit (ZHAW Hubbuch & Vecsei): air 20 yr SD 7, ground 26.7 yr SD 4.7;;;;True;;;True;True;;;Unknown;;;station normal year (record length does not enter);NOT_ASSESSABLE;;;;;;;True;True
7146661;physical_baseline_v2;2026-09-17T07:56:10Z;INCOMPLETE_AUDIT;never computed - see phys_no_result_reason for this household's cause;"building data missing: no_footprint;no_storeys";record the missing building data - an auditor can do this;True;;;;;phys_rank_value_lo_kwh_yr;fleet;"ranked fleet-wide; per m2 the physics under-predicts newer construction eras by 24-53% (P9/P21), so this order tilts toward older houses - filter by phys_era or use phys_rank_in_era";;;False;;;;;;;;;;;builder;;;;installer;False;;;;;;;;2024;measured failures, Weibull fit (ZHAW Hubbuch & Vecsei): air 20 yr SD 7, ground 26.7 yr SD 4.7;;;;True;;;True;True;;;Unknown;;;station normal year (record length does not enter);NOT_ASSESSABLE;;;;;;;True;True
876790;physical_baseline_v2;2026-09-17T07:56:10Z;HIGH_EXCESS;confirmed excess over code, in the worst 25% of the fleet by lower bound;;;;True;2001_2010;37.0;10.0;phys_rank_value_lo_kwh_yr;fleet;"ranked fleet-wide; per m2 the physics under-predicts newer construction eras by 24-53% (P9/P21), so this order tilts toward older houses - filter by phys_era or use phys_rank_in_era";2574.0;2161.0;False;2574.0;2161.0;2996.0;835.0;91.0;76.4;105.8;2286.0;1957.0;2732.0;builder;288.0;169.0;306.0;installer;False;449.0;0.0;1837.0;288.0;0.863;PLAN_REPLACEMENT;19.0;2024;measured failures, Weibull fit (ZHAW Hubbuch & Vecsei): air 20 yr SD 7, ground 26.7 yr SD 4.7;0.0;0.0;0.0;True;5405.0;2830.0;True;True;T1;True;no PV;902.0;3.717;station normal year (record length does not enter);NOT_ASSESSABLE;;;;;;;True;True
1015877;physical_baseline_v2;2026-09-17T07:56:10Z;EXCESS_CONFIRMED;confirmed excess over code, ranked below the action cut;;;;True;pre1975;81.0;27.0;phys_rank_value_lo_kwh_yr;fleet;"ranked fleet-wide; per m2 the physics under-predicts newer construction eras by 24-53% (P9/P21), so this order tilts toward older houses - filter by phys_era or use phys_rank_in_era";2421.0;963.0;True;2563.0;1069.0;4273.0;3203.0;101.8;42.5;169.8;2421.0;963.0;4132.0;builder;142.0;87.0;150.0;installer;False;1914.0;507.0;0.0;142.0;0.943;KEEP_IN_LIFE;12.0;2024;measured failures, Weibull fit (ZHAW Hubbuch & Vecsei): air 20 yr SD 7, ground 26.7 yr SD 4.7;61.0;123.0;184.0;True;5080.0;2517.0;True;True;T2;True;PV;864.0;3.723;station normal year (record length does not enter);NOT_ASSESSABLE;;;;;;;True;True
8280779;physical_baseline_v2;2026-09-17T07:56:10Z;INCOMPLETE_AUDIT;never computed - see phys_no_result_reason for this household's cause;"building data missing: no_footprint;no_storeys";record the missing building data - an auditor can do this;True;;;;;phys_rank_value_lo_kwh_yr;fleet;"ranked fleet-wide; per m2 the physics under-predicts newer construction eras by 24-53% (P9/P21), so this order tilts toward older houses - filter by phys_era or use phys_rank_in_era";;;False;;;;;;;;;;;builder;;;;installer;False;;;;;;;;2024;measured failures, Weibull fit (ZHAW Hubbuch & Vecsei): air 20 yr SD 7, ground 26.7 yr SD 4.7;;;;True;;;True;True;;;Unknown;;;station normal year (record length does not enter);NOT_ASSESSABLE;;;;;;;True;True
970979;physical_baseline_v2;2026-09-17T07:56:10Z;INCOMPLETE_AUDIT;never computed - see phys_no_result_reason for this household's cause;"building data missing: no_footprint;no_storeys";record the missing building data - an auditor can do this;True;;;;;phys_rank_value_lo_kwh_yr;fleet;"ranked fleet-wide; per m2 the physics under-predicts newer construction eras by 24-53% (P9/P21), so this order tilts toward older houses - filter by phys_era or use phys_rank_in_era";;;False;;;;;;;;;;;builder;;;;installer;False;;;;;;;;2024;measured failures, Weibull fit (ZHAW Hubbuch & Vecsei): air 20 yr SD 7, ground 26.7 yr SD 4.7;;;;True;;;True;True;;;Unknown;;;station normal year (record length does not enter);NOT_ASSESSABLE;;;;;;;True;True
1141047;physical_baseline_v2;2026-09-17T07:56:10Z;EXCESS_CONFIRMED;confirmed excess over code, ranked below the action cut;;;;True;1991_2000;138.0;16.0;phys_rank_value_lo_kwh_yr;fleet;"ranked fleet-wide; per m2 the physics under-predicts newer construction eras by 24-53% (P9/P21), so this order tilts toward older houses - filter by phys_era or use phys_rank_in_era";387.0;231.0;True;407.0;245.0;620.0;375.0;16.9;10.2;25.7;387.0;231.0;601.0;builder;20.0;12.0;21.0;installer;False;387.0;0.0;0.0;20.0;0.989;KEEP_IN_LIFE;8.0;2024;measured failures, Weibull fit (ZHAW Hubbuch & Vecsei): air 20 yr SD 7, ground 26.7 yr SD 4.7;0.0;0.0;0.0;True;2816.0;2408.0;True;True;T1;True;PV;468.0;4.053;station normal year (record length does not enter);NOT_ASSESSABLE;;;;;;;True;True
